event_count,trial,seed,query_type,sample_position,query_key,row_count,row_sha256,full_indexes_connect_plus_first_query_ms,no_service_index_connect_plus_first_query_ms,no_correlation_index_connect_plus_first_query_ms,no_lookup_indexes_connect_plus_first_query_ms
10000,1,9238,service,0,svc-0177,48,49585a8fce9d63154c643642950e79b8cc988b770d067d1576f665ee4892643f,0.178,1.112875,0.191125,0.964666
10000,1,9238,service,1,svc-0153,48,daffe3880e119434ee95a250b03475a8bd2b47df4103ed3278e693eb8d8e6fdf,0.226625,0.942667,0.1595,0.965375
10000,1,9238,service,2,svc-0028,48,94002aff6cfccd854060ff74ce091d9af94709b7e76eed8358c1126befd5dd6d,0.147792,0.934041,0.209417,0.8355
10000,1,9238,service,3,svc-0040,48,4065221cdc36884f49c8b953e9a599ab074a37b6c093a7440a46b5c628db2818,0.184875,0.870375,0.173667,0.935792
10000,1,9238,service,4,svc-0051,48,5fc7c33f707ae5b446245cfea9c29fc5ca33072d88366c51e8ec5a601c2083dc,0.185208,0.962417,0.218375,0.973041
10000,1,9238,service,5,svc-0008,48,8a0f8731e15d17a855fc13d7c9de48916776850e46b2811faa72e2a241844ff6,0.204542,0.9195,0.1875,0.925417
10000,1,9238,service,6,svc-0032,48,c12a81ae2d22b563fa29495cd14e23311f8c21550ef4b2752093c105b559c851,0.190167,1.1085,0.314,0.919833
10000,1,9238,service,7,svc-0104,48,82eb95eaca37ba3e44453ce9876ba77b0cb7ac1d2bbc793165a8f61b780ec7d6,0.244125,0.935125,0.240583,0.969416
10000,1,9238,service,8,svc-0001,48,c7f38a648c9c118664bf747856a801f709133a5561165196e163827d2129de26,0.186,1.136792,0.338583,0.981667
10000,1,9238,service,9,svc-0029,54,84c4ac53f4d188212f71bf4ee59a68e676928c873d30f59f55491b69464f0366,0.161458,1.05,0.166583,0.911959
10000,1,9238,service,10,svc-0080,48,4e1c3ca1f981590b6df1bac05b75ed59a15bf2d15647046b6f448201c27d51ae,0.165417,0.919291,0.1695,0.873542
10000,1,9238,service,11,svc-0121,54,e7a76ba7b061526c613f707d14da5c26da7df9665cb6c87d46fd074987239e3e,0.176208,0.895,0.148333,0.875958
10000,1,9238,service,12,svc-0060,48,5122daf995c4181f6aa1598bfe38c7892df1a8b887788988d9c759cfd9da5745,0.247209,0.89475,0.151875,0.992708
10000,1,9238,service,13,svc-0032,48,c12a81ae2d22b563fa29495cd14e23311f8c21550ef4b2752093c105b559c851,0.156291,0.901292,0.184834,0.91775
10000,1,9238,service,14,svc-0199,54,58b669511f2af46834bf784541b606e898fd85edf3cf95b3a2ca04549c4e51e9,0.157334,0.879375,0.182834,0.905834
10000,1,9238,service,15,svc-0092,54,a9ff47a65d0994667e2b9bd8e730b86e30064b52441490db3992a9b58f30c5e9,0.142083,0.892292,0.154958,1.037833
10000,1,9238,service,16,svc-0040,48,4065221cdc36884f49c8b953e9a599ab074a37b6c093a7440a46b5c628db2818,0.174625,0.916584,0.172542,0.893417
10000,1,9238,service,17,svc-0082,54,d18c3406544f13f4d1443701b5d8448c1a10be7907faeed8efabd41a15b67375,0.161917,0.945583,0.152375,0.864417
10000,1,9238,service,18,svc-0139,48,55c0bc189d69554a0ca24f2aab972da046940cdcb2e263640ea1ce0e80326e69,0.176083,0.946625,0.182167,0.89375
10000,1,9238,service,19,svc-0097,54,2813445a687eee8a3921a2b1ee50b26abd6a63ff4396a896126c7a31a831ec8d,0.156083,0.898458,0.161625,0.941333
10000,1,9238,correlation,0,corr-9238-00001113,6,c181f45cc6358a4a87bba42b76f89b7cd61bf61c9133fcf1ee20981c763caec6,0.113792,0.106375,0.955583,0.910625
10000,1,9238,correlation,1,corr-9238-00000717,6,da8cc97e78bd06f9f50fc7efa2fa39326b1777270918f2e610baa08e84333558,0.119667,0.141208,0.967708,0.850583
10000,1,9238,correlation,2,corr-9238-00000144,6,9eff242b826604557959c75200f6556fc731505b6cba00c90faa21b625656f9f,0.223833,0.112375,0.893292,0.8885
10000,1,9238,correlation,3,corr-9238-00000263,6,386b80c3d3c08750bea24a7852ccc3c311dede44597db47121416d1a7c266594,0.10825,0.10725,0.8995,0.863333
10000,1,9238,correlation,4,corr-9238-00000539,6,f39d577c49d0e8d450985875e8f78e96ed4e9f993d83125eab1ccb2d94921210,0.109417,0.102041,0.913833,0.879375
10000,1,9238,correlation,5,corr-9238-00001297,6,503491a815773e7a3145debabc9e94338bdbde6e642c15c567a81d6b68290477,0.12675,0.104625,0.889041,0.883208
10000,1,9238,correlation,6,corr-9238-00001101,6,d4dbf007890fcb53668586925afe043d57271f12e601c8b4887af1d62001f4c4,0.107459,0.098542,0.925833,0.884541
10000,1,9238,correlation,7,corr-9238-00000748,6,fe9151ce085fdce4a853dc676f730c6bd354796be1a7d8f1daeebb967f83f418,0.1185,0.107375,0.890209,0.918083
10000,1,9238,correlation,8,corr-9238-00000323,6,d1b7dbcd96fac4860c6787aaba1c844f0c6a382727d5f01ec7514c653e8db4e5,0.137,0.102625,0.974208,0.991042
10000,1,9238,correlation,9,corr-9238-00000486,6,f78f6e66c915aa9f09c57be5cabd32506fcede25928812fbf8c6d8b50f6baff4,0.1085,0.103291,0.912583,0.902917
10000,1,9238,correlation,10,corr-9238-00001175,6,30ee414e79c9df0d791227f922b90f5d0f96ef0a8c2f271facc20e634708bae6,0.105458,0.099,0.865125,0.884209
10000,1,9238,correlation,11,corr-9238-00000481,6,ae558b3c5a515e52d54c9b6818d9877e084318d8e15988b84700ab09200ce40e,0.199959,0.106458,0.886834,0.972333
10000,1,9238,correlation,12,corr-9238-00000099,6,d0d0967895d215970794b5cc77e487cb06edd8c27de30eecf9ad82cae8e95c67,0.131042,0.108583,1.025084,0.953791
10000,1,9238,correlation,13,corr-9238-00001631,6,b8b248a53e3d461605b73151fb50ac2a5ca82e4d4c6ae2d9980a99b7fe0157be,0.101042,0.100833,0.906417,0.905
10000,1,9238,correlation,14,corr-9238-00000770,6,b28d1e815d31ce1972de5236ab8096e79b68cd41ab12c0d0430724b88cf66f13,0.105917,0.100958,0.850958,0.913708
10000,1,9238,correlation,15,corr-9238-00000165,6,e1e771001eb3ef78bc085f748b113614fdc813472cb643b4ef08aa8564520152,0.1165,0.11325,1.0065,0.93125
10000,1,9238,correlation,16,corr-9238-00001037,6,1cc87c4f74384a002d1c2c9b06b28a69047e00e86a0f8ac56e565ceb9f89ecdc,0.111125,0.103875,0.904833,0.862666
10000,1,9238,correlation,17,corr-9238-00000512,6,ee95ab61a02e98a645429e9204dc4e8fa470833a1ed93f4b2fbee212cfce6853,0.104375,0.097667,0.871459,0.849584
10000,1,9238,correlation,18,corr-9238-00001279,6,e00451eeb242fc72c9956c090eac63b309442242ea43548789a50deec145a5c1,0.115542,0.101542,0.889875,1.134542
10000,1,9238,correlation,19,corr-9238-00001599,6,017a135cd66370a47a2dda9b767cf2a4fafa6885ec4e7c4b0b7510fdfcded9f9,0.115958,0.122083,0.871041,0.894834
10000,2,9339,service,0,svc-0025,48,5aa5f1d8afb2bfb503505b0bf1579df462c929ab38b8ac60c88299135a95cb39,0.178791,0.96425,0.337792,0.968458
10000,2,9339,service,1,svc-0069,48,8cc741badc5f4c32eac884e4da2db227460476434579b74d0b5edb03111a620e,0.162625,0.883542,0.166666,0.884958
10000,2,9339,service,2,svc-0034,48,a9565a74363e4d73ce888fdb5fd3f45dcc44a56d191a91dfd34327523034694d,0.148917,0.904167,0.163208,1.019959
10000,2,9339,service,3,svc-0090,48,b5352a6d0f639b0bffdd7a2e3db535808d7834adc132a8cae54382344136fba4,0.197917,1.2055,0.31875,0.930708
10000,2,9339,service,4,svc-0105,54,1f8db42c20bb40d62fcb1b7bddfa5e82061edc666a90c0aa816706094ae67fa1,0.153583,0.868083,0.181542,0.844417
10000,2,9339,service,5,svc-0188,54,f39f68ef260296133a8fd990cf67882a12d2a54c512cb270c76e673608b8fed7,0.19575,0.895458,0.164417,0.89475
10000,2,9339,service,6,svc-0087,48,9e7fb50c7ab5ec2d3657291ee67a120307a2ec4867ec7965b4056d4071764709,0.159875,0.891167,0.163125,0.885541
10000,2,9339,service,7,svc-0033,54,1e59c626170ddb900dc4fec36d81e181dd38218594ed3d6d7c8dbcd466e0d975,0.288375,0.870958,0.155917,0.998625
10000,2,9339,service,8,svc-0124,48,0ab86b3cd38555fc4115d2177b65f1b165885ca3f1bc82372fdda832361529ab,0.153792,1.012291,0.179333,0.882625
10000,2,9339,service,9,svc-0058,48,309a13c7c9c8b2bdaa061f04844c55ed9c49a15cb89892e15782922108992a0d,0.194875,0.873375,0.158208,0.975167
10000,2,9339,service,10,svc-0029,48,4e8902c3591110bb4f50730b9f5b4e4d03a10b0b1aef0499c193ad7fae812ad6,0.15425,0.8615,0.147916,0.882667
10000,2,9339,service,11,svc-0151,48,bcc409846f22404fa31c41e84db007cd73ebfa50a9b2bebf056a8a98fafc881e,0.17925,0.936042,0.152375,0.943041
10000,2,9339,service,12,svc-0078,48,c6284b52b99055a5cd1d1e26bdf5a02cd1dc4137fa1cab3a11c30532023e801b,0.154833,0.933791,0.145416,0.894125
10000,2,9339,service,13,svc-0121,54,ad600f1c1ed50114500e3dce86d0b603e5f2434c0ed831692df1261c7b3068ba,0.164792,0.924667,0.158541,0.934834
10000,2,9339,service,14,svc-0172,48,9107fc3fa22ea09e74ce4d258d0981e315767ba6e3a33e3a0fd5e6b8d061d3d5,0.152042,0.89975,0.158334,1.005834
10000,2,9339,service,15,svc-0011,48,d9b726cedb9cf2e7fd01d3809b2e34cbbfafc0ddcb39cf000f971eafc39405a9,0.15975,0.97075,0.140291,0.941583
10000,2,9339,service,16,svc-0158,48,a57b76d52dfdc22285e7d402c3efd1cd80f185099122c7c1fd68fa174530c5a5,0.167875,0.944917,0.15275,0.909625
10000,2,9339,service,17,svc-0156,48,89e05c1836d17adc599610b8adbd6de1bca5c463a4dd949b3205f94239a4e218,0.170875,0.942417,0.358625,0.966875
10000,2,9339,service,18,svc-0092,48,48234999ef7f2b43fff9fd9aff5ba3f8b6fbf93ff3b7fbe2b57dc5ef1335ad92,0.249625,0.907334,0.1775,0.916
10000,2,9339,service,19,svc-0131,48,8b23c744733dbfbda97a910b5cfcb36522b23bfffdad32e03df20a79bf81fb9e,0.151917,0.894292,0.161625,0.902417
10000,2,9339,correlation,0,corr-9339-00000438,6,03f58093bdb08a2f3ced343f7447dbcab4a6f1ba4457871f9072c6b2e6e61ac0,0.12425,0.106,1.170667,0.891625
10000,2,9339,correlation,1,corr-9339-00001462,6,794bab77cddecc84e164c6bcbe28d0790ec16b97894c6c2cabde063341a350d1,0.192958,0.121834,0.961209,0.927084
10000,2,9339,correlation,2,corr-9339-00000654,6,2c9763887b21f7e6ee610f2d35d5ef10ba27cb45c6f55fba963cf0a958407396,0.125584,0.131917,0.882625,0.867167
10000,2,9339,correlation,3,corr-9339-00001086,6,8898cd796802879bae77b30ecc5295bbb949e486c8fdf7e37888452f5daddc4c,0.134458,0.119167,0.931125,0.934583
10000,2,9339,correlation,4,corr-9339-00001021,6,5051241c7d3502bcb7b6b7c8373aba216f9d41798482ebb171138da56d4f67e4,0.153208,0.117917,0.908625,0.965458
10000,2,9339,correlation,5,corr-9339-00000931,6,3ee49d20370f1ccdbfdf14c299419375d609dd35a932ef0be7e245459e323525,0.117125,0.110083,0.92625,0.910375
10000,2,9339,correlation,6,corr-9339-00001266,6,621a4f6babcf47a8c54e5fb31cb7454431c8c5ddc6287d2bfe471f0ff09ebb25,0.131458,0.118417,0.870958,0.922875
10000,2,9339,correlation,7,corr-9339-00000195,6,648459a1ea66210e395869e32c5a4a446570983d6a00c64e9dd2d02c5d9a3c5a,0.129625,0.108791,0.961459,0.992208
10000,2,9339,correlation,8,corr-9339-00000019,6,715a76dc61478f0a5b6228f24ec9dd4c4f76a9821d3e5b961fa2e866f26b93f9,0.108125,0.097666,0.90375,0.881792
10000,2,9339,correlation,9,corr-9339-00000721,6,896ee9a10b2dc85cc5a52c8f5e0dc504a51bfaa4de30b84450b0ffbc5c421dba,0.109125,0.100667,0.882125,0.924041
10000,2,9339,correlation,10,corr-9339-00001549,6,574c7b561fd38e060b6b22e848e5d830d7edec8e5e8eb94eef37d057b7c41d99,0.131792,0.129584,0.906959,0.973042
10000,2,9339,correlation,11,corr-9339-00000565,6,93ca04d7f7c40c602c9463b0d6a698e007b6458fe7a3b757cc831b6f38dc7519,0.108042,0.108542,0.911584,0.902875
10000,2,9339,correlation,12,corr-9339-00000969,6,6f29ca9967118c158b1d098fe91ddbb8157b362af4767d64e3c7338b3cc2cd90,0.112208,0.109625,0.908917,0.902083
10000,2,9339,correlation,13,corr-9339-00001417,6,e10be8f78ce5e2269749732ab371de2fb6564131646a3956b6af81680f476237,0.115125,0.099792,0.8695,0.925709
10000,2,9339,correlation,14,corr-9339-00001345,6,a75933e4191924e7102c1e4e1c700ef7c1dc791eb49a0a1ccf59eed9b790570f,0.115917,0.135167,1.010209,0.968
10000,2,9339,correlation,15,corr-9339-00000950,6,28858e55d7fedf76d6ea0ea6dd988c17be8e2f4746f63345d9dd97351172cb00,0.124458,0.115917,0.923,0.932833
10000,2,9339,correlation,16,corr-9339-00000983,6,c93e3bae7fc74042d86f95bf64b3eda66acd15dc1bc2aab92d6e4c24e34d3854,0.152083,0.11325,0.967875,0.96975
10000,2,9339,correlation,17,corr-9339-00000600,6,4f899190880ed6e0e73d935becdf36b972048b2943fc52e104900395f7a31a24,0.116875,0.095667,1.0865,0.999666
10000,2,9339,correlation,18,corr-9339-00001140,6,9b8fddf909130bf4e25c2462dfee58ef2c741887f734ed7d1ea6b493a8777d21,0.136875,0.134208,0.947291,0.949042
10000,2,9339,correlation,19,corr-9339-00000165,6,4116087900d93530a3aeb5638c42cb575a7a66d1d8cfacbaf8c2fc82236e497e,0.12675,0.119333,0.9425,0.924
10000,3,9440,service,0,svc-0010,48,54e71634d6e3aaa25f91548bfc277195da95a4cea2768979adc480a70527e774,0.307709,0.898625,0.1755,1.164541
10000,3,9440,service,1,svc-0187,54,5577d873d66e16e8022f56cffd5d04e9d89919f5ace8478b19cd22c9470fd52b,0.14875,0.836625,0.162292,0.928083
10000,3,9440,service,2,svc-0149,48,a0b3dc4593a2a9d385179f4dfac01e15badf8cf9aef4ed1b721e71470ab2dfb1,0.177583,0.953709,0.1915,0.88325
10000,3,9440,service,3,svc-0091,48,e8aff7df86aa0079c7c5389e1d83327f46a645863cb3f20aa1c16c5b16080a26,0.144,0.883125,0.150458,0.871584
10000,3,9440,service,4,svc-0019,48,a69ca45d61ffcd522179cfb69c47c1671e36dc72ca322f55321e3ac9c5c03cd9,0.144875,0.923667,0.154917,0.868042
10000,3,9440,service,5,svc-0183,54,c1c97bf732f19d497f8520b99b3c5a74d7e90e63537f601b940d4f746c0c61ed,0.159625,0.945833,0.175459,0.937208
10000,3,9440,service,6,svc-0007,54,8502e51d7f13e2f6d2ef98ee7c9feffd71780dd0ae8fb5849a5c8bc20ff9cf9a,0.1535,0.930792,0.152917,0.885958
10000,3,9440,service,7,svc-0171,48,584b8ff00733a5cde9a99d842d236c050119bc76d47e34576a1fa45fe2c78233,0.154917,0.905917,0.15775,0.875541
10000,3,9440,service,8,svc-0180,48,01008191c455cd45ced55b7c7eaf10cbccfc440d4d7c2fae5c0180f6ed35ad16,0.165625,0.921792,0.145875,0.938625
10000,3,9440,service,9,svc-0023,48,f781de15b6667ccf049e18ff8b8dc553b8b3695ffeaabf77e2648f9eb19d3d17,0.149375,0.893125,0.158,0.876916
10000,3,9440,service,10,svc-0114,54,f79f071d6b6dd27f436f4c36d6b214497db6011b03e50c933834adfe783e44e5,0.172167,0.871916,0.159125,0.876416
10000,3,9440,service,11,svc-0144,54,b10cae566015fc955c0f048690706ccfa05341a39250d0d98c0b93062a67037d,0.168083,0.924292,0.158,0.92875
10000,3,9440,service,12,svc-0171,48,584b8ff00733a5cde9a99d842d236c050119bc76d47e34576a1fa45fe2c78233,0.162666,0.881166,0.150417,0.903209
10000,3,9440,service,13,svc-0085,54,a8c50436844dcca7221831f0eb0ebd8981ac6c81d7d08956303e59645a780493,0.16125,0.86875,0.15825,0.880083
10000,3,9440,service,14,svc-0168,54,61db39bf50475dee7790673d303c0a830ff12bf0be421b62218479c81ba7fc0b,0.198458,0.941792,0.167584,1.031208
10000,3,9440,service,15,svc-0191,48,452a826b7b6aa3ebf5aeab16d519b142d3a6bd77dea36fbd57fea0de60db6a6b,0.141291,0.839708,0.158208,0.839041
10000,3,9440,service,16,svc-0174,48,18b040087a5c42bda68dfa090f43b21e0079992e2dfa3e92046eddcae796c381,0.151292,0.880166,0.150708,0.852625
10000,3,9440,service,17,svc-0132,48,b5438565c25cb28b6cf470a3120c7439b69515072e72028016365ab27882bf6d,0.142417,0.884083,0.139291,0.985792
10000,3,9440,service,18,svc-0111,48,bf78a0c7a1435d0e7dafbd9902c5f2b7f9a088e6babd1aa640b62bd0abf1a359,0.150834,0.927083,0.155959,0.889125
10000,3,9440,service,19,svc-0042,48,423e791022e950175ddc78680840564025b400871b438c739d61081630995957,0.146292,0.874917,0.141542,0.866417
10000,3,9440,correlation,0,corr-9440-00001665,6,2e03f356b3459233c4ba0ab0dc267ab89f0e2a2727476743bba8d850d626e8ff,0.107333,0.102666,0.928125,1.038458
10000,3,9440,correlation,1,corr-9440-00000078,6,c928f04ed45c7bdc49ace479dc11f57aeba64b2de7e656d22c2484562f9f59dd,0.108125,0.186541,0.914417,0.855167
10000,3,9440,correlation,2,corr-9440-00001594,6,3a9889ad45cb2b883c33a3ecc3a77098478661a98736caf93b1d6369cc9d27d8,0.107125,0.101625,0.841875,0.834834
10000,3,9440,correlation,3,corr-9440-00001454,6,2c29bdf694408ff78634c8651b07fb3068bde3399a2f26b521248ce79cfef1d3,0.102417,0.10275,0.867292,0.829667
10000,3,9440,correlation,4,corr-9440-00000745,6,91eab432f471364bcf797e366d53e2be986e12f0ffda22dc6bc5231f99601525,0.106,0.100167,0.944834,0.934709
10000,3,9440,correlation,5,corr-9440-00001363,6,75f4a46d2b6b8ce10de662ac748c6668aa11d3275fe68fdd16713f86ea3f6665,0.110584,0.141375,0.836125,0.812084
10000,3,9440,correlation,6,corr-9440-00000544,6,c46755e7a3acb7e75ac30829b84a2049b5e0d3d015f4160aa42dfaa7393891ae,0.105458,0.090917,0.835958,0.854417
10000,3,9440,correlation,7,corr-9440-00001065,6,08dea45e7e32bb3bc58fb7823abd15a6c6e9442e672fb60f046cbce2eea5c363,0.098833,0.100667,0.926917,0.853917
10000,3,9440,correlation,8,corr-9440-00001415,6,e8a4305e34be22988529587fb2a85b8b28c7fede426d76812b6d2c334fde2215,0.117125,0.097834,0.860209,0.854125
10000,3,9440,correlation,9,corr-9440-00001064,6,76d4c50ad22d3c4fa7a495a413bb04329ac303192a6ed16554eafa5c22725288,0.107291,0.101792,0.839292,0.85425
10000,3,9440,correlation,10,corr-9440-00001190,6,5f91eedd99c4bf81b7465d3403ef2782a9221e096e181206d4b04a7caf8261a7,0.108958,0.101542,0.846708,0.852791
10000,3,9440,correlation,11,corr-9440-00000514,6,0e177b1e085baf0877a9faeafb6e4c50392df10c15fc583683e746438b981612,0.128291,0.097792,0.8945,0.979041
10000,3,9440,correlation,12,corr-9440-00000380,6,de0413b827e8acbd567f84acbc34043148aaa270ccd3add7391b604743204320,0.108041,0.111375,0.85,0.879875
10000,3,9440,correlation,13,corr-9440-00001211,6,197e7876e2659f6cebf866ab8766cac983d0d380b7a35f9acfa4377ed69b5a28,0.100166,0.098958,0.856625,0.866
10000,3,9440,correlation,14,corr-9440-00000145,6,ed11ad7c581062bea90b0ce30cd37a84a04a0595cbce176c12ec49e69223dd81,0.117459,0.103041,0.862583,0.948667
10000,3,9440,correlation,15,corr-9440-00001450,6,401d65e721c2690817dd2f40aec6b01b06237847e9d4d3764a378f385c5d8e5a,0.102458,0.094042,0.883084,0.8545
10000,3,9440,correlation,16,corr-9440-00000574,6,e0f3849ceed50c834d005de740b68a28b63593d266dd6cd42f6cede9051988e3,0.111291,0.097584,0.859875,0.86975
10000,3,9440,correlation,17,corr-9440-00001234,6,9661f3e6af7aab9cc7d558597a00a906484ea9e9e78d2aab9e35c19a455e6c60,0.105125,0.103458,0.871708,0.869084
10000,3,9440,correlation,18,corr-9440-00001224,6,2ea1e280d31c40e47d6f244cdfa4cde19147a97a8405f7b9d29439cbb8e75190,0.099417,0.108209,0.954583,0.856375
10000,3,9440,correlation,19,corr-9440-00000776,6,10d663d23ac96906a163b40b72db240f89e060ad8b06a00beac770cf5e91c4a5,0.104875,0.105375,0.832833,0.793042
10000,4,9541,service,0,svc-0072,48,6b145a1b2e69aafa723dc40fb90b9e1bccc5a85f317998cfec6f819b8df0f8eb,0.314666,0.942083,0.168583,0.893375
10000,4,9541,service,1,svc-0160,48,93909e7bb5074c6c0ef073a76b6c7b4eef9a5b2fedcdbb4ca489f2aaeaaad145,0.151333,1.112666,0.231792,0.854625
10000,4,9541,service,2,svc-0138,48,f2a20eb97ce5a279cf206a50f7c5edc1ab99edbe50707391bf20a8a763ecb710,0.140667,0.856417,0.143792,0.833292
10000,4,9541,service,3,svc-0057,48,71b4606f677166f2963559b7de56da6d86384fcaa26edee47d402c2577697ab5,0.141042,0.867875,0.143375,0.819542
10000,4,9541,service,4,svc-0063,54,ef0b1da5fdc2057804675b2f2879050e76a9857923cb94c47d56554ff31ca86b,0.181125,0.970625,0.185916,0.915625
10000,4,9541,service,5,svc-0160,48,93909e7bb5074c6c0ef073a76b6c7b4eef9a5b2fedcdbb4ca489f2aaeaaad145,0.142584,0.864625,0.146,0.832084
10000,4,9541,service,6,svc-0148,48,d7402f5cd1228fcb7281dec73cfc2d073de07ce380350ee155965e0e912ef8f3,0.139875,0.831291,0.140875,0.81175
10000,4,9541,service,7,svc-0022,48,74d5a17c32ff913a77e8b778624a6f382f20b71088ec4b684d31130f6be16abc,0.158292,0.919542,0.153083,0.83525
10000,4,9541,service,8,svc-0123,54,04abc045ebad0a17a9164f01a9af15ae2cac0c0b2773b6fdbe3017a032b6beae,0.172875,0.835917,0.148917,0.877458
10000,4,9541,service,9,svc-0085,48,1ea0e71b237f449f9c667d2dc679c5f129f61a281e52e3f5dfad4a0a17bb5870,0.141375,0.831708,0.141625,0.829583
10000,4,9541,service,10,svc-0047,48,bfc444520fda7ddd156e5aeeb64ee9d5bc664964728a9b21606d9aa527b7a834,0.150292,0.988416,0.153542,0.86125
10000,4,9541,service,11,svc-0038,48,c0dc94bc768fb60161073ea8b2bc2e088b7541a7981a782c1b0d90b699e9af03,0.194041,0.83875,0.155375,0.934208
10000,4,9541,service,12,svc-0171,54,c14502aec0bc79317c2bddcdd255d4c0f964a4cf91993630a4b37678611d5f41,0.146958,0.839208,0.143125,0.857375
10000,4,9541,service,13,svc-0025,54,5a7610e30e431cb9701f61564c3e574b527f6fa46da8ec58f7cc3986a522a648,0.164917,0.835291,0.147458,0.897916
10000,4,9541,service,14,svc-0064,54,ad4cf535392e2a6703c224b5cff4049358ca3be192d8bcea66f5e4ad5632c98b,0.1475,0.878708,0.267667,0.872042
10000,4,9541,service,15,svc-0077,48,8f3f977acfb75474bd2e44f83d515a8775c74c3fffe541242b8da65e36e1944c,0.139583,0.834208,0.142375,0.846792
10000,4,9541,service,16,svc-0177,48,701968f6157cc62f5f2f42fc4b05401ddeac9ed37bc9d68c4759dafaf59f6e59,0.14025,0.82775,0.140792,0.840791
10000,4,9541,service,17,svc-0143,48,f19ad96168c3b9d2bfd3a18ed7206c96dd2dba747d0dd23bd51c7a94808224e7,0.163875,0.95225,0.18475,0.898167
10000,4,9541,service,18,svc-0104,48,c7dc788c4eaf6c334291f0c7a6ce13ed87ad2c05f9508195c1374e74dc987262,0.137958,0.859417,0.135292,0.851875
10000,4,9541,service,19,svc-0190,54,6fbb77e1f8cac390d4c5c4f58024e4ce9cd82b02953bd062fee00c1d2b4f450c,0.147834,0.858625,0.159167,0.828834
10000,4,9541,correlation,0,corr-9541-00000315,6,12d4b8bfd8adcbddf7ff7247d44d0f7555d6c14be78abeb1a2881c74faafe5ed,0.106166,0.098166,0.991875,0.916417
10000,4,9541,correlation,1,corr-9541-00000573,6,d17350cda936f4d2db7c80d0314e68ba5b6ee18352a6557efe4435762207b0bd,0.103084,0.098959,0.859208,0.840625
10000,4,9541,correlation,2,corr-9541-00001179,6,b07865533ebd2a31d0058803dad5d32a6ac5edd1bef023780b94dfbe852e1456,0.097917,0.096166,0.844417,0.814458
10000,4,9541,correlation,3,corr-9541-00000635,6,cd95e0757da38f31777eaf2ff58a747104cc3bb85954559c0385d565c827b77d,0.09725,0.096917,0.846583,0.886542
10000,4,9541,correlation,4,corr-9541-00001437,6,1f050db92df66bf707774c3db302664cb10a829336b4c01ff549afc525527dae,0.106084,0.110875,0.937333,0.899292
10000,4,9541,correlation,5,corr-9541-00001597,6,275a38594903d31d50f6eedc4ee2b9f598d25f81851d107cb809089fb2394ec7,0.101209,0.098875,0.83375,0.830417
10000,4,9541,correlation,6,corr-9541-00000576,6,659ed54f54b4968a89255e2c270f7f1c3e2564468d5cfa54918c9ecfb304527f,0.097917,0.093917,0.826334,0.821334
10000,4,9541,correlation,7,corr-9541-00001645,6,7f78ceb7a715d23c95a14fafb91462752d30a612e16279b38151b7bbe4ed9f98,0.103083,0.107875,1.043042,1.025375
10000,4,9541,correlation,8,corr-9541-00001607,6,f7146a2bc8d6dc8d2360cb2841a97116b8ccd730993ff9d25674041ba562daf6,0.114625,0.146334,0.851083,0.835666
10000,4,9541,correlation,9,corr-9541-00000096,6,529b2525b6cb31ae3bd2b3f96a5b170d43719d22fca040f107c20966a547f54b,0.107041,0.1085,0.832041,0.826584
10000,4,9541,correlation,10,corr-9541-00000749,6,560c73f78ab506923aedaa4a8adfc2f71c51d2d823adbd2e21839140e868e2a2,0.112542,0.094625,0.967417,0.837875
10000,4,9541,correlation,11,corr-9541-00000834,6,302676a8a1a8c64b4cd64e34c897eb9ba196f5cf58b83c1d937a1c311f1a4362,0.215833,0.138459,0.821834,0.844625
10000,4,9541,correlation,12,corr-9541-00000058,6,b046c7ab0be881fd9f49fd5c1ad2ef1e1877809333f2dd8810abbace32623f9c,0.105458,0.09925,0.81575,0.811583
10000,4,9541,correlation,13,corr-9541-00001211,6,c9e0959a185d49fff5cd789056edfac81f4ed41a8b79cfe8ae7f04c445c0875d,0.105083,0.101417,0.833,0.823334
10000,4,9541,correlation,14,corr-9541-00000248,6,340036af7d53c0a42deb78f271c79bec97067e7d4b1e6d295bfd2f199fa9b58a,0.114541,0.166542,0.891709,0.851
10000,4,9541,correlation,15,corr-9541-00001113,6,055d2ca4dd4571208ff6726027deb479f79743158ef95382f6ea82ceb360edd1,0.102875,0.088917,0.829541,0.858916
10000,4,9541,correlation,16,corr-9541-00000639,6,36265839f56b1d8ed5c372baa2e36f0ace90a9717442c8ebe3977df08ba3e0fc,0.103,0.100125,0.852625,0.836375
10000,4,9541,correlation,17,corr-9541-00000800,6,156f93987b5329a90ff10bb9f37670334fc785ce7623cb5cd336ac4d703fcbba,0.109709,0.105792,0.834667,0.865542
10000,4,9541,correlation,18,corr-9541-00001400,6,2750832103d4c7768a180a891c74fdcf01d948e7c79c6f95d5a41bc9279b5d4c,0.118333,0.096708,0.813625,0.967125
10000,4,9541,correlation,19,corr-9541-00001627,6,01f635ce65a25fc3aca69978a8e998cea33e80563bf1fe8a425352289eadfd1a,0.1015,0.0945,0.810208,0.823792
10000,5,9642,service,0,svc-0074,48,22750345ab1541c179fac9ebfed6c5008480f508cf7533971493356005ddc4d8,0.153917,1.325667,0.240375,0.897458
10000,5,9642,service,1,svc-0025,48,c5272d6bc6799a4f74ecf5bbfbf9f76ad3f9525724c549c61004624af38e7f5e,0.149542,0.842208,0.141916,0.801375
10000,5,9642,service,2,svc-0171,48,799a9f3581ac06d5967fa0ec965dcb120a740aeda32e7e1481e61beb2be22cdc,0.149917,0.867,0.158167,0.8425
10000,5,9642,service,3,svc-0183,48,3fa2185a47e0b8fb855d24113e9007eb1c19b97e9c25f9d21752a242d132f4c3,0.154833,0.892833,0.188333,0.931333
10000,5,9642,service,4,svc-0081,48,a8cdfba40f0c3d3ac6d265cbe63dfd5c73e52855fadbcee88afe04f199bbcdb7,0.144042,0.854416,0.142667,0.826
10000,5,9642,service,5,svc-0098,48,9883aaf6f5f1987a1d0ae0e60afbd4d9c4fc82d59e0264fc40720b12d8e0fb0d,0.144041,0.848459,0.137667,0.8365
10000,5,9642,service,6,svc-0120,48,5d88737d30c81a68b00b563b7f72765218eed874c9d1e408402047673545a039,0.15,0.9275,0.1605,0.855083
10000,5,9642,service,7,svc-0016,48,9b19b4d46693ccc3a742d17cd3d6a3986f4a3e8aca89045955d5198995e24687,0.140333,0.83425,0.141334,0.853708
10000,5,9642,service,8,svc-0075,48,014abecfde787e9d621eaa2d8044d455504d4b14fa17bdb87ea102a4062b18bd,0.142125,0.846333,0.140333,0.835875
10000,5,9642,service,9,svc-0088,48,c13c83b67b09af071fde4ad0c15504f571a39e0a8a1cdaeb09c9fd4c55ac1f91,0.148125,0.918125,0.140208,0.834
10000,5,9642,service,10,svc-0040,48,79b307e0f4bc3f96455d7f86866a75c6e20ffee21b7705d475eeaf65d6444e76,0.185,0.833125,0.152625,1.033958
10000,5,9642,service,11,svc-0060,48,b3df0a40e699013f62ea318bc28ade5fd1832eda9b5569ab52115e557af4131a,0.163667,0.839458,0.165041,0.828833
10000,5,9642,service,12,svc-0086,54,8382369f293320e5957b971d3b13dfab20df2cc4088117f02b648f6ef1ce0ef8,0.16175,0.871167,0.163208,0.859875
10000,5,9642,service,13,svc-0146,54,7b5eda314775fe8f257e46867a3262fb60d84ead829c57e6f6c1bff821d5ea5d,0.207458,0.826792,0.143958,1.003709
10000,5,9642,service,14,svc-0119,48,a1de8f783cb78b53e4291f46dd6a08979a9759753f895029d802f776e53e3b63,0.162042,0.857167,0.166167,0.842209
10000,5,9642,service,15,svc-0117,48,a4cd5c74fff43d66ecf47a3d42d54d0e68bc03182d50f62e82fce941948cf463,0.162375,0.867292,0.143209,0.896083
10000,5,9642,service,16,svc-0196,48,70a6024f53b156e2cba42c623cc0819477d648954ab94aef3e22f1ebe8dc9e35,0.157,0.916042,0.2465,0.845833
10000,5,9642,service,17,svc-0000,48,e58df84758551130fbb41dabfdb13110e2e1188d96453c14569e4caff65cf8a4,0.137083,0.851958,0.138625,0.781
10000,5,9642,service,18,svc-0191,48,e86c81175ad626f0ef4c3fb6b898354995ab812685ce5b39c7ee804a825b9985,0.162084,0.869125,0.163583,0.8555
10000,5,9642,service,19,svc-0128,48,42a028dc424ad9a9d036b70b99038f52591b099a973f8f8e1162522fa8973d7a,0.135125,0.846209,0.171,0.945541
10000,5,9642,correlation,0,corr-9642-00000446,6,656e19cf05043aed42157c236179fa015379c2a7229b0bdb2b4968eb7a22750a,0.104375,0.111291,0.916292,0.848
10000,5,9642,correlation,1,corr-9642-00000937,6,85d8ea13b859dc44d8a87689e0ecb6ca4d02985a0c570ff5c5f0492d13e50e5f,0.132375,0.110583,0.87575,0.88975
10000,5,9642,correlation,2,corr-9642-00001269,6,933f871aa51279018d98c8cb1f30f2d28d07f08e8d2ca49ced9bd68c337c9e84,0.115125,0.098334,0.947917,1.050459
10000,5,9642,correlation,3,corr-9642-00000808,6,1848ec10bf29e4b31f48d918279a377fe1de801a646cd004df6ceaa2bf79a0fe,0.104,0.114958,0.841958,0.837792
10000,5,9642,correlation,4,corr-9642-00001281,6,d5ea3016a1d1d1f021f69af53b7e21f7daa06da4ba8f4a0e023f1c83e48ee7b0,0.10975,0.109834,0.854333,0.890916
10000,5,9642,correlation,5,corr-9642-00000809,6,4d865cab010bcbbea2e1548be077ed8ebbca0d010323b480afb7f074caaaf78c,0.113459,0.096625,0.906708,0.917375
10000,5,9642,correlation,6,corr-9642-00000261,6,b87c8b28dc5e06bacf4458159fcd9a781e49b00c1ec80f850b2dea18a577bb69,0.099542,0.089917,0.929458,0.823667
10000,5,9642,correlation,7,corr-9642-00000076,6,ace866be620ddaa7178b1ca6eca2700452a3d7e255ee6e484d9446ef2c26758d,0.098875,0.104417,0.781625,0.835208
10000,5,9642,correlation,8,corr-9642-00000875,6,58d6f950a7acf08ea3394e10f0b73f01ca8f10694882bcd6767c7e56bf003a26,0.12075,0.091292,0.862583,0.885792
10000,5,9642,correlation,9,corr-9642-00000149,6,8ce116187053ee512c98c73208dbf424003e059567dd33864b15e0567f77855a,0.094959,0.109583,0.88875,0.81675
10000,5,9642,correlation,10,corr-9642-00001502,6,06ec3631dffc556b1b3f38929bdebfae4a2dd08568b083d74bab9d2484302d65,0.159667,0.11275,0.843375,0.849041
10000,5,9642,correlation,11,corr-9642-00001336,6,fd8ed7cf7c4200d68470eb8fc9ee52752307b81bec4872bd03fd2045d631339a,0.121,0.101958,0.862709,0.887292
10000,5,9642,correlation,12,corr-9642-00000578,6,fa7280653521b347230235322378dba512c0613eafd8b637a24c3b44b8983baf,0.106792,0.097333,0.864166,0.848083
10000,5,9642,correlation,13,corr-9642-00000926,6,94488d5fdf57d1d24200a44113409fa186189183cc8fb2b6b82344eb50b0e1be,0.1065,0.108334,0.879458,0.848125
10000,5,9642,correlation,14,corr-9642-00001510,6,1a812a934645121af2319239859ab517fe81ee74bced823132fd4901a8f36d2d,0.095167,0.095459,0.838584,0.876334
10000,5,9642,correlation,15,corr-9642-00000109,6,ca1265c39543028575b4921ec03556b67b6b56e9c746a11a607df51fee986234,0.115083,0.102792,0.854042,0.914375
10000,5,9642,correlation,16,corr-9642-00001633,6,715fc0988680ff5a7ed2807a2e5cc0076455a346be0bf7cf75d958969647900e,0.10975,0.105834,0.856791,0.879958
10000,5,9642,correlation,17,corr-9642-00001568,6,79f1fb97c5f91e85e982c11727715e312901de3a52ef1f1f314df51cfaacc4ff,0.101417,0.088084,0.776,0.926875
10000,5,9642,correlation,18,corr-9642-00001618,6,9b47dd33d96548eec2d4481075e4969f331a28cab672d9ab31d57e3d1e7bbf9d,0.089208,0.085792,0.831083,0.85625
10000,5,9642,correlation,19,corr-9642-00000955,6,eb8d9f694ecdd29aa30cffc645090dd648ea1b7094a5ca8ad4618be247969c9e,0.104334,0.11825,0.879083,0.862417
10000,6,9743,service,0,svc-0063,48,c7179697c0260af29fdaeefae4d790debcb7c76527a7b6f0a707e9f103ee822a,0.171959,0.935375,0.328708,0.956584
10000,6,9743,service,1,svc-0123,48,d41c5c1992252cedbac48b7f4010a12fd362d024f2a087d1e086f6599c076e8b,0.159958,0.935292,0.172583,0.900583
10000,6,9743,service,2,svc-0058,48,87104774a782b1e7074505f677501c9132038b2a6e77c8bd88ed10ab243cc76d,0.147917,0.869125,0.148625,0.861375
10000,6,9743,service,3,svc-0128,48,0ec478f37ff1dfe3406c04d353d73c64210b83c60036d13e8656b0849e294707,0.142209,0.840209,0.1395,0.842333
10000,6,9743,service,4,svc-0005,48,aa399d4f1e9eee3068ef7c6a8c0134e750138af65528ef083c105a5c21c446ba,0.154916,0.9625,0.141833,0.850375
10000,6,9743,service,5,svc-0015,48,32e2ec7573548ba1fae1e5dace929123dec32a0446010993d4c163997296e1b6,0.19225,0.826833,0.193375,0.939708
10000,6,9743,service,6,svc-0139,54,cf5d9e5c210de9d10e96efb1cb51cf706b561834f0555ce87c679b69c0b7fedb,0.182084,0.885625,0.164959,0.908458
10000,6,9743,service,7,svc-0021,48,7eb2edbd7648d8a8081df09fc532b03bb2f8385859bc8e88c5b9972e3dc2375d,0.174125,0.897416,0.190917,0.923292
10000,6,9743,service,8,svc-0128,48,0ec478f37ff1dfe3406c04d353d73c64210b83c60036d13e8656b0849e294707,0.151625,0.898333,0.145458,0.864166
10000,6,9743,service,9,svc-0118,48,25fdc9e4af16c520a5024ea8565ddf21e62ee0cb6f3ac96cb0cb1a224264e084,0.225042,0.831875,0.146209,0.871375
10000,6,9743,service,10,svc-0023,48,523b65c0d9e481468f4e55ea02aa7cb1f8006a6e0a82a1fcbd1832f3621e3b88,0.14325,0.76625,0.138,0.803084
10000,6,9743,service,11,svc-0165,48,fc860809f996454e75ea7e76c019e30bcacbfd914dad0d9dc487de228f707939,0.15675,0.90775,0.214167,0.823584
10000,6,9743,service,12,svc-0125,54,9580b9938f1ff8c315f1d794a507fb6b930e67e7dff00c4fdec63eac908ff599,0.136959,0.836833,0.142458,0.813458
10000,6,9743,service,13,svc-0030,48,b1522cc1d1f19ac5f22d3eb8fcad2a3db1ead369c2ec8436bcf40436d9ffbcb2,0.140084,0.821167,0.143916,0.827292
10000,6,9743,service,14,svc-0009,48,f34696ce1cde39a7ec763bf1c3e941076bdcd19dd6dfe2fe6b670e22f0d6eb47,0.150917,0.85475,0.163666,0.914208
10000,6,9743,service,15,svc-0102,48,6173a11baf03c1394d6e9ac36512983950beb86308b776884726813e57398151,0.143084,0.893333,0.164542,0.827042
10000,6,9743,service,16,svc-0070,54,6760018b47f5451693ec155f4fc7933c5839481a6ccdefff5d7cad83f8945e8c,0.149875,0.874125,0.13975,0.833541
10000,6,9743,service,17,svc-0104,54,e66fb2bede7793292f2837eb27ea050ca014d58f055c1ad697ad2ccd4d554e86,0.14375,0.918083,0.18175,0.876542
10000,6,9743,service,18,svc-0183,54,d0aee9f9d0429fb632bd448545f5be25b029b2f88cc287b4aba4c350d0c97b0b,0.160333,0.785042,0.136334,0.776292
10000,6,9743,service,19,svc-0055,48,9cd7c8b238d617c6537f7640b2be17dfbca15346a7be12e40d5106c284d2d4cd,0.134542,0.821167,0.132291,0.818291
10000,6,9743,correlation,0,corr-9743-00000389,6,644ab9b086cbd40ec770beb57f7bb7b22388c971b4c1d014497ca00b8d36050f,0.093125,0.098833,0.913833,0.821791
10000,6,9743,correlation,1,corr-9743-00001341,6,73da77e0d2144a33df4c3da172ad5990672da1ee15976e7f786fe70a9aaf2ea1,0.104625,0.097167,0.902125,0.861125
10000,6,9743,correlation,2,corr-9743-00000881,6,6cde7327acd305bbcdc3d2d0b074487c6a6522fa40257e300b246e610a43b947,0.098042,0.103458,0.83025,0.829708
10000,6,9743,correlation,3,corr-9743-00000956,6,7e6aac817c9610d8b0e4023943c5869f36ea6a9b995ce2d5860fa758d9856e46,0.097875,0.096125,0.816459,0.83725
10000,6,9743,correlation,4,corr-9743-00000806,6,106a041ab20ef73e49b2799702eb8b1b5f01048c80261d29c65ac48ca4254a28,0.115125,0.095333,1.046,0.840708
10000,6,9743,correlation,5,corr-9743-00000242,6,d828ca824e9da2d74a3d39d3df8a049d32876181251d90e7b4f329ddd99fb519,0.170959,0.121667,0.808292,0.803041
10000,6,9743,correlation,6,corr-9743-00000476,6,e0a724cfd3723f0e27a9a7ec00ee21a9ec8581ec54decffb9b2033ae8e6dbd6c,0.101875,0.105125,0.803209,0.785167
10000,6,9743,correlation,7,corr-9743-00001452,6,328075d46c23ea0e36ddbeef67c03d130e7a34fdf2a71fef5d68fa18dbda85c2,0.100666,0.088959,0.808541,0.845875
10000,6,9743,correlation,8,corr-9743-00000410,6,35a302fcb59622a90a7bad6fbe0752330f50403c3e989671df36b287c7f4ed95,0.107,0.105875,0.861917,0.821542
10000,6,9743,correlation,9,corr-9743-00001366,6,a970d40f3aca8d953679fa4e6da30bc8297040719956c0c2903365cd95fd5017,0.093917,0.094417,0.830125,0.815292
10000,6,9743,correlation,10,corr-9743-00000852,6,e6ef91eee604abe16c45ef26d7f17f33d23155020550b9119aaa37589d8fcd64,0.142625,0.098667,0.876084,0.854333
10000,6,9743,correlation,11,corr-9743-00001284,6,72d98943a442c1c6b18a1df83b146df81dc580261c4834551f36435672dd9d81,0.134084,0.117625,0.820542,0.864416
10000,6,9743,correlation,12,corr-9743-00001466,6,f4e18ad6a373a649be6587519eb92d0a35d3d6b0d14ea79611f91a7de3c0a68e,0.111708,0.092667,0.804583,0.881708
10000,6,9743,correlation,13,corr-9743-00000036,6,4fc9d312ee1e919c2323d673ca7166d465902cfbb1ea02ff8e19a1cef02bd48f,0.0965,0.089167,0.797333,0.826291
10000,6,9743,correlation,14,corr-9743-00000086,6,fd2e22c81a21f2a7f71ae3757e907e68c6ecbb35588a162aec5d4a698d6d02aa,0.100125,0.093041,0.830833,0.816166
10000,6,9743,correlation,15,corr-9743-00001629,6,67f616f9a47a3e2c229e041634afb65e104dfd024fde50cccf60219af6ec58e6,0.120042,0.101917,0.896333,0.912709
10000,6,9743,correlation,16,corr-9743-00001138,6,b2cd9f78db0e0adfa39879dc9fb12b52a488c2129c661bec76cf14b530ab82a7,0.094291,0.089583,0.803292,0.765042
10000,6,9743,correlation,17,corr-9743-00000355,6,c23a18219df987eb4dc106f10faae2a6e90fce91d7d75886ba9cf42dcd62121b,0.099584,0.095542,0.781625,0.811
10000,6,9743,correlation,18,corr-9743-00001243,6,f6d5200e73bb9f82e0eee3d6e0ea40e913a4a5ba27a388041ac4f9e87aed7de1,0.105458,0.090541,0.822083,0.8125
10000,6,9743,correlation,19,corr-9743-00000053,6,af54e35173fc8f2005689e708968bc131276b73957e837959a12cfd30cae1535,0.129,0.105833,0.850167,0.910958
10000,7,9844,service,0,svc-0039,48,d1844848a18dbf8ff65c93b0e435f4b40738d6a237bd5af7d43a34fe382d8e2a,0.212666,0.968125,0.1725,1.195417
10000,7,9844,service,1,svc-0167,54,4548f013e8fc9029ec89eed27e051155c666fc74f320493c5b2f67a66a8d2e7f,0.157541,0.894416,0.155292,0.903792
10000,7,9844,service,2,svc-0101,48,b4fa04902734cf6a23158c8737e90de8dee8254aba623f6dd938fdd739fae4d5,0.148917,0.870458,0.148625,0.874084
10000,7,9844,service,3,svc-0144,48,8500ce105c60b06f1d02bc64d052357b6e61e3c8ad0e6bf6cd7bb4bcf219e7e5,0.231292,0.88,0.145792,0.999541
10000,7,9844,service,4,svc-0071,48,ce6a2f6b37c4f9779f6f49463b1558ef4fc1923fc49254fb4f1641a467659fd7,0.142541,0.87525,0.175708,0.841834
10000,7,9844,service,5,svc-0176,54,6120598fe3b1f1e523011c46394754af04f55986c57c2cdb381837e9175e36ab,0.173959,0.838666,0.169292,0.849458
10000,7,9844,service,6,svc-0075,48,174b915d8ea2c8ad4cce138c54e36a964d9d707d30184ef0f421a8c6f09011a9,0.219916,0.906083,0.297292,1.0105
10000,7,9844,service,7,svc-0150,48,f2a745463a4b838a3354f7d3a4aff0850dea0a463578763b8bf163df2c243a53,0.193334,0.936041,0.176417,0.842625
10000,7,9844,service,8,svc-0087,48,d137f2b0c48c4f15d45aa694a3967796debd05f4679eb8241f5085550bb41ff6,0.156625,0.853125,0.151583,0.901917
10000,7,9844,service,9,svc-0145,48,bbc65bd61ce4c20dbc035dfb4bf420fd97ed658eda361addc835397e5a82d9de,0.142917,0.863166,0.231959,0.881833
10000,7,9844,service,10,svc-0138,54,7f8f870c93b0482324ab52b0d9b80574016754fccc2c5dee3216078c59708fbd,0.146666,0.876625,0.149584,0.846625
10000,7,9844,service,11,svc-0168,48,0f93c4ae6a30da86be7beb1025db2028e2464d32f35f3dddbb5d66a2d5cd6aea,0.140959,0.825625,0.142417,0.824167
10000,7,9844,service,12,svc-0086,48,4f8b336b1abb6d0f04eb717579607f3050d4635a92a8bbc3f9191bd662008aa8,0.153,0.9585,0.188917,0.845708
10000,7,9844,service,13,svc-0161,48,319b724f6eea2d6798e858685ac9f95bc348891d80c6397fe0e245f52b3e55b9,0.15075,0.861334,0.157041,0.855125
10000,7,9844,service,14,svc-0193,48,b14f098f32575a02a9dbe16bd54aa2e610248b7f0bcda730239aa9c00efe072e,0.153708,0.827666,0.149041,0.827458
10000,7,9844,service,15,svc-0109,54,653ec9088ddba044508bca1242d14ce2c502019e5b915115d08c2f363d58bf7e,0.151292,0.877542,0.147583,0.830625
10000,7,9844,service,16,svc-0099,54,cf0234182f3b31788d1f9289c7296281c531fc1eda9e9e329d14d2235eedf777,0.19475,0.830541,0.153125,0.967583
10000,7,9844,service,17,svc-0000,48,133813276e2a5806925136b3b7ac8f7821efab92125f9732c883adb2fff387aa,0.140375,0.794,0.1295,0.809791
10000,7,9844,service,18,svc-0042,48,f9434027f57bc4aa3e3dc87eda4978a5a9d5433230d14f9340f35c8ddcff1d16,0.145125,0.824709,0.136541,0.814792
10000,7,9844,service,19,svc-0129,48,9b79bb5ac21f51e9e82445bb2c1459f9f361023f8ce4cfc12225f6cf2ab9c0c6,0.18,0.802,0.147667,0.957625
10000,7,9844,correlation,0,corr-9844-00000957,6,b448dae66191fd65a6e5d4fd328ad3e50895a283e228a2b1fb8292ad9b194707,0.098958,0.088541,0.842417,0.813916
10000,7,9844,correlation,1,corr-9844-00000310,6,893d5728f4783c85ed26f8c04ade5f33e19603f901e368ccf0d54063e9b9fc6e,0.101584,0.101792,0.789,0.796875
10000,7,9844,correlation,2,corr-9844-00000637,6,ccf574907c320280593c6b1ca8fd841a218f0e325c87bb777db31a2c88c92fa6,0.287083,0.215958,0.791875,0.856625
10000,7,9844,correlation,3,corr-9844-00000635,6,e601f4969370f2df88e7ee82377a362f42e5f3d8749b63aa5548b59afbded74b,0.107041,0.102083,0.859541,0.885666
10000,7,9844,correlation,4,corr-9844-00000566,6,3adcd9402297938502f3683eb4f0beec2e922414a4cdfb593e5eb988c8fe8f5e,0.108875,0.09325,0.785917,0.833709
10000,7,9844,correlation,5,corr-9844-00001630,6,fad868b72cd0fddee0b7e8d61391b3deea9b90fc31ef8ad3e08732bb1cf892b9,0.1095,0.096458,0.828625,0.835708
10000,7,9844,correlation,6,corr-9844-00001016,6,581712bd386d27e0f46099dba9d9c0a50d1c043fc3850d8c54f14291528bda2f,0.107208,0.103208,1.05525,0.9135
10000,7,9844,correlation,7,corr-9844-00000883,6,1aafb8350141ce31e4cfc266eb82da870de084a8dfeb23c235f1a39726bb3caa,0.104458,0.092292,0.856375,0.846917
10000,7,9844,correlation,8,corr-9844-00001135,6,63ce7483fccdb853b5f60e1124dd37773b3afc53bcb54ab65d3f7d6488451f4d,0.097667,0.103083,0.833041,0.862042
10000,7,9844,correlation,9,corr-9844-00001066,6,8db67bf5f21bbaec9cbfb9efd7276dac9a6e4c3e2246cb265185f1a2d37fa30b,0.119333,0.101,0.840708,0.881625
10000,7,9844,correlation,10,corr-9844-00001549,6,adbbe61926fbb7226656e9b155bcf0b9c1d9f7e2bbc34b07ba68c0792a89f1ab,0.107042,0.099792,0.904708,0.883333
10000,7,9844,correlation,11,corr-9844-00001013,6,d9f4bd48de69bb912221c46b0a9e4bf865dd911ee0b1e81946d46b6d18228a56,0.099292,0.095917,0.853166,0.847042
10000,7,9844,correlation,12,corr-9844-00000113,6,4a9eb1f467df1eebe9515e0f5595698571b3973c60c5cfdad1ba5b4f9af1cb84,0.099791,0.096792,0.833083,0.858625
10000,7,9844,correlation,13,corr-9844-00000861,6,34e3993e5aa52a5fd78ffd065f03db114004ade96700ad9af86951b81b165ba4,0.108916,0.109958,0.971,0.957834
10000,7,9844,correlation,14,corr-9844-00000947,6,8ae94fa6e9211588e3067a2c98972591d7fa1b2038614df0c8b992e6eaea3fa5,0.096417,0.089708,0.784958,0.796708
10000,7,9844,correlation,15,corr-9844-00000061,6,6a06f125991d0c78147b6a6e524ec74ce9e4005b4a719e8089bf8b5e260cd970,0.0945,0.087958,0.819875,0.808708
10000,7,9844,correlation,16,corr-9844-00001385,6,3fa64c0ac9e82ff3c1ec180765dc6e314ab309bbcbc16514a554ab5af5ea185f,0.091458,0.095458,0.82675,0.84975
10000,7,9844,correlation,17,corr-9844-00001408,6,0f702ca525efd425987e9690decd14e90b9b8588f3a8fd09616bce786a5e4b5d,0.094708,0.131375,0.884291,0.812167
10000,7,9844,correlation,18,corr-9844-00000695,6,604c7a3b05a2b42659fb4400edec411463aa53adaa60b6ecf85c2d7d51394cb3,0.108125,0.090959,0.786625,0.832917
10000,7,9844,correlation,19,corr-9844-00000361,6,a17ee9dbcd7782a0adde9d36f115966e7cc4f2cdc85bd6cde098a8ef43f72df0,0.09625,0.0875,0.809,0.79825
10000,8,9945,service,0,svc-0186,48,779af2e356267c3290f32799a6e8363bff773098cfa6bba1fbd6b0f53a365b34,0.34575,0.959583,0.179334,0.930542
10000,8,9945,service,1,svc-0116,54,5d7a33b7836da4c0aef44552b04212b6a206a9e1b49358f918bd7850e8612af7,0.157167,0.848416,0.157667,0.854459
10000,8,9945,service,2,svc-0188,48,2ce1159a1c1577193c153b4b7a1cbb0b8e48e72246be57f70aab94e469d4cacc,0.1555,0.922792,0.144833,0.839
10000,8,9945,service,3,svc-0080,48,d24b5cd13b70f36884455a0288413b15febc010654c1a530196967d40d50b107,0.172166,0.803208,0.1405,0.87175
10000,8,9945,service,4,svc-0142,48,328daa61ff6e5e2b2e36c6d0a15f92b88d67a694495a58187287435f656c41db,0.157083,0.792666,0.149917,0.841083
10000,8,9945,service,5,svc-0093,48,82473e4b495a50324002bb2616c42d70fa017c0d0ed8f69176d5c730317ecc08,0.165791,0.84675,0.148333,0.873833
10000,8,9945,service,6,svc-0156,54,b16c8b967d1a55a0310c4e7028f633494383d9666874d85f712960214929f7a0,0.1425,0.853375,0.156375,0.86175
10000,8,9945,service,7,svc-0067,54,454513d469a0753634af43419169b925089362b6d09fc2ab31863e7b3be1f272,0.216583,0.82325,0.156583,0.896542
10000,8,9945,service,8,svc-0013,48,454913411e52c83890ece152d76a679cdd392218835da31bed17618863050d88,0.141208,0.781208,0.130833,0.819
10000,8,9945,service,9,svc-0070,48,a37987c7f2d70df54b4b7438f2b295af7a40c5f46569cbb0af1e7fe21caabedd,0.154625,0.959833,0.225208,0.834833
10000,8,9945,service,10,svc-0168,48,30ae8631dd577ab0c0438518387351420b2ee87efe57daf0823df5b460c7179a,0.139917,0.838375,0.139958,0.8755
10000,8,9945,service,11,svc-0051,48,7a77dd7047d3abc766b5ea14b79953630493a9d47d1248db061dc421cdd42ab8,0.150834,0.838,0.149875,0.846416
10000,8,9945,service,12,svc-0181,48,4cb7e39ed793568622df56d8e754a5d2e262bd445663fb815adb3b339e3430a6,0.1745,0.875583,0.242167,0.863542
10000,8,9945,service,13,svc-0063,54,093c5ba1eaa82accccb6ccd71c58e356b46c36a3878e1f453e7563ec677ef6c3,0.153208,0.796167,0.159209,0.804417
10000,8,9945,service,14,svc-0159,48,1e27a9653d5c07f72214d92d0e3fa84ff7d43ffd104bc707a89cfdbb621af139,0.142083,0.818834,0.134209,0.804292
10000,8,9945,service,15,svc-0154,48,65f1a3a54de1412db37d0c7c3238911b87d4e99f2699f96ae754bcaac7de9028,0.143,0.919875,0.169875,0.813375
10000,8,9945,service,16,svc-0155,54,d426d607fe79f00b4e865154d001195cc119580528e9ba492e8b102352bd80a1,0.146625,0.774,0.150625,0.806833
10000,8,9945,service,17,svc-0093,48,82473e4b495a50324002bb2616c42d70fa017c0d0ed8f69176d5c730317ecc08,0.142125,0.798875,0.142541,0.798625
10000,8,9945,service,18,svc-0191,48,392156bb95c9ef66a86539b6ba6ad08e764fad8a707c0359acb6c8f02286da17,0.129875,0.818875,0.135,0.800375
10000,8,9945,service,19,svc-0151,54,8cef62b5ea1f01cd9bcc1faf2e469cee12dc3081b64a61bce289b4664b75351b,0.166792,0.801416,0.136791,0.952292
10000,8,9945,correlation,0,corr-9945-00001336,6,96d777526e6e09e63761ca48dcaca7a53241b687d47e98cbae69904d300cf1e5,0.097166,0.100208,0.834291,0.829875
10000,8,9945,correlation,1,corr-9945-00001240,6,ab78a719b62c48a89ee7b1869931cdf9a471e0d39ff4a9a994bd44c23a21091a,0.098666,0.096708,0.817833,0.812291
10000,8,9945,correlation,2,corr-9945-00001241,6,6e1e5e363d61c83899a6a86d5682987197c3daa2dbfa0023cb6c7bb2cc3180c2,0.098,0.093375,0.867125,0.825583
10000,8,9945,correlation,3,corr-9945-00000402,6,4a6258114dff8494acfac38e19cb2f7390e0e72a20a543435be7674f3e1764c2,0.120917,0.102083,0.878041,0.843791
10000,8,9945,correlation,4,corr-9945-00000774,6,85bec9bfe9ea0b0af66cb6962fa293e3ee262316b4208a2e1ceabf74e93a7661,0.126334,0.099375,0.884125,0.87575
10000,8,9945,correlation,5,corr-9945-00000338,6,2ae999bdb2c33f244b6596f93b4f0ad08c039500d8956144abc223338412b5fa,0.108625,0.094333,0.794667,0.832125
10000,8,9945,correlation,6,corr-9945-00000373,6,1beb86d084c1e5172c3f1ac88d9f9d93295332c459f972e0fd6f8908ce122a54,0.115,0.094625,0.844625,0.857709
10000,8,9945,correlation,7,corr-9945-00000506,6,1c47761d2f1eefdbf8278c32f4622c3d781a89446c1f1d44da618c79dae450ca,0.09575,0.097584,0.858917,0.857083
10000,8,9945,correlation,8,corr-9945-00000532,6,4db2fc832807bdba0ce2cab662fc85f3ab1a35335b31632c45eaf46f534818a0,0.118834,0.090875,0.826417,1.154292
10000,8,9945,correlation,9,corr-9945-00001172,6,e6861c7ef3d7ad0ab29ef788f6bea97f0de2617c4e287ef66a4a4f6b18f639cf,0.116292,0.104,0.851167,0.9185
10000,8,9945,correlation,10,corr-9945-00001308,6,88311e5186997ace4077e3e30b7c932add39e76424b737b5e16488c30d0618c5,0.0985,0.141,0.946958,0.839958
10000,8,9945,correlation,11,corr-9945-00000107,6,ffe34cbe0fb3a62839b6be8f475c5eb86f8340083817814200a2e74cf189fc3f,0.110583,0.097709,0.843459,0.85375
10000,8,9945,correlation,12,corr-9945-00001041,6,fe6b317f1028fb80b3f5a34932bfe61487dd8d55ce4b7960432cf1a585f37709,0.108708,0.100417,0.875375,0.900042
10000,8,9945,correlation,13,corr-9945-00001401,6,ddca3800bf2c6f3b3f16c671d5440be860fe7bd099fe85917d87d89dcd65ad94,0.162417,0.159708,1.037958,1.052542
10000,8,9945,correlation,14,corr-9945-00000871,6,c7b07720f3333b7ecd6ecaf68cafdf8085036cd9b1ea3f69fd98daae1a2c74da,0.145541,0.103709,0.911541,1.266958
10000,8,9945,correlation,15,corr-9945-00001664,6,406ab5fc717bf3802d03d04227b3a35889675532665d6ef56b73b6276b46dc29,0.11675,0.1065,0.840208,0.948834
10000,8,9945,correlation,16,corr-9945-00000896,6,a0cb8a479dde47d2612adc5d69e980e90a39379eee3aa87879f25d9cb18136e1,0.104167,0.144041,0.873375,0.886042
10000,8,9945,correlation,17,corr-9945-00000885,6,c785364f104445d8c8708885c6dd42257eeb062527cd8d432162461fbafeb2c4,0.110167,0.101208,0.861333,0.872583
10000,8,9945,correlation,18,corr-9945-00001158,6,e53a5a4f5551f8cb522dfe9a876b587d2c56714ba7f3509f0d776f7e2db5d53b,0.11125,0.102417,0.911958,0.877042
10000,8,9945,correlation,19,corr-9945-00001014,6,483e59c863cfb58332057e254b58582e02f525125debfd8708c79bbc92b76b44,0.109292,0.09675,0.939042,1.101458
10000,9,10046,service,0,svc-0095,54,6dba698a4d83d1085ade65bf735c604d5b2395cdff8788b12abebe5737df290e,0.170125,1.083291,0.199792,0.997416
10000,9,10046,service,1,svc-0147,48,b00ff9cf037ad903bdb937923bacc9888ea08c643c35c410aae996913020c8b3,0.157417,0.858583,0.156417,0.831208
10000,9,10046,service,2,svc-0019,48,dd26bf4244cff288f29cb1339b9eb475d8d182bb1306f4f3805bb5ca628508c4,0.150834,0.831792,0.151625,0.825292
10000,9,10046,service,3,svc-0128,48,b65022ac5a831d349e15548b8c37b5137aff85a44786e26f2f81a6a569983bbe,0.146541,0.853625,0.149625,0.901958
10000,9,10046,service,4,svc-0137,48,9ccf44ec17b7e75e756dd6cece2636537f9c15eed637e1ca80c7d22280acacc1,0.169,0.866292,0.143791,0.870333
10000,9,10046,service,5,svc-0035,48,3da1ecee80b6872cd05a3d5aaef2db4055757ba67b34f386a1292c9b300ad1b0,0.214792,0.871791,0.150166,0.846709
10000,9,10046,service,6,svc-0179,54,9e8a205619695bde6c27d9bbbde0b027de544e125f06a9e6fe75720b8bae6941,0.184291,0.892083,0.181917,0.898625
10000,9,10046,service,7,svc-0173,54,c7070e8f8421a99e03a5e055d19696b04598fb3f71fba2167c4d17c088e299ca,0.200917,0.921,0.201708,0.896292
10000,9,10046,service,8,svc-0029,48,330fbbfb7dce03e532c484316abad3283fbeb9c4f7a25424b0f835481d65d3f9,0.154084,0.872333,0.194208,0.867167
10000,9,10046,service,9,svc-0155,48,5313ae9a730e0d28afc4a81c57f49c9b039b5f6c1b06569928f464f904dbdb18,0.148083,0.848917,0.15225,0.827083
10000,9,10046,service,10,svc-0064,48,a6385b8a7f6c78ab69c5f5c5d88b1532faadb84b7c9dfe764f857caeb5e55e29,0.171166,0.829833,0.150916,0.906167
10000,9,10046,service,11,svc-0109,48,58e7dced17264843c5bd4058d4d302dd15cada581aa820ec15c40f1fb180b723,0.138833,0.839416,0.145458,0.832792
10000,9,10046,service,12,svc-0058,48,14a8dc8a29b906446eca5ad2c8dff2efc85cf2fe6ac1dc2324079357acee89bc,0.146583,0.838125,0.139791,0.836458
10000,9,10046,service,13,svc-0135,54,05fd563131f8cb28354637ad69a683503447d4b02425df20ef703fc997d6129b,0.160042,0.951625,0.1475,0.825625
10000,9,10046,service,14,svc-0122,48,76673b53d315e4ce3dfa499f8f3b07c0fc552dc4187a466ba1531157121c94f1,0.187333,0.845042,0.156,0.906291
10000,9,10046,service,15,svc-0033,48,d44a0eef87b361dc26c583bd7736a60c1aff08b1a1c452f25e141173732993f0,0.146583,0.823791,0.1465,0.85275
10000,9,10046,service,16,svc-0165,48,ecd0a6b062f822155bbb7871c7b252d1320e4010efc41bf8b8aa318a56c0ce2d,0.155208,0.844792,0.141708,0.923
10000,9,10046,service,17,svc-0135,54,05fd563131f8cb28354637ad69a683503447d4b02425df20ef703fc997d6129b,0.150459,0.861542,0.152875,0.805875
10000,9,10046,service,18,svc-0149,54,0b5fa01cebfa1f19b02fd6aa9afb347d000176475e99613f0a8ed728f329db37,0.155208,0.833625,0.150083,0.837792
10000,9,10046,service,19,svc-0008,54,36d956082b23ca7ec10357b6284b87833123d0a9953099e6b9e0588ccb55488e,0.153792,0.831792,0.155167,0.84675
10000,9,10046,correlation,0,corr-10046-00001200,6,d7ccd8933fc1c4d793da7a517c7cef10c3fdc8f95500f6e334caadfe8712fafb,0.115833,0.099,0.996875,0.83975
10000,9,10046,correlation,1,corr-10046-00000854,6,867a55432fa612cd08f0490ed7bd24cebb3a69c3e79be7f9d020ff9ea0229375,0.100042,0.107083,0.859708,0.851958
10000,9,10046,correlation,2,corr-10046-00001642,6,e0148ae192507a64742b14cabb6100e6128a6294150cbc24a834b90baeb49ed2,0.100916,0.096416,0.84575,0.864208
10000,9,10046,correlation,3,corr-10046-00000091,6,c4874a39e5222b0e8ee9ca4818f6ea236a9a0b27d8db1ffb5f33a9e9d27c887c,0.11475,0.109625,0.857917,0.930041
10000,9,10046,correlation,4,corr-10046-00000183,6,c00a3c63b042533e36a154ebe071b201685e0d03663a5dc8de94895dd180e593,0.100375,0.100416,0.808875,0.843
10000,9,10046,correlation,5,corr-10046-00000315,6,2a977099eab2f4d80a89abf01c9a2350b125cf429e637706ddad6c0444bb0eb4,0.097708,0.097584,0.84025,0.818292
10000,9,10046,correlation,6,corr-10046-00000760,6,737202345ca83ef7772a8658d74a4b5baee452ffdf17a63ea3e734f9767c9244,0.101166,0.094541,0.868,1.161583
10000,9,10046,correlation,7,corr-10046-00001525,6,8cbb19411fba675f85fba3db8e3ba74e42dc1dcfd722237281aea371918b00f1,0.111708,0.423458,0.896959,0.838167
10000,9,10046,correlation,8,corr-10046-00000118,6,6b24b3c61da943235cd4406aeb03cdd96d9b6ecfecd84de8efda4578607da1b4,0.138833,0.107083,0.951875,0.925667
10000,9,10046,correlation,9,corr-10046-00001440,6,0665a8748b3f1d64f32d1cf7eb236809e5bd9fc39eff789fa6b0e2a03dca73c2,0.108791,0.102,0.89475,0.807125
10000,9,10046,correlation,10,corr-10046-00001469,6,37f3a32ecaf722b006ee2319ef6818a0deb84dd58b4fe6b2c82cb508c5506a1d,0.108625,0.091042,0.949333,0.918375
10000,9,10046,correlation,11,corr-10046-00000116,6,c3eae3f37413b907feff8c2062c496dd3a13649735b43352316add494dafa88b,0.108583,0.126708,0.835125,0.825833
10000,9,10046,correlation,12,corr-10046-00000910,6,344e17250421880a7349905ef680494f3a940cf8aab6a7ab148720a7b95c111a,0.100334,0.110958,0.819416,0.848666
10000,9,10046,correlation,13,corr-10046-00000079,6,e1c3507a06411189830e061d29810d0b64c200007438c752ae22fc9966794a79,0.104208,0.110041,0.901667,0.858416
10000,9,10046,correlation,14,corr-10046-00000712,6,1e5d7f27b60d6e8cb6c24b38e1af4af4522ddd24ae2e4a0fd0cef4c67c7b7fea,0.132167,0.103334,0.851625,0.856917
10000,9,10046,correlation,15,corr-10046-00001476,6,9838bde4a76927844c9045881df729db364464df1b2c5c5bb6addae160da49bf,0.1005,0.102834,0.844166,0.819708
10000,9,10046,correlation,16,corr-10046-00001619,6,c30b081cb2582a5d8ec401afec91e310f06404a25be3c5923a53463828c1f3b4,0.104292,0.093375,0.846708,0.858917
10000,9,10046,correlation,17,corr-10046-00000813,6,0c91b04ab60310bd3298186a262eb8116741ff6fb1f6ac21d477fc5ffdee7a48,0.105209,0.105875,0.8675,0.8585
10000,9,10046,correlation,18,corr-10046-00000956,6,bd53b4dbc85fa78cd0b190e4445085e752ff9bcfb18e106428a59cf37c0290b7,0.103,0.094584,0.842208,0.874792
10000,9,10046,correlation,19,corr-10046-00001211,6,145089411a7ecfe9cee0ef1fa004acb6044f3cb4bdca2dedaed99cd5ef206571,0.098958,0.10125,0.823042,0.833166
10000,10,10147,service,0,svc-0078,48,d52078e8f639b06cd452601e1fd9967255cf73f415b61f9290a99aebfb4844a8,0.17225,0.915459,0.31925,0.975625
10000,10,10147,service,1,svc-0016,54,634feeea052b6d97cd7a68ff213b8328048ba5b030858f92f718dd6287877ecb,0.160667,0.836792,0.176541,0.850708
10000,10,10147,service,2,svc-0022,48,6f19b2b0c654d4e2ab469959429beff42ab123f2dbcfd00414f33d7fbac1d7fc,0.143375,0.838625,0.146709,0.997125
10000,10,10147,service,3,svc-0007,54,8aa423666744debd89ce2797bd1e289cef571750583fefc9bcff80e2c270829d,0.16675,0.877875,0.154333,0.838125
10000,10,10147,service,4,svc-0124,54,e4e5a3dd5411133e4580bf4bb22ff38d82941125515ed9f470e3d91389691e6c,0.1525,0.920666,0.14375,0.8685
10000,10,10147,service,5,svc-0121,48,3ebb46ff6846227a836fe97046a387fa72ceb2115bea53b3db9e4b6777c84db1,0.193709,1.016541,0.277458,0.914583
10000,10,10147,service,6,svc-0150,48,860bb2b9b9e91a4c71443fc4494162020d92fbfd8b872e3130ac4c75eb21dba8,0.199958,0.864334,0.159791,0.888667
10000,10,10147,service,7,svc-0140,48,d61c621bd5c817965f51bd5a672d6a1373abc0cd8c9bfbc20894cc18596c040b,0.149167,0.871875,0.206542,0.90625
10000,10,10147,service,8,svc-0177,54,6f9b37f782fbca7b72cb3caa4cafe1614458a2d1e61b05545c2103bfa86434bd,0.153167,1.066917,0.154792,0.86675
10000,10,10147,service,9,svc-0069,54,c224b753b0ee70591ac82d52619ba6978ff46cf4ad2f7e4ac2e833c915af29b2,0.165791,0.840375,0.170292,1.071708
10000,10,10147,service,10,svc-0048,48,550cce8190a5cd67c3dbd22abecae4a82d9a8a4befc6d1d810e591a9c02f4bf9,0.147042,0.838167,0.142084,0.855875
10000,10,10147,service,11,svc-0017,48,de00fa250d580614737d7cce0cd98ffd4cd8111aaed6ab46dac108917d22bd10,0.183625,0.860625,0.166125,1.011292
10000,10,10147,service,12,svc-0036,54,92e996870b1fc513ac241921d83456e8a1778517ba259c5a0f31c8230f42c133,0.155708,0.896083,0.161584,0.8715
10000,10,10147,service,13,svc-0164,48,4e361b7d03c01752355760113a9eb348e86378714dd32a9d21147d24c5d5618a,0.142125,0.834167,0.14175,0.861917
10000,10,10147,service,14,svc-0014,48,eccd94703f4fed0abb608a0164dc030fa2e80b1076894f564c8860a4481f7c1c,0.139167,0.875542,0.164917,0.890792
10000,10,10147,service,15,svc-0081,48,6d5d8069820b01387027f26a71776d2e4e7029ed7bd71fb2bbca7b396586b76a,0.154625,0.942167,0.1575,0.899334
10000,10,10147,service,16,svc-0084,54,5ed788e9e5975b1384996b8760aa6be02d124ab9ab1a9f4506115a47097c97a8,0.147417,0.852583,0.14575,0.85725
10000,10,10147,service,17,svc-0183,48,399e6eb8cf06eb7b5a73f427d23f5a0f6953fc74f33e994173706c19ac8b2a08,0.143416,0.906583,0.15075,0.852083
10000,10,10147,service,18,svc-0040,54,1edc4454d47f6f00d7ab52a13b698181e0c4e9d3a358656d43abccfc1562a21b,0.16,0.983625,0.181417,0.895291
10000,10,10147,service,19,svc-0069,54,c224b753b0ee70591ac82d52619ba6978ff46cf4ad2f7e4ac2e833c915af29b2,0.159334,0.878083,0.157542,0.8575
10000,10,10147,correlation,0,corr-10147-00001572,6,ddc9c9669c04dd37e9bd26864033b751bdce9081887aa4db2ffc6b3c765b1342,0.103916,0.098375,0.945042,0.852917
10000,10,10147,correlation,1,corr-10147-00001370,6,008cbe29b6522c0b53d8a322fde3aa1eeeeac3cda073ab7eebae6d387d4f115a,0.100709,0.09575,0.947917,0.949291
10000,10,10147,correlation,2,corr-10147-00000505,6,3f3843399f70d1b578d3e3fa4042262565d57d41671cc706f13689424bede2b1,0.10225,0.106584,0.880208,0.872292
10000,10,10147,correlation,3,corr-10147-00001150,6,7644b74fa6aaba064febe1ef68f5cb571a96fbe2ad059778f63ef811c2da30f4,0.100792,0.101584,0.838542,0.84775
10000,10,10147,correlation,4,corr-10147-00000511,6,16c8f3540c27ec60fbce8640e8894b11afd68cfbc5df33d9b14ff54395e9baa9,0.099834,0.09525,0.951958,0.890166
10000,10,10147,correlation,5,corr-10147-00000381,6,384d8c654ba3cbcb39f92367152ea9253eb13991d84386000c035fa42e158a59,0.161667,0.118417,0.826417,0.806084
10000,10,10147,correlation,6,corr-10147-00000514,6,f720a4f110044436800ddb42bdbb302f7fe68f6d5c18900bafaf2b97409ffa06,0.101792,0.108834,0.859042,0.811083
10000,10,10147,correlation,7,corr-10147-00001497,6,bf5edd2cdcae5df8275ad6243b24b17b6b6214e4005f5fea1388325035ede621,0.113583,0.090792,0.82225,0.871417
10000,10,10147,correlation,8,corr-10147-00000998,6,88061eb11aecf983c0ecd19af3241733469dd287b807c72744d2ea5d35b6d7f8,0.219083,0.137084,0.886208,0.906083
10000,10,10147,correlation,9,corr-10147-00001145,6,f55a20fce8f5d0953944dc3f5994e583e34b604864c87eb4d0818405788d6553,0.100959,0.097792,0.799292,0.826625
10000,10,10147,correlation,10,corr-10147-00000817,6,bd61b829f95933afec53230c52c836003e28ee272f0453a644c5ab2c76b3d675,0.098,0.105958,0.808583,0.84125
10000,10,10147,correlation,11,corr-10147-00001438,6,4432855bf55181ecc927e5ea116841d48337051b2e216d47deb30b6cc8d1bf50,0.113042,0.222958,0.875833,0.850875
10000,10,10147,correlation,12,corr-10147-00000721,6,c1916ad06a61b209e09ad20dc59b16b6b2ae632376620891e8e94ab7bda5ca2e,0.1005,0.090333,0.832667,0.89925
10000,10,10147,correlation,13,corr-10147-00001135,6,a4428029fb2d22eb4fc363c15aa305e8f781694d3afa278d3e133bbb481910b0,0.089625,0.096125,0.822416,0.836458
10000,10,10147,correlation,14,corr-10147-00001272,6,2867fedafdf8a05cb27c409a0b8f004010ac0f901fdfdb73f7adbc08233d9083,0.118,0.096375,0.8275,0.849417
10000,10,10147,correlation,15,corr-10147-00001438,6,4432855bf55181ecc927e5ea116841d48337051b2e216d47deb30b6cc8d1bf50,0.118458,0.100833,0.876875,0.951667
10000,10,10147,correlation,16,corr-10147-00000284,6,a03a6b315e7b372c7b3ff924e7c9d6b671dd486bd93d69d96320d7e72e0317c9,0.107625,0.095375,0.88975,0.867625
10000,10,10147,correlation,17,corr-10147-00000613,6,7ea819d171ade6457f9f6cc8fdeb8cdb8a0765a689a537ecc2494dfffcc09655,0.105209,0.095375,0.83275,0.851458
10000,10,10147,correlation,18,corr-10147-00001069,6,9de81b86c0537ad80548c5f4f9fb9ea998adc43ce40704fe67c364fb6972111f,0.111666,0.0995,0.870334,0.871042
10000,10,10147,correlation,19,corr-10147-00000257,6,bf2677a0117c7d9ddbf759eee092cc285d4491b1df6c4de6f3f76a6bbad534a7,0.312375,0.145917,1.031125,1.019375
50000,1,9238,service,0,svc-0177,252,2e484f31cd3382f535ae8fa9bc852c62677d8fd83ae9c9f81d47b67972e63fd5,0.442125,4.846084,0.478209,4.163084
50000,1,9238,service,1,svc-0153,252,da548c58e6de133d183f7bd45ac52b440269f3c640568ff26a81ab88e816f4b8,0.477792,4.086209,0.384792,4.269041
50000,1,9238,service,2,svc-0028,246,4b0f0210026e0211b12671cc81a532a7955cfe78ef0b867e8a20adc4f7bc8d29,0.453291,4.108167,0.452042,4.030792
50000,1,9238,service,3,svc-0040,252,5940c1ceb7c30475ddced653d619b311d5e622853b84e977fc4ff8a7c04b3b59,0.411709,3.971459,0.481208,3.980792
50000,1,9238,service,4,svc-0051,248,40ea3b177fa5f3beb0d124ddc6dbb041b56eb6dfd913b7a0aa89822535cd33e6,0.522625,4.344583,0.526958,4.101791
50000,1,9238,service,5,svc-0008,246,be7d752b37ad4841dc810c7081eb2cfc0cccbece0236316ebf35d9e480fc4cdb,0.500083,3.993125,0.502209,4.044125
50000,1,9238,service,6,svc-0032,246,b4e93a9112fdd2e276837d970f60f100bcb275bc78110398170b3db7ecf39b2a,0.483625,4.059959,0.471916,4.158833
50000,1,9238,service,7,svc-0104,252,fcad34c540286e3f413a4bbb9d79f349aaf6d0ad037e785dbe146358ad4e0e48,0.426,3.792417,0.52575,4.085834
50000,1,9238,service,8,svc-0001,252,e5ddd2b2b3bf949f49f5e8202a051c2742e4b466c44ca8cfce0a1eb76339c7dc,0.434916,4.111625,0.446833,4.021542
50000,1,9238,service,9,svc-0029,252,eae2863e71f1a9831ddc30fdb4279203d5c4ecb76a4f861ce23ad03608c39261,0.376958,3.952917,0.396208,4.165833
50000,1,9238,service,10,svc-0080,252,87ba17402f4788272d0a6167241bad920527ec8e6b59d87de7a5113887fb248c,0.492083,4.121083,0.453292,3.976541
50000,1,9238,service,11,svc-0121,252,dbd5c83b11f040505f93e85cf9de8b227f6c59cbc5b6a7d39b340b50e8228f6b,0.404625,4.030125,0.466458,4.28725
50000,1,9238,service,12,svc-0060,252,6a0dd710d69733c528869dbe2327bb005696c53034ddbfd6d794a65795dd37b5,0.436333,3.99275,0.407167,3.967084
50000,1,9238,service,13,svc-0032,246,b4e93a9112fdd2e276837d970f60f100bcb275bc78110398170b3db7ecf39b2a,0.494083,4.063958,0.462708,3.988583
50000,1,9238,service,14,svc-0199,252,17eb3b3cae2e876bc93a9dea16947aacc27cceac571a0cc074e09750d752a95b,0.485084,4.103292,0.439042,4.115125
50000,1,9238,service,15,svc-0092,252,5669bd85d80816f36ee2314507f2cd6efb3e64b2ed50e7c3dc8afce2caaf594a,0.371542,4.031917,0.440416,4.214166
50000,1,9238,service,16,svc-0040,252,5940c1ceb7c30475ddced653d619b311d5e622853b84e977fc4ff8a7c04b3b59,0.487791,4.180459,0.498875,4.111209
50000,1,9238,service,17,svc-0082,252,8b46b01c1cc03a464a954212d5ebf3923f1a78c07a5e2913254eee51d0e2a6d3,0.407125,4.130667,0.380084,4.078542
50000,1,9238,service,18,svc-0139,246,49d6bc6b580736ffab3775db7da4abb5b4e420eb36840a786b43d5b5157fd590,0.488875,4.127666,0.466208,4.144375
50000,1,9238,service,19,svc-0097,252,6262bce5378a2761e56018c139326adee465bd8a80926644b50fb9c4b08c1ba3,0.429375,4.111417,0.438875,4.025916
50000,1,9238,correlation,0,corr-9238-00005743,6,ede6ab7ac45141632d9041bf541bf18aa831ff0b910fb97019f756e27fdd776f,0.165125,0.111583,3.963792,3.973666
50000,1,9238,correlation,1,corr-9238-00001157,6,011b29c6613d119a1c2bbd64c5d6ccc773a58e4f88bb6f69f93909f9afa9a763,0.174208,0.108333,3.980667,3.634416
50000,1,9238,correlation,2,corr-9238-00002106,6,c3a49dda7fa7585eea45d0547f8829ca083e2be3c324911b75d7f10c3dff8646,0.152959,0.10075,3.859208,4.13175
50000,1,9238,correlation,3,corr-9238-00004314,6,a98ac44d484fb06aa3514a08721e2812b8a194bfd3198d4def6efb0baf0e79c0,0.157209,0.1565,4.068417,3.910541
50000,1,9238,correlation,4,corr-9238-00005990,6,5509e6717677eed0e3f17b9334f94fb008c5b13c360df1177b22425b00f4912e,0.167209,0.108417,4.069541,4.078208
50000,1,9238,correlation,5,corr-9238-00002586,6,2cb215ada128ab18ac6e5a6f8f041380f605657bbaca60f52633d452a30dab9b,0.147375,0.099792,4.004083,3.872417
50000,1,9238,correlation,6,corr-9238-00003891,6,2d91c1371940aa565d375f8ba5e0c1379a8d68911030f2adc952d8a9ca6a307a,0.17075,0.098042,4.241,4.201166
50000,1,9238,correlation,7,corr-9238-00003850,6,ce0fedfab4d66dc8a21d7b131bf50849124c004b542b49186ee4f700206f1681,0.151167,0.155209,3.986084,4.028375
50000,1,9238,correlation,8,corr-9238-00000799,6,6c0d676f8c2f6d1216c15e4da03aec59b72fe7befc998a99d151c1dfc6735076,0.1675,0.105583,4.028209,3.87275
50000,1,9238,correlation,9,corr-9238-00006160,6,3b2be2aef9584f675b494f5e1b18cd4a97706ba6febea9487115a930f2ac6c83,0.142917,0.102417,3.920792,3.952584
50000,1,9238,correlation,10,corr-9238-00001326,6,86c0d57b7d7f8a36b6613d1236e4aebfc6711f85a915b7c50c6ff5509106d64e,0.133666,0.10025,3.884125,4.002708
50000,1,9238,correlation,11,corr-9238-00008300,6,094998ab6ff40cf8d92cef9cece314a470068e570674b304973244b1513dfe4e,0.151917,0.169583,4.083125,4.374333
50000,1,9238,correlation,12,corr-9238-00004100,6,6889c70d4ff90798f5fcd43c261bcd339bcab96e485d26f66cfc835a8598d26c,0.151209,0.101083,3.824042,3.879875
50000,1,9238,correlation,13,corr-9238-00003671,6,fe27d929994ca7cb14514882e2d040470c06fce1e94d26566582cffb3a52ae3c,0.19125,0.117209,3.95725,4.536458
50000,1,9238,correlation,14,corr-9238-00004807,6,e346ff0aeefc8bbb2dd3c794184eb85f9d67df15eba4d15b5de70573c79c94a3,0.168166,0.109042,4.254375,4.213708
50000,1,9238,correlation,15,corr-9238-00006696,6,289b72d0c3a84a03db37049f2629d652381dba382fd8f9a3b4674b4a9a129841,0.3135,0.184417,3.965084,4.035416
50000,1,9238,correlation,16,corr-9238-00003442,6,af7256eb053bd90570779f525e8a135bc11bcf8579613e9257b8aed077e2f8a6,0.210834,0.131625,3.910792,4.189875
50000,1,9238,correlation,17,corr-9238-00007035,6,f39f799243bdabfd3f912e6fdba59c14aa1a78ff2c75e0c72c1b674efa6059b0,0.182875,0.112833,3.872375,3.888542
50000,1,9238,correlation,18,corr-9238-00005800,6,7cab166a9406023cb3a619518e41e8f3efdb735c2bd5818db3f3bb7b2a6045f3,0.153542,0.113292,3.930583,4.212917
50000,1,9238,correlation,19,corr-9238-00002825,6,e550aa9291247bf04231acd5449ce31297d7218982db0b27930f350395eb4764,0.213375,0.182292,3.900375,4.055958
50000,2,9339,service,0,svc-0025,252,22520d9b41db8f663e42aa8606464b2e1449e1b4811c162c64ab09a2bfcdc077,0.596583,4.474292,0.609375,4.241792
50000,2,9339,service,1,svc-0069,252,de27eabd8e16f7717dacb88739267636f4232c74c521828a8e18ac158ae4c571,0.675291,4.180208,0.554958,4.496291
50000,2,9339,service,2,svc-0034,252,76d844a82a897fa483bdacb799fdfcb6ae265b8cbf12d6a82c65ddf423cb46f5,0.449458,4.561417,0.6925,4.455875
50000,2,9339,service,3,svc-0090,246,97c7c90d8c4b7c834980f7c11db7e235399d92e4c804fd996fa08b3a57087a9d,0.61725,4.408083,0.568416,4.469208
50000,2,9339,service,4,svc-0105,252,d4446f25646502b0f8754327e0561d64dc371b7190dd5b249d0154c23d09b68f,0.471958,4.5485,0.525334,4.206584
50000,2,9339,service,5,svc-0188,252,b5ac9799165f11ebca01ab2d36d00912681908d458f9daf756277b18d209d43d,0.519292,4.124584,0.556042,4.313791
50000,2,9339,service,6,svc-0087,252,d14eb0bdcb336a88753d9d811d92ce2b1222002d56fcb09cc1140d435a137b04,0.414583,4.120042,0.47925,4.151584
50000,2,9339,service,7,svc-0033,252,ae158b51ce1f8b648a7c8497b29a7f08754bf03734356f4753a0d32100052384,0.4625,4.137125,0.469708,4.052916
50000,2,9339,service,8,svc-0124,246,a78ef096aadc3efb8217356fe263d635b65616d948a62959f8bd8cc52a8d2bd9,0.540875,4.240542,0.562625,4.329291
50000,2,9339,service,9,svc-0058,252,cc5092eec187b8e04c24f63424e9d77a0e498b5523355db68e6b3cb1157eeb73,0.635,4.376083,0.507833,4.512541
50000,2,9339,service,10,svc-0029,252,ef7b4fc43ac4ce7c21119516b6f98921899759992e72396d698c9109b332acfa,0.435667,4.201333,0.519166,4.325916
50000,2,9339,service,11,svc-0151,252,8ec1ffd68b33f7b8a17920bbe9bf439fce8b0c9ec9bdbc52145193d0d8e4353f,0.495209,4.562375,0.58025,4.623917
50000,2,9339,service,12,svc-0078,252,764274736922ad01c0dd1a5daff784d8ca7995fe0e9ed6c77a782fd7f53c5c13,0.682,4.785541,0.383875,5.499
50000,2,9339,service,13,svc-0121,252,ad02f4ec82755cee13dc85710f9fed3592baadf26c1a7f95d69cddb4bbbc66dc,0.510125,4.571125,0.629708,4.444667
50000,2,9339,service,14,svc-0172,246,597d34611f854d38950ec6be8a4e6dd2c2460680d0286da8a2500ccdb97716ef,0.440458,4.207125,0.456208,4.513459
50000,2,9339,service,15,svc-0011,246,f4656278ded2163c5ab135385fd4fa09ad3fa3fc7382e06a816c87b0de48888c,0.5865,4.27075,0.469875,4.473
50000,2,9339,service,16,svc-0158,246,06a320a7a12c87724a82fa12363633c9683e3a8d135af60f0d5679d8322fc3d6,0.472,4.310791,0.61725,4.247417
50000,2,9339,service,17,svc-0156,252,6c3863708e6d9e72cae485230b5bd94159ebabe3eac6b821c92a6d150b5df0a3,0.506792,4.433083,0.56175,4.316041
50000,2,9339,service,18,svc-0092,252,f4f058f71363eba04871a86e5489debf7e3671e3978b0a32e9cb721f8829675c,0.455667,4.377083,0.46175,4.370709
50000,2,9339,service,19,svc-0131,252,0ae49677f06927b8cb84c45395a078ab7f74c61d19ed4f59a3572d6091a1a020,0.55975,4.311792,0.503625,4.679458
50000,2,9339,correlation,0,corr-9339-00003506,6,250ea3cea8eec692a35ceba6151ed0e9018e18e7eb3b611f03a1e63384ffd773,0.263334,0.134792,5.146583,4.418375
50000,2,9339,correlation,1,corr-9339-00005238,6,ad0da3453a12f56f6a332a9466c429cd11601ef8beca3936ca6f8c9ca7b66a16,0.344667,0.176042,4.369084,4.5135
50000,2,9339,correlation,2,corr-9339-00008170,6,afc0577284987dc32955ac3cff7ad23649c80e35e2f8fd2a820be8c3f898c8c9,0.178917,0.216417,4.293708,4.550542
50000,2,9339,correlation,3,corr-9339-00007450,6,9d1a2516883d20b668830085842af3135651c6f452a44a01654aed8eb391a82e,0.255,0.148,4.213917,4.329667
50000,2,9339,correlation,4,corr-9339-00001564,6,625653cea5db17b8b62bc776e8733ca3299471a7f3fcce99d120196ca6b3abbc,0.230791,0.130416,4.446958,4.241708
50000,2,9339,correlation,5,corr-9339-00000155,6,f9f4aee9bc41c9493a206c7e5237f4733695133b25119aa8f469810c39cd7b0b,0.320584,0.157875,4.362,4.197625
50000,2,9339,correlation,6,corr-9339-00005768,6,16f65996f3107758e4739cb320b9889b0ae5aa912ec7556b4d5692863faa23c7,0.295375,0.185916,4.483917,4.789459
50000,2,9339,correlation,7,corr-9339-00004526,6,393a4deff3c260d51a4645514228df9d5f2e1fb3a3b8dbf2390d08e922951ed8,0.200084,0.11675,4.156792,4.414209
50000,2,9339,correlation,8,corr-9339-00007753,6,7a576916ad7c9d6d1b6cae2bbb1dcf487b40c78b584dd07e5b3da73541982996,0.162459,0.115292,4.32975,4.126917
50000,2,9339,correlation,9,corr-9339-00007604,6,e6cc2290533256a67aea466b0bc3b0ef163d2c5beb148f54e6d105dacb4dc2a8,0.273875,0.1285,4.091083,4.064708
50000,2,9339,correlation,10,corr-9339-00007865,6,6e4c67a5446b36e5b7e6b3b89018aebf1ead16d199ff60ffa2f4019ebbbbd03a,0.304042,0.1735,4.38825,4.633625
50000,2,9339,correlation,11,corr-9339-00004803,6,0e1bf68f69c907c4eaae48d1078d4ff998bbd56ed1d534bdff92e5deb81fae13,0.255542,0.12025,4.454958,4.391667
50000,2,9339,correlation,12,corr-9339-00001326,6,e7278e0dbf0f336b1008827953e98f1c22c19b3b7336ce9fc6d4183ffcb0c73d,0.201833,0.11725,4.385959,4.153917
50000,2,9339,correlation,13,corr-9339-00006253,6,d095bc618901aa86cfba14b3814a23daa5c865a6fe5711f75b22bad1a756cb40,0.303709,0.2415,4.274209,4.377792
50000,2,9339,correlation,14,corr-9339-00003677,6,e28555732f84d7fa7b140de5e365093615fd329da7c281c3e83c28ba8272d1b2,0.25675,0.171292,4.114584,4.433958
50000,2,9339,correlation,15,corr-9339-00001149,6,a25e1d824abade5b7cb5940d6b75c12af559a45218b6a2e9f06b9a864ed7b2e3,0.20275,0.117125,4.363083,4.257625
50000,2,9339,correlation,16,corr-9339-00003110,6,fb66fa85aeeb8b5f20ded106a55420f9e9d9b8ff135d80cbb90f423c1552017a,0.235666,0.118292,4.105166,4.305667
50000,2,9339,correlation,17,corr-9339-00007469,6,949d347d6c02cbce9a5c3c962a602d1915289dfe96cdb629341c44e11cfff8d7,0.178709,0.116042,4.483417,4.666
50000,2,9339,correlation,18,corr-9339-00007727,6,9806b2924351f9e60ab8988320a380d5c258f66d8f7bf6d3eeff6e175cc9e498,0.212625,0.290958,4.183916,4.395125
50000,2,9339,correlation,19,corr-9339-00001348,6,1724f74a3a1fb90366f884e0b251dfe52fac8c41dabcca76b4793f8a5d243fad,0.327458,0.153333,4.249833,4.527375
50000,3,9440,service,0,svc-0010,246,83e452056357c6efa5de0edd82b926219348a3db86f816c6003300ce43667709,0.519042,4.048708,0.518709,4.105584
50000,3,9440,service,1,svc-0187,252,60ec200611375e35afa3aec283809754fc387cc7b8061b7398ead98ebcdafcd7,0.394958,4.033083,0.42,4.043333
50000,3,9440,service,2,svc-0149,252,3cb981b6e33d914bc9fa657b1779522e099c6d18ddf44cc8181672ab2a720f36,0.537375,4.442625,0.561917,3.893833
50000,3,9440,service,3,svc-0091,252,68a454830535cd318780a21cf0e5fbca55b9a83b85756c65338a3aca09890616,0.539834,3.883875,0.396542,4.06475
50000,3,9440,service,4,svc-0019,246,50d5730b1719150e384608d16594dbb2cf27c29564ac56cd05f66dfadf9f5cfd,0.411042,3.91675,0.49425,3.994875
50000,3,9440,service,5,svc-0183,252,e3dffbb6cc5e40559ebe922250f3103b7cf83c7119c598d084c67a93a66e7bd2,0.388958,3.743375,0.421583,3.90275
50000,3,9440,service,6,svc-0007,252,30f665d54724634424ec49b230ef6489958a83b733eedbb1894d2f5e354d05b1,0.523042,4.110334,0.476875,4.482417
50000,3,9440,service,7,svc-0171,246,e6f1ba1e9301a9b914b98b3456e673e995f95d8696a786909bae649cd2a4bde1,0.465583,4.121542,0.402125,4.194542
50000,3,9440,service,8,svc-0180,246,6104cd651ed6772231044ddaaba842c253d5693962afc086157c46c1c59abc6e,0.435459,3.982,0.447,4.026542
50000,3,9440,service,9,svc-0023,252,5863ce30f1000a351905e03afbaa5c124521cebb764a53e7047f62f2fd4a34a6,0.390917,4.025042,0.44075,4.131
50000,3,9440,service,10,svc-0114,252,3d7e60d3a62ca9169430cb2b288ab64ac90fd219df9d8d57a223228edda7bd3a,0.517125,4.043084,0.472083,4.18475
50000,3,9440,service,11,svc-0144,252,960c1babe76f298c22ca332f61a79b0cee1a37ad05758de25583adda48649da6,0.52725,4.786042,0.489583,4.1015
50000,3,9440,service,12,svc-0171,246,e6f1ba1e9301a9b914b98b3456e673e995f95d8696a786909bae649cd2a4bde1,0.480083,3.992792,0.488708,4.283833
50000,3,9440,service,13,svc-0085,252,8d93281a3dd84aaf056015e38066d17b0b15d79a24881106b78e600ebc60c43a,0.483292,3.900292,0.507667,4.09575
50000,3,9440,service,14,svc-0168,252,0342d39ef7202cc4aa65ca5ffe7b399b31e62e1e0264e50202103ebf79ea6f8f,0.594125,4.742666,0.503833,4.041375
50000,3,9440,service,15,svc-0191,246,bd2347d0357b180782fe33503b255366ad110522e80847b1c1d3b04940ac78ed,0.436125,3.888208,0.386041,3.77075
50000,3,9440,service,16,svc-0174,252,840ea6ffaaea9e89d56c048fa59f90f422fda3149971068b2d0097b07528f0b1,0.486667,3.953833,0.458,4.632958
50000,3,9440,service,17,svc-0132,246,af3c62b040d14347296afd12fb9cdc214b62e5fc893306da194e2de0d408ee9b,0.38125,4.201084,0.59825,4.249458
50000,3,9440,service,18,svc-0111,252,22e50e39de2b6377593f51f0e80d008f1df358fd0753e52b4d417b8eb9ebbb20,0.426291,4.309,0.551625,4.038958
50000,3,9440,service,19,svc-0042,252,b72773c9c23251964a9ee1abf6881472954f3cdd4a9ad78b05a21992e58f04e7,0.435667,4.472708,0.421667,3.7845
50000,3,9440,correlation,0,corr-9440-00000624,6,a82551a33de3517294b4a62548663b8db424f64d5e1e675946ff7f649e9cc5f2,0.255541,0.136083,4.373916,4.163208
50000,3,9440,correlation,1,corr-9440-00005962,6,d0f856af9c5d1317ce879fde7e788345031d99bbef4fb026e88a1abea17f4d37,0.121667,0.239958,4.256875,4.23625
50000,3,9440,correlation,2,corr-9440-00004352,6,ec18f2d80ccbae436c1b59d9f63661f27fd923132c4401ea67180964da05c33f,0.155334,0.190583,3.726042,3.988833
50000,3,9440,correlation,3,corr-9440-00004118,6,6069ef6116ef509ae6b9c858b3891318d3f2d829bb485203f498ca7f1bb4ead1,0.207583,0.135417,4.28825,4.607
50000,3,9440,correlation,4,corr-9440-00003040,6,23bfcea440391b85e759ef1e4bd56ec1b9b8e9e7b21a39763ad753c2a0af32a6,0.17425,0.116083,4.130708,4.01325
50000,3,9440,correlation,5,corr-9440-00001164,6,67721f06aeffe77f13bea1aa8c590421d8704c61bfc0a83f7e35b6836a152227,0.248834,0.229,4.301291,4.335
50000,3,9440,correlation,6,corr-9440-00004596,6,d271de50e37b6d16834c261fd2713ca5f2e70ed893132cca382bf3f746edcb82,0.192083,0.124542,4.105708,4.125667
50000,3,9440,correlation,7,corr-9440-00006215,6,5f750c70a16924cae30ba2002eeba86ed8b2da93854cc63616295169f3ed7f1e,0.293083,0.344375,3.979667,4.47
50000,3,9440,correlation,8,corr-9440-00005283,6,6284d28af27db897658032728e0fa6c6eb7f0319f915b350818e54632313590f,0.198875,0.115334,4.148708,4.407125
50000,3,9440,correlation,9,corr-9440-00000597,6,bd5d404299f940a6b870e067d833ff2d762ab657d40e35260d9afc603eb424d4,0.2335,0.299458,4.509375,4.33275
50000,3,9440,correlation,10,corr-9440-00005837,6,de1d7f35f17f22539b27074ff08884bfcceca1c9c6d6624cea09479e4279e35e,0.206375,0.117833,4.059625,4.174833
50000,3,9440,correlation,11,corr-9440-00002369,6,18712cab63d893bc7e92cd32f37d458cdba0fd7f8ee88f37c2b48e444719779e,0.308792,0.137125,3.933417,4.106208
50000,3,9440,correlation,12,corr-9440-00004553,6,144ab2ce0222f8fdc817bc773d8d13a4da6c6185c1d183604c965a9de70a70d4,0.251458,0.130834,4.665584,4.583167
50000,3,9440,correlation,13,corr-9440-00004189,6,d12322fc022270edc6d85067bc15bbc80cfa0394318b33035a80b09fda91bef8,0.325667,0.227791,4.302041,4.339458
50000,3,9440,correlation,14,corr-9440-00006176,6,7cce9fecda00144c1842f392d35af3d6c71397830fbcdf06111c577fd0796d93,0.180292,0.113833,4.261959,4.012375
50000,3,9440,correlation,15,corr-9440-00005916,6,6c4e3f2bae77b1db37afecd0d627c2b6d3f97419a525833079c4e8f2e3cd572d,0.26375,0.145667,4.445667,4.279291
50000,3,9440,correlation,16,corr-9440-00006206,6,fe6273cbc2e4a96cd63e7cfa5bef53825a4feb5e77af7b8067f798854fc6e0cd,0.26875,0.138417,4.01275,4.175
50000,3,9440,correlation,17,corr-9440-00006168,6,86b980058ba326e6935a9163c880f35f567c363b420298504b47860465fb3570,0.194667,0.211916,4.016292,4.309167
50000,3,9440,correlation,18,corr-9440-00002858,6,2d1ac9273b55c1faa0cbb07ad95870d5d4211b053446fda07216c39f1339cf13,0.191875,0.122833,4.201542,4.148625
50000,3,9440,correlation,19,corr-9440-00004043,6,25520f845b1acf2269694e8896d9171d982bf232a0935a5a8578a91862825e92,0.191792,0.105875,4.043083,4.1475
50000,4,9541,service,0,svc-0072,246,c37af2c115a58150fbe00cd5b731ff9256eda52ba72eed80ae417792f788769a,0.71025,4.346625,0.544583,4.264334
50000,4,9541,service,1,svc-0160,246,17c58fcd9ea41dbf93b970cff9ec44b3c21c695307508184a21911dd0006a04e,0.4855,4.3905,0.4965,4.289125
50000,4,9541,service,2,svc-0138,252,ce8fbce40883fbd28cb9df3ca803b6af217c2ff97702c2549dea55fd146e1aef,0.534458,4.331583,0.448417,4.480666
50000,4,9541,service,3,svc-0057,246,80e75bcba79ad2acd2443b52e770d44da12e29a893b07ce1dab31991a45b1fe1,0.449375,4.330666,0.467125,4.7595
50000,4,9541,service,4,svc-0063,252,5054189ca9e296d70a7c0a042bd7828fb92bc8c9af838416ea95c3cb1e7e8881,0.434,4.48625,0.609083,4.623208
50000,4,9541,service,5,svc-0160,246,17c58fcd9ea41dbf93b970cff9ec44b3c21c695307508184a21911dd0006a04e,0.520709,4.524,0.53025,4.039208
50000,4,9541,service,6,svc-0148,252,ff5ca3774e8130d0121c5a8aa19e8f593e9fd46c3c6503306342d7cd3956a1b5,0.609333,4.454583,0.394666,4.261625
50000,4,9541,service,7,svc-0022,252,6c83d705e3de19a02c958f210cf47ffe2e56fc5ef0abcde02717a0c764cdc43c,0.64025,4.347625,0.5825,4.402459
50000,4,9541,service,8,svc-0123,252,270063115a80dced4f57921cbd45fe5f25a78be7a0fdde01ebc14c901a8bf56b,0.572166,4.170791,0.457167,4.281542
50000,4,9541,service,9,svc-0085,252,dd685ab607b3d38ee8624ed6cd2763cf61c99784080be349f95ca4f6eb6803d2,0.448083,4.671833,0.601917,3.972042
50000,4,9541,service,10,svc-0047,246,e811fe06a6cb8098543e3ac397a0f99b58c8a628c3ac68d97bc37866f75c1d9e,0.624958,4.333792,0.467875,4.381
50000,4,9541,service,11,svc-0038,246,2b0b1cdc99cd22512c0196be3130ee645670e405afe57f40ce25b768f050a9c7,0.65625,4.066333,0.443334,4.043208
50000,4,9541,service,12,svc-0171,252,eb2a49da5d9d259686771177aacab1da44a3dff4562ce3fb55cb784e2b0e8676,0.376959,4.181083,0.586541,4.639542
50000,4,9541,service,13,svc-0025,252,64f5172707d8ba3b6351b7e006e8f6ea008a8a8537f0aed07d15f02e838cfef2,0.570542,4.206791,0.547208,4.224875
50000,4,9541,service,14,svc-0064,252,78636d823e7d132e0b9459548d20a688f68a2f8b0a32b56332d60df86297255f,0.434041,4.280709,0.571042,4.232958
50000,4,9541,service,15,svc-0077,246,8617aa95fd06c8a53d3b8b89d4dd3be653001ac921e9c584f461f30f6d35b1fe,0.450917,4.244084,0.534167,4.112833
50000,4,9541,service,16,svc-0177,252,820f4715c461b8ef2741abf4cbe71d2264b7ac61cd25ac70eda2db79addf4eb5,0.379375,4.064584,0.499417,4.086917
50000,4,9541,service,17,svc-0143,252,110a576f9c81e163bf1e211e26f16d1e7a768f558620d88fa9f5ca898c9eaca0,0.474416,4.2555,0.511625,4.317417
50000,4,9541,service,18,svc-0104,252,864f71eec84257a763c3ece432536ff5a7157bad959a9f80b12c88a935ed4858,0.371417,4.020709,0.538125,4.612459
50000,4,9541,service,19,svc-0190,252,6a2f74e472bb4d1da53da661d888a850157a16dffd7929dbcbedf5254da61313,0.645125,4.222625,0.47025,4.396334
50000,4,9541,correlation,0,corr-9541-00002520,6,f415c16256b8bbfbadc36e6f02e0865c9156b4b4fc25a7917bcca6220d53304b,0.20575,0.14625,4.152084,4.39325
50000,4,9541,correlation,1,corr-9541-00004584,6,6ae459bc4a64d2416b9384d98122fc4d53c66f217353de255339ba23d8233864,0.3545,0.152875,3.985083,4.513875
50000,4,9541,correlation,2,corr-9541-00005086,6,4366cba3568d74ffc016eecbe21a996b349b9c2be81cfba2ab288bdf727cfaf2,0.214375,0.120792,4.543208,4.084708
50000,4,9541,correlation,3,corr-9541-00004614,6,f25099e09ee751df7c07bf9884b32353b9e44ff325f62e623666c69aca510471,0.313667,0.14175,4.366167,4.176625
50000,4,9541,correlation,4,corr-9541-00000769,6,5b2592797e0c37ab04a3e72815f05b901ef37da52c3ffbf31e44ee85b5040179,0.295625,0.1915,4.023166,4.541542
50000,4,9541,correlation,5,corr-9541-00005997,6,5d7e9989966b1f1143af1d72d9483201520507ab7e59c691782dedec8d035f4e,0.408375,0.141292,4.337042,4.402625
50000,4,9541,correlation,6,corr-9541-00006673,6,6a2ff0bb1310b0028facbcf1224913b2f73823de3e10656737b28ac47eef24c0,0.181125,0.113667,4.098333,3.893583
50000,4,9541,correlation,7,corr-9541-00000467,6,f1ecf426a7559d493278b42a5fc696e967985ab47e80262286b1082619f254db,0.17825,0.107042,4.400875,4.117292
50000,4,9541,correlation,8,corr-9541-00001991,6,2b2879b71c80ff798f9bb0a95826c144df14963dc236943c40b2e6e5bfd85c02,0.185166,0.194917,4.113416,3.955625
50000,4,9541,correlation,9,corr-9541-00005116,6,29459f44f6590bc5aaafb8a393611e8b2098a69ff427c459a6e6e76505e97613,0.263709,0.142167,4.269875,4.5445
50000,4,9541,correlation,10,corr-9541-00006400,6,b43276568ec4adf791d5d4f53ebbf8b5a420ac33df017195ed559b4be13a677b,0.310042,0.150917,4.500667,4.390792
50000,4,9541,correlation,11,corr-9541-00003749,6,ff631d8fbcd0a90164bcf718365f109d00a2d8f307592904d2097c861e4ad74f,0.270792,0.131,3.805584,4.930208
50000,4,9541,correlation,12,corr-9541-00007341,6,7909550a68af3eae7df54622f98dbb54a164954bba4227668a9da2568ac27efe,0.285792,0.29375,4.315875,4.265375
50000,4,9541,correlation,13,corr-9541-00000586,6,942dc7c7c088153a9c46b4f1b297f8c0a04e07b93fb43548c2dd0ed595cfa3da,0.264166,0.141375,4.249459,4.5985
50000,4,9541,correlation,14,corr-9541-00003818,6,8da79a243732049449bf880cdb9529cc0f3458eff00847c34bbda09eacdb48fc,0.22275,0.116959,4.902208,4.088958
50000,4,9541,correlation,15,corr-9541-00001385,6,8b0f7a9655d7b32e8fbd75d8a2f3056cb2d28c5f07d16926e527409840fca7e6,0.294,0.276875,4.599459,4.621167
50000,4,9541,correlation,16,corr-9541-00007729,6,148a02b9bd54d437e6a4b6c3b4954eddd3a159d944fd5c583c1ff5394f6009fa,0.249792,0.275708,4.211709,4.658667
50000,4,9541,correlation,17,corr-9541-00007748,6,e3ca68db252f52988acd1208c8d2379c54e38966cc078b8c360a487b2627525b,0.2985,0.131417,4.627916,4.744125
50000,4,9541,correlation,18,corr-9541-00007737,6,2f1f2db3580573df4f690ad1dac0c3608d3ae0231695cf69074c9e5bf59dc64f,0.283083,0.120333,4.715375,4.237458
50000,4,9541,correlation,19,corr-9541-00001571,6,696b82f55a78fe2a012c11fd810b9213c5ce079dea050f7bc915516643fad319,0.265041,0.177375,4.369291,4.712583
50000,5,9642,service,0,svc-0074,252,91baf23810c62ab78f136a5bb297b4dca37328b8f505d6383619eaf4548e8eaf,0.502541,4.11125,0.531292,3.945834
50000,5,9642,service,1,svc-0025,252,5a9fa1626988e25104d2a6b5bca4a6d7a6acbf6dc0f8e186834a084c1ceb3aa4,0.4505,3.866167,0.39875,3.747958
50000,5,9642,service,2,svc-0171,252,e5e922affc254447c34ea9d66309a5b59493042298f5a7af5ee56f63bee1c66a,0.414208,3.896833,0.411,3.887166
50000,5,9642,service,3,svc-0183,246,a59d965a811b2d0498ef8e1091198b5e75c5d2d9a5b08b1d2274e6f7bab97806,0.408958,3.764667,0.463791,3.852125
50000,5,9642,service,4,svc-0081,246,59726e8f156cebbc799f67a935845ddc6a266b6955e4cffd53053a7065ad1624,0.419292,4.008208,0.426375,3.921084
50000,5,9642,service,5,svc-0098,252,fa20745cd6b98d4030165076ad907c9f8bf4dba95d06fb80ef48439c52937fa6,0.409958,4.2135,0.573,3.791
50000,5,9642,service,6,svc-0120,246,d49be7760a44ed44c651a78c4b25a1a6db3b16dbe86a77e92334abdd4f2a0104,0.486459,3.806459,0.426541,4.488708
50000,5,9642,service,7,svc-0016,246,cdec84d8ecfe26e09f3c3f1601eacdd10cb2a43d0ba9f0cbdfd093da5dac7d97,0.39375,4.143875,0.494583,4.235084
50000,5,9642,service,8,svc-0075,246,09fff510d7776ab5a1da504bd509ca557f3dad164f757f8203b8e86c31736495,0.4795,4.052584,0.472,3.972083
50000,5,9642,service,9,svc-0088,252,f68c324d330024142b916552901f5e863dc80e63d159c5e0a333184a1dc2f5ff,0.43975,3.935666,0.436834,3.913958
50000,5,9642,service,10,svc-0040,252,55227f99b1a60efadcdfd219efac36fc800567946f746640a6542ce674f53b43,0.464792,4.0335,0.452208,3.946292
50000,5,9642,service,11,svc-0060,246,935a379b31fde994876cfa8b16a88c494ec51f3dad2203f2f67a7d9d7e3f16cf,0.433167,3.802625,0.50075,3.910292
50000,5,9642,service,12,svc-0086,252,56e8079c7cae6d74d77ebcc7d28cc59c20c1c90ee16f8225e2c364ab5c01a1d6,0.492459,4.341542,0.435709,3.93975
50000,5,9642,service,13,svc-0146,252,f6a848d59f6d222fb6dc13c4d833ab61964ef6d2e4686c5dd826cd35b39adef6,0.465042,3.913375,0.36125,3.606917
50000,5,9642,service,14,svc-0119,246,8741a8e1c4ff89f890777c089c8b2c50423403bf2b803b14bcfae716e2e88fba,0.513917,3.9055,0.444666,3.991083
50000,5,9642,service,15,svc-0117,252,1bdd296648e3a7bb6ffec0cdecc61d9d81348a50fb5d162a9fd5e02812c1dee2,0.397375,3.882583,0.398,4.003958
50000,5,9642,service,16,svc-0196,252,c726e12b1f489508d84de13992c226051c21e5de30eb7c5ba4c3cef52eba3147,0.442833,3.750959,0.450208,3.894875
50000,5,9642,service,17,svc-0000,252,45c1d5c5a682688f288f775d088403183469b00dc42a8f2ad5dcbdd77499ffa3,0.503542,3.82175,0.3595,3.7035
50000,5,9642,service,18,svc-0191,252,f66d77391f6dee43bfe922d63d59904822d23b84b74a8e64779f93d80527b06b,0.493,4.189959,0.555417,3.951084
50000,5,9642,service,19,svc-0128,252,6669081f6a109a044390c428ec46f00b33891046c49e879a1f9820ceed9fd0d1,0.424916,4.06,0.427375,3.975459
50000,5,9642,correlation,0,corr-9642-00003574,6,a70807fc848945920f62179c370eb65e2b6f4012b34b2c7cc17f5399ed3be02f,0.254833,0.132792,4.075,4.10275
50000,5,9642,correlation,1,corr-9642-00007497,6,6be9620f0acfb5441bf61a798afcd3d466be2bfa9bb47513f5195a1332f73b07,0.265417,0.184167,4.228375,3.7475
50000,5,9642,correlation,2,corr-9642-00006465,6,a1f25772abe14522ec53b1e8e0f112bab0b34bcb6cb5d5f1a6d89bbeccec8cda,0.190166,0.115708,4.595625,3.969458
50000,5,9642,correlation,3,corr-9642-00006477,6,eb29c0aa739ecd409014222049139f62c9e06d502d6d473899486787062a5253,0.142125,0.211375,3.873167,4.017833
50000,5,9642,correlation,4,corr-9642-00002093,6,7df8a6dd286a58de72a1616b202663b5af79fe03c6d40e7c5a943b882b4f4e14,0.255333,0.136208,3.795375,4.259333
50000,5,9642,correlation,5,corr-9642-00000613,6,27f24e6f26fbfbc9b58b914dcf8ac48adc322f037fee8e3697bd05ccbb4f7983,0.168541,0.1045,3.872542,4.178417
50000,5,9642,correlation,6,corr-9642-00007006,6,ec48c688134bc8bb68c1f8c9b94cffee3a277fcad34fd53aa39ceb1335f35fda,0.225125,0.123541,3.889709,3.987042
50000,5,9642,correlation,7,corr-9642-00001197,6,116830b3c77defd383866cdada8eeeac040ec00898b0eb62e3ed53a511a2ed4f,0.160584,0.185,4.113833,4.210125
50000,5,9642,correlation,8,corr-9642-00004624,6,71d47a91800110a4154b4637e780a52e28fa6cb7e35205fab85f351b34cd17c8,0.223083,0.1245,3.952166,4.184958
50000,5,9642,correlation,9,corr-9642-00007414,6,442044e57f7c6de68546a20aca5d27378b81037e6842c7880c10128e0f86318d,0.152875,0.107667,4.280417,3.726417
50000,5,9642,correlation,10,corr-9642-00000872,6,4c1d717196fc93b9c8f70ac3dc28173b1ed1ca9f3888a3bc401da1ab7f6f754a,0.312167,0.156792,4.31025,4.482583
50000,5,9642,correlation,11,corr-9642-00007644,6,0e4f200f29a41636c4e901ea898c26a8409b2188425003e14756313d6bb33495,0.239417,0.290625,4.115167,4.058125
50000,5,9642,correlation,12,corr-9642-00006360,6,1aa1019997a25ddff542b3a18a4d899fd0c2b2b4452eb2d93f79a281b977fe4f,0.257417,0.141167,3.806125,4.022083
50000,5,9642,correlation,13,corr-9642-00005674,6,a9a2d17765ad65c76a1eb01f4d07014b38b25667415fb71a0c6275809a22b3ad,0.282708,0.144083,3.842375,4.086666
50000,5,9642,correlation,14,corr-9642-00006706,6,3b2472c70fc93cc9c347a4a9cbde22a290ef0500484df7a170d95eab60710573,0.181625,0.11175,3.971042,4.472208
50000,5,9642,correlation,15,corr-9642-00008285,6,eab7b1d80188ca6a0e3ae640ba3b014c9967283396024cffe57bc2a2cd0d6a36,0.216792,0.235417,3.907792,4.158417
50000,5,9642,correlation,16,corr-9642-00007852,6,e7d8daddb1287f8cd54b1b5b829419f914a71b220ffae02e3aabeb1e78eba1de,0.212916,0.121959,4.428,4.472875
50000,5,9642,correlation,17,corr-9642-00004331,6,7178528d4d07b59d5b7d351327b3ee2c4d401327db6470d03c31e72cd4ae3197,0.256083,0.131834,4.35575,4.090042
50000,5,9642,correlation,18,corr-9642-00000489,6,e6be58068e6c5649c439e58fab13355486a1c94a0306e4aa5be5f9678c4e6b05,0.220083,0.1285,4.229,3.977125
50000,5,9642,correlation,19,corr-9642-00006638,6,1a304e0f34d3e13389938a666658ba742b7269f8370b6ce9430f87a43a4ba187,0.206,0.15425,4.306875,3.940792
50000,6,9743,service,0,svc-0063,252,d203939aab8de7b2e7c29295ce052e5fa9b624dcf08957effbbe4423cb080cec,0.495375,4.233292,0.585584,4.226292
50000,6,9743,service,1,svc-0123,246,d733818523a577fc2e9a3a4f4d73a76d239a0e686c703001e3fd7d742a07a61b,0.525417,4.61175,0.513791,5.016041
50000,6,9743,service,2,svc-0058,252,824afbeb3e6c6b9341ab843b6f8f35fe2cd2367c154c69e7bd2d6133c0294571,0.430625,4.287,0.553,4.277917
50000,6,9743,service,3,svc-0128,246,120e86451b780e9cb1cd3027cc6b65840fa6866d0d0f84e5063cdc943588d779,0.546125,4.600083,0.518792,4.258167
50000,6,9743,service,4,svc-0005,246,9efbe9282d11f48f2be2d91adbffbddd6afffdb3e95794c94f38a06983aa3f1c,0.511291,4.211916,0.393417,4.305708
50000,6,9743,service,5,svc-0015,246,890f81a3c95e0cc2a57907a2f9d3041c1e556cda64491bbb2f797b9788825348,0.594,4.5975,0.619291,5.22925
50000,6,9743,service,6,svc-0139,252,43abedda83b2457916a26589bda27bfae078666a680a53d15d9e912360d098e2,0.47,8.691,0.716334,4.774417
50000,6,9743,service,7,svc-0021,246,20968571f4a6206bc566f5d557227e8b6e2d9e1bc6a815f59786c8910d67062c,0.430292,4.285333,0.497084,4.025958
50000,6,9743,service,8,svc-0128,246,120e86451b780e9cb1cd3027cc6b65840fa6866d0d0f84e5063cdc943588d779,0.473291,4.2085,0.500875,4.222833
50000,6,9743,service,9,svc-0118,246,304dd1475b2a264985b10e5c976ab67ff1ad00bcc86333ec64c635293b60ca0b,0.512625,4.0855,0.429375,4.201208
50000,6,9743,service,10,svc-0023,252,efb7e6aee784563b5dd33b179a04487cabe9cef4ffeab52cbeb0c7b4ef8118ec,0.3885,4.14575,0.446667,4.276208
50000,6,9743,service,11,svc-0165,252,a1c73d2deb65cb7926a8828fd165ab100b0bbd3f08aeb141edd8662b98e9e79c,0.452125,4.178292,0.472042,5.175458
50000,6,9743,service,12,svc-0125,252,3df8d041918ab44b787f0e1b9a99e14a68be974e80b981087d74959bf1710c60,0.501084,4.183375,0.399666,4.155209
50000,6,9743,service,13,svc-0030,246,d7f7419f031657d4f315b5fa1dbc3167353e6e463f38d3a1f76fba4fcb938bd1,0.455833,4.080916,0.433,4.195375
50000,6,9743,service,14,svc-0009,252,2505bf569ee2fe626f355e595a6d5ffcb3456d28e7cb16b3699566648001a623,0.41775,3.853917,0.497042,3.97025
50000,6,9743,service,15,svc-0102,252,05e3ea2d8f6a92194cb4042c9e60fd13964c628f09d68f45791cc7301f07cd63,0.446583,4.149959,0.440708,4.140708
50000,6,9743,service,16,svc-0070,252,e21958be4eaf4f600a0777f0330b6c628370ae6af005ec55d1d65859cffff7fa,0.458291,4.021,0.397459,4.00875
50000,6,9743,service,17,svc-0104,252,bebfcf6b5603c649a95e9f79f7fbb0d9806a5500267c38078d1a7dc671b06791,0.436125,4.199208,0.455375,4.078334
50000,6,9743,service,18,svc-0183,252,2b9f135bdd30207a36afbf4be99007e0c174dadab79b45501aa11ead603182df,0.371625,4.56075,0.498625,9.698583
50000,6,9743,service,19,svc-0055,246,f270631f70e67b54d365e44c961c1cd2557176b0939c8866fc678c3880b0301c,0.476583,4.357666,0.465875,4.401333
50000,6,9743,correlation,0,corr-9743-00003113,6,fdfdfe426d3b58abcc51f43dc7d8ab1cbaec750965100b89776f3c4773f68515,0.199375,0.111458,3.968667,4.133667
50000,6,9743,correlation,1,corr-9743-00007054,6,2350770787a09960dfc0d8f2e0b34d6a0ceb2fc97dc0fcd964132a44c5b148f2,0.17775,0.113917,4.145625,4.336916
50000,6,9743,correlation,2,corr-9743-00007651,6,c624bbfb3cbf671a981a6d75a4c2e8abc00718cfb17163d7043da55e17273081,0.157417,0.175584,4.070375,4.197709
50000,6,9743,correlation,3,corr-9743-00006454,6,3cf597bc370d4317434228ae8581d760ae726622475fe01675fe3e301724af9c,0.170125,0.11875,4.141917,4.272459
50000,6,9743,correlation,4,corr-9743-00001943,6,787e73c8f28d3811aae4cdd3cdb40bcb13a619c704f4459652d0a0563b9df41e,0.171209,0.119875,4.056875,4.086666
50000,6,9743,correlation,5,corr-9743-00003815,6,da8377090750788c26398afb0684d474b8f27fc78bb25a94b7374546d1bc4fad,0.169667,0.115042,3.982834,4.259542
50000,6,9743,correlation,6,corr-9743-00003281,6,0e6f587b5489b6574e9947022c49abc5dc51a12c6b91310318218112554a9d84,0.164959,0.207166,4.164875,4.141208
50000,6,9743,correlation,7,corr-9743-00006820,6,b94c7c71c40b61ead0cac7bf679c674e2af565ec8fe60bdb51a17bff4e5a2994,0.1625,0.115458,4.035125,4.171667
50000,6,9743,correlation,8,corr-9743-00000294,6,25648920bb70d67f36876857f7308131db527d6e0c1c48274bf68abbc191d298,0.185083,0.122417,4.060042,4.146208
50000,6,9743,correlation,9,corr-9743-00000695,6,c90c0fcb1d348c540a48ca2e5c76aa291e3d4beaec7ac38667af9d911fdb9319,0.1505,0.10625,4.157708,4.178916
50000,6,9743,correlation,10,corr-9743-00002842,6,52e68d3a2123db5b387b3adb3008cdc9ef4de827433c67070b0cdefcea280151,0.18575,0.185083,4.046792,4.239875
50000,6,9743,correlation,11,corr-9743-00000428,6,6357f5586da5452f3fa1b7ee77b2914e7dbad9c2d2dd6753bc7967db6b84f179,0.236334,0.1385,4.224125,4.240625
50000,6,9743,correlation,12,corr-9743-00007054,6,2350770787a09960dfc0d8f2e0b34d6a0ceb2fc97dc0fcd964132a44c5b148f2,0.179583,0.114083,4.349625,3.969
50000,6,9743,correlation,13,corr-9743-00003963,6,b28887bd99104f11a323179b4ca342a3615af0232ddb59eafa4ece1ce3f3b961,0.159791,0.107417,4.361958,4.132125
50000,6,9743,correlation,14,corr-9743-00003107,6,04a3675b69f9ff392e92b852b8f845009b5c6028be0fc4356d9c6c2bd3405132,0.156042,0.168958,4.15,4.144625
50000,6,9743,correlation,15,corr-9743-00007516,6,36134a7c6c6d2bd3d50d4a4497713f95f0f3787c40c3950c0acf7dbbb409ac07,0.240167,0.13325,4.22225,4.322084
50000,6,9743,correlation,16,corr-9743-00002962,6,b271fb70a892bf2f7ae235498b476ee6f070111da6865720a9abffc4e323903b,0.225209,0.118792,4.196875,4.101417
50000,6,9743,correlation,17,corr-9743-00006999,6,ac7fc74c1059ae8d825dedc968a9c783cecf8126d5d8993b4cf3b9f44c18467b,0.208917,0.110291,4.00475,4.127791
50000,6,9743,correlation,18,corr-9743-00005060,6,26510da35e6cbc25014f95c50607cc409e4c51e8a86b69ca7cbadbf9f3061ac3,0.213125,0.167959,3.993416,4.436459
50000,6,9743,correlation,19,corr-9743-00001623,6,f612b38b5faf8155902cf0d42277e95217de5f9944655811ce00a4b52d553dc3,0.162,0.111833,4.264709,4.099792
50000,7,9844,service,0,svc-0039,246,76b496c4647668a1aee3e56a6501a55b7a2bb81f56fec851d58eac10697512d4,0.457792,4.108708,0.472875,4.298458
50000,7,9844,service,1,svc-0167,252,53ba58ac3dee5917e92ead1a962fbb1ff6a778918e9681fae174703cd2623c8c,0.415334,4.165042,0.502333,4.090667
50000,7,9844,service,2,svc-0101,246,89ce82be8f3d44502ca091be614925fca8dbd0391f9356ad2d14da19f47f601c,0.47875,4.1615,0.580083,4.287667
50000,7,9844,service,3,svc-0144,252,87ea10fedc86b9146496f22874d08807ebecbdb964d4a8f7b70b2d8e34989a5e,0.505792,4.163333,0.414209,4.006667
50000,7,9844,service,4,svc-0071,252,36bd8f2d30088b733ac5cdfe250457b0bcf811475b84e7d1713a4997fed803c5,0.469625,4.221291,0.472875,4.082125
50000,7,9844,service,5,svc-0176,252,bc0973634e910ac24d21793871b38d0639cd7f11f5f7338cf3d0a165ed9e9919,0.4395,4.059,0.500167,4.332125
50000,7,9844,service,6,svc-0075,252,8783aa856e1e732ff78b019df8e8f3d3751f8c72cbe3074d305f8cabb1718abd,0.416708,4.186917,0.489667,4.008375
50000,7,9844,service,7,svc-0150,246,2aa698b4bbc6362e1888872cab3bddd1adc2d663b5e2bb058412a08f9295357f,0.475791,4.075625,0.420959,4.088875
50000,7,9844,service,8,svc-0087,246,504c1471ed8b99e44f1eb49531e6d6395bbd9d84aa05ed64acbd5aa16e23d98d,0.430833,4.084583,0.413,4.038708
50000,7,9844,service,9,svc-0145,246,0bd1890de2d7dfd8704bf1ff15915dec4bc3c6e340313b4cd99b71bfed67febe,0.4105,3.97675,0.481333,3.955916
50000,7,9844,service,10,svc-0138,252,d0e63b2c20f47d34e1955f912fb33020a75ae6984e29ba47c86d4aaf394c9e5a,0.440792,4.133,0.44075,4.030875
50000,7,9844,service,11,svc-0168,252,d608faa2100134ab720ebe2adcb8c1168618603f7b2cdcee499885c612f11081,0.430209,3.993458,0.37725,3.892
50000,7,9844,service,12,svc-0086,252,4843ffceed2d35d4154f17442350613679c3e613c11945c10fb5a45e64c5dad7,0.492542,4.046708,0.498958,4.174208
50000,7,9844,service,13,svc-0161,246,dc26e5495f863e3d1ee9fb4a134183e724fd25cd70faf266eb3c57d694e3aa3b,0.465084,4.056875,0.564834,4.08925
50000,7,9844,service,14,svc-0193,252,ad321bdb70a1fad9c4992b69d706a1e8d2e742378e71aaaa35dca14f2f347988,0.516833,4.095333,0.488708,4.075291
50000,7,9844,service,15,svc-0109,252,a3430e77ba226f22947d22e5db25b8b5b102770c9471bcef4df6801b81795dea,0.454834,3.981,0.396542,4.116583
50000,7,9844,service,16,svc-0099,252,1e9fe862cb9344ce5e7905348bfd6ba5ed8493f5f066275b31e11dcde9832a50,0.466167,4.050959,0.468,4.069042
50000,7,9844,service,17,svc-0000,246,75d5d786782c22cfea6a93fa160df951901c6cc90253cd5ff56c2ea7083fa699,0.383875,4.0405,0.443667,4.223042
50000,7,9844,service,18,svc-0042,252,56652c3cc9d567a5f6c26b344e7e326cb23a6026af74b629e144e2c775b5d0f4,0.489125,4.151375,0.438,4.111667
50000,7,9844,service,19,svc-0129,252,eb5c8fe0b1689f628ca5d439982f0736af2ac089f0a172fb806ba60dbf8cbcd1,0.545958,4.146125,0.434584,4.080875
50000,7,9844,correlation,0,corr-9844-00007658,6,31252e07ff516c4779d98fd438af20c5303c28d526aadfb5a65e1b2daa7c9680,0.219583,0.120791,3.961584,3.998042
50000,7,9844,correlation,1,corr-9844-00002486,6,e72de7afa8b5e4ec864fc3733f1549eebfe57de49de0590d5132844333df02c7,0.193125,0.163417,4.136708,4.0495
50000,7,9844,correlation,2,corr-9844-00005099,6,da98f29509ff1fd7fb1bcf9f8b44d78ba475d709f589b936cb27f107e574dafd,0.173875,0.122292,4.007333,4.040542
50000,7,9844,correlation,3,corr-9844-00005087,6,a3e8395a114ac21ca10fab62b21848b2913fef63dcb6404ec6f38e1f4850cce8,0.235959,0.109708,4.03325,4.177125
50000,7,9844,correlation,4,corr-9844-00004533,6,49f80434503128a398fe84a5b5224771e218fb7717ef5fc773c2cb94473a7a32,0.166084,0.105167,3.843875,3.996375
50000,7,9844,correlation,5,corr-9844-00008130,6,2f8fcb8d1f601da9672b54b99e8d696705e314a4181509e73242ff13d6874aba,0.203791,0.183083,3.93425,4.2
50000,7,9844,correlation,6,corr-9844-00007071,6,e5cfcc379ee875395931a41990aa57510eac61e741cd6c9ecf51125c6d552bd4,0.174625,0.11975,3.945917,4.07325
50000,7,9844,correlation,7,corr-9844-00008108,6,f9b32962bc1fda20ff58b155e0dc46b1df55a7423717f3bccdebe0a8d3574382,0.184333,0.110917,4.0595,4.073083
50000,7,9844,correlation,8,corr-9844-00000906,6,ad4601cd73eff43985a48f70ffd1683e756b14f937a15982e613d0ed319d2670,0.227,0.120375,3.719208,3.987958
50000,7,9844,correlation,9,corr-9844-00006892,6,159856e25200a3d53eb7c77d0e53c55a7f3e01b981c3a24a0a345a26b0b34f94,0.201833,0.152083,3.904042,4.206167
50000,7,9844,correlation,10,corr-9844-00007579,6,0dbd95187134e279fdc5ffdca2a64a75a935737b43b3e283a89c0b138df62546,0.195083,0.118375,3.973667,4.027042
50000,7,9844,correlation,11,corr-9844-00000490,6,c18497c944ebc37c9693e770324dab20b9e159494b6951e27c265806ce2f4d53,0.153958,0.114458,4.037833,3.910125
50000,7,9844,correlation,12,corr-9844-00005560,6,cdec9266f43034b60280f6487a86b693e1e973b3177237e5638ad435a782a5f9,0.177416,0.117584,3.907667,4.178292
50000,7,9844,correlation,13,corr-9844-00002895,6,4590367947f8235804a662e365ef1206d00c4753c5a5ef6e8e29dc7113925a9e,0.160875,0.166333,4.118834,4.005417
50000,7,9844,correlation,14,corr-9844-00002293,6,9722e4fecad195f38ebc672cd2985f2b1c91e3f082820b6e6ce61de65bb42ec8,0.156917,0.111583,3.974,4.005666
50000,7,9844,correlation,15,corr-9844-00002765,6,8768e0bae531bd87c60697b62769418b505b2b9baac99ac9d9a686a08c6e4502,0.16925,0.112542,4.065334,4.12025
50000,7,9844,correlation,16,corr-9844-00002580,6,e174ff364c0617ea0457d4ffdec0f33e169a9df782f0733bcfa6acaea8ed0a2e,0.179292,0.105709,3.945583,4.102667
50000,7,9844,correlation,17,corr-9844-00005925,6,bc5dfb6f4669dd3c69eaa77aa94c63d839326b90bbdfe58a9dc9acb4dbf0451a,0.156959,0.237541,4.294584,4.136917
50000,7,9844,correlation,18,corr-9844-00004135,6,1c44446a81e2a6f25082c127ee470195619a51b94ec509a9d83a4ba39d2fc184,0.162792,0.107042,3.919292,3.969292
50000,7,9844,correlation,19,corr-9844-00003904,6,853fc4ee53c6526a2487307843457aa992de5fb700f1b495cf77803b08d43adf,0.176917,0.111292,4.094458,3.832875
50000,8,9945,service,0,svc-0186,252,aa1661a81cfef89ab4c759ac75ca6c044ce7e6602e72409163bc314cb370060e,0.674083,3.986,0.482,4.0595
50000,8,9945,service,1,svc-0116,252,08a1642985e3c1c773d97ca89cfc4149a0f50786a201de1a578f38bc59973bd8,0.455083,4.269917,0.57725,4.143459
50000,8,9945,service,2,svc-0188,246,8626d278f48aa6d457b03504163dcf573714839f8168dc286a7ba2c0c6a2c96f,0.456458,4.009916,0.375333,4.053291
50000,8,9945,service,3,svc-0080,246,238c6d9f6056907f1fcca95241967e6ce81823fecab8c77248c681a3ff9533f6,0.428416,3.938541,0.414,4.100125
50000,8,9945,service,4,svc-0142,252,eaab19f2e6f3f548dc27fce83c5ae4c80d488419c5546fedd2c977209c869963,0.429875,3.971541,0.467916,4.224083
50000,8,9945,service,5,svc-0093,252,c087c2a8cb3384f19ba4224c92111bf733f58180f4a58563bed75e77fe62901d,0.488125,4.165375,0.47925,4.167708
50000,8,9945,service,6,svc-0156,252,b4e56def70ba879a7cb7d388f935e53a39181a280fd936ba2441ea84e0610425,0.49425,4.007417,0.449791,4.062916
50000,8,9945,service,7,svc-0067,252,7eacba64d540dbaf22af50339a698c26dab08be4c2544bfa3158e92db87c241a,0.467417,4.027084,0.577458,4.056167
50000,8,9945,service,8,svc-0013,246,d85e21cb16d9a9b2b3e24d2b5bddef0e10ba342446563e8cd4dd5cae77a875c5,0.478208,4.167,0.497542,3.998834
50000,8,9945,service,9,svc-0070,252,6c69016b367f2023a73947c4c3b183452a7a73b6cef31041f6dc4c1e3a3c8ae5,0.525125,4.369208,0.539958,4.07775
50000,8,9945,service,10,svc-0168,246,23156c6f86c2c490b084097562df7f463167dc877dbce4b4859987a3b4e8f94d,0.47125,4.126666,0.4005,4.062916
50000,8,9945,service,11,svc-0051,246,879093a0f4ede91562586356bfd3069521ccc56308afcac21056bf5549b9f5a5,0.495791,4.061125,0.47275,4.121917
50000,8,9945,service,12,svc-0181,252,5cec04fad595e9ea14222d58981b3a2dd69443a9392e5d8b4170a0d2ca117151,0.378084,3.91675,0.402959,4.120291
50000,8,9945,service,13,svc-0063,252,d24264d6a440982dbecb7b39955e79d12475ec064dce1b520d3c2948326bb743,0.44625,4.38,0.47325,4.051333
50000,8,9945,service,14,svc-0159,246,6af13cbcdf0f56c7a1786e3bffae03f6b0cb7ee1e4ef4c5ddac531903b40b553,0.446875,4.113667,0.377542,4.05675
50000,8,9945,service,15,svc-0154,246,94236614902b2e9b02ebc1ced153776b37306ae3f1cdd9de7d8050f263ef59a7,0.459833,4.168709,0.39025,4.163625
50000,8,9945,service,16,svc-0155,252,d3c763933ce039f4c376a0644056f20465be368c74770ef7dc8f4a2dbf8177f8,0.397209,3.999292,0.490584,4.21275
50000,8,9945,service,17,svc-0093,252,c087c2a8cb3384f19ba4224c92111bf733f58180f4a58563bed75e77fe62901d,0.452666,4.137125,0.424,4.0555
50000,8,9945,service,18,svc-0191,252,cbf587c0fb255c9191e8bd123bb844dfbcddfd2e5588de3a8880590b1ce373eb,0.446083,3.938334,0.398375,4.084292
50000,8,9945,service,19,svc-0151,252,835af900e8856d57d44d8d320c3a4a5e87376d17560628fde645bca3b178a915,0.474791,4.215459,0.452167,4.122417
50000,8,9945,correlation,0,corr-9945-00003221,6,01d7a5b4c98a6983e1fd304324a75e24bd233b03adc026a9b4f1471df3bbf9e0,0.195,0.140666,3.888833,4.010667
50000,8,9945,correlation,1,corr-9945-00006198,6,42827265952f4a17170e776c93c80f1222a62c7f46c15fd5c9a582f8cf855d48,0.199083,0.120125,3.916375,4.103916
50000,8,9945,correlation,2,corr-9945-00002709,6,5e46483939bacb47125dc6a90f4f5af196f807ee10997dc4ad7eb780b75d1219,0.186333,0.104708,4.019667,4.0875
50000,8,9945,correlation,3,corr-9945-00002988,6,9980df13db402371cdc59130d346f76267e325b0e20eeee21e298a3788a46df4,0.155709,0.107667,3.993,4.121125
50000,8,9945,correlation,4,corr-9945-00004053,6,d9b7ae06baddd49311c1130af65059f6ec69b9e5cf8cfaee7acca8c14005fc8c,0.184333,0.194542,3.942709,4.021791
50000,8,9945,correlation,5,corr-9945-00004257,6,33e6478421fc1e3ccd513d5d0e03b92cc376ae8a47aedba53d38f6893d8eb78e,0.198,0.133792,3.994291,3.966083
50000,8,9945,correlation,6,corr-9945-00000859,6,4667409be416f64388e5ce619807cc6bd721a7fcca70affeb0c7894f56d70552,0.151583,0.105166,3.9495,3.7435
50000,8,9945,correlation,7,corr-9945-00008329,6,b9220a0c9214c3be06dfd7e4faf52498ce5b862dae82e53c20c480a6aea09d25,0.1445,0.104583,3.824792,3.954334
50000,8,9945,correlation,8,corr-9945-00006971,6,3dda9aab09113a9c39a471f05a2b6ac324a66423bff033c86bdb8990da0f05b4,0.202667,0.20375,4.376,4.211417
50000,8,9945,correlation,9,corr-9945-00007173,6,081a0858f81093b392b7769fca14aaa59a4470b7e31d132b5c66d5c46e6a15de,0.197416,0.1115,4.073167,4.201041
50000,8,9945,correlation,10,corr-9945-00007087,6,c44bbafc37c10bd79f990791474c852a1d9574c68b51c929c98ae4f2276f5ddb,0.225459,0.128458,4.014708,3.9235
50000,8,9945,correlation,11,corr-9945-00008116,6,28d129eb73ae4d946b9fb1e4d3dfe028c6071acb7f80c2edcd1bdd95fe33fb9d,0.171542,0.109541,3.798125,4.087958
50000,8,9945,correlation,12,corr-9945-00004101,6,05216bd8c758f5baa0dd23faca99703d62d3094c5ec81bdd0ee954e98d3dfd23,0.19375,0.189208,3.972667,4.040166
50000,8,9945,correlation,13,corr-9945-00004857,6,8924a607fd57199398d5ac5943e688522232aa42ae92acb53b702380ed291cad,0.185916,0.110917,3.941292,4.09175
50000,8,9945,correlation,14,corr-9945-00001217,6,4dddee8792d3e10a55ecd442458018ea99e822e261c6491cf5d527e5d46eb8e3,0.148875,0.108458,3.944625,3.815917
50000,8,9945,correlation,15,corr-9945-00002326,6,4e398f9448b39851f44b2ecfdad450a5f124bba0b780cc944c23269b2ee48799,0.173167,0.109458,3.957333,4.346625
50000,8,9945,correlation,16,corr-9945-00000253,6,123842894a24f2b886eae416f5d8198b15d08136b3f251e49fc0e7af5745fa0d,0.251667,0.178375,4.866125,4.454167
50000,8,9945,correlation,17,corr-9945-00003843,6,99511534f375eb827a857529d2e76a4ab2ec948ea642f50c8ed88147175f7d7b,0.191209,0.114542,4.26125,4.381958
50000,8,9945,correlation,18,corr-9945-00004909,6,01c71b056a94b0dd4c2392a403d2a972ca4cceb1364ac545fc2fc80a47ed8427,0.27775,0.142834,4.331375,4.138125
50000,8,9945,correlation,19,corr-9945-00002755,6,9f17d1c1592f94bab93990be1ddf67bf2b1961e8097c3dd398b0ae5099569f96,0.255167,0.140458,4.695,4.474
50000,9,10046,service,0,svc-0095,252,b631990686e02c82146d2ec454975f0150e0b4161d33f1e388bdc50b0e7cb8c2,0.67225,4.406667,0.533792,4.345459
50000,9,10046,service,1,svc-0147,246,ae6c18a398c8e588bedc3f43182cebade5285eb8deee1dca09e54dd77eec5c19,0.464084,4.152291,0.706042,3.890917
50000,9,10046,service,2,svc-0019,252,266794cd99e05e20144f5332c9e93923a2e65694d91735520436ab50f5c8d01f,0.6005,4.072458,0.501,4.201875
50000,9,10046,service,3,svc-0128,246,33c1e9e0ded0d70d12662826887ef22e67142cbabacf57efc41e4eb66c67a10b,0.449584,4.194417,0.524,4.043875
50000,9,10046,service,4,svc-0137,252,7a6e2b29dff969df9b563e3351a7f601e213591412356e6e8e89a358a1c83824,0.546042,4.033167,0.489417,4.250625
50000,9,10046,service,5,svc-0035,246,53067b42846001ba333cc2143124fadb7e2b0466b272eccfd49bb9f4f98b323b,0.45125,4.013667,0.450208,3.935333
50000,9,10046,service,6,svc-0179,252,0a052ba126605d14eb7ef77a260319240c7f46b617bc9358b9e2394a35cc6cfb,0.510792,4.113,0.594083,4.095041
50000,9,10046,service,7,svc-0173,252,b8b58594a2c0d311990648655dac592f1af6e175456494313b88c6fbb502dc05,0.410334,4.292292,0.427458,4.089708
50000,9,10046,service,8,svc-0029,252,70c41699d108144038baefb7be96cab9d150065503239e2dcb2d081636c8ad7f,0.56175,7.032667,1.257417,5.785041
50000,9,10046,service,9,svc-0155,252,796b8d2878996614ff786ebfa7087e4624745b0f52bb795217f3a36a63545cd3,0.534792,4.379708,0.454375,4.095708
50000,9,10046,service,10,svc-0064,246,a34c0ae0055395bbee4890d357a959cd6fabbe044c3b42f8cc73e5a63b2e0669,0.522084,4.617291,0.66875,4.351916
50000,9,10046,service,11,svc-0109,246,b272997d52016003ccd5c1515ac917a8ec67b1cafbc33f01646e358d9f0fffeb,0.488292,4.563583,0.446916,4.397666
50000,9,10046,service,12,svc-0058,252,1478c7c4f826be9739aa709ab2587f74ab9821283ff61549239f5e02b0c0363d,0.615958,4.586917,0.61075,4.730708
50000,9,10046,service,13,svc-0135,252,6a5e3d1963825df0b97ed2ed8b7f5360ee4f34e33cbebe5bec6c82812b23ead4,0.544333,3.94175,0.4075,4.643917
50000,9,10046,service,14,svc-0122,252,fbe49b0f6da01128c431ed662cc31f5384521ca5b8293068e1bd270a33a0c19c,0.627167,4.714167,0.631833,4.521583
50000,9,10046,service,15,svc-0033,252,e4131d25a03dda601f0d5ef00c3862f2ef535ac30d543fd4559e04b8b5b57ade,0.478625,4.566375,0.490416,4.456792
50000,9,10046,service,16,svc-0165,252,a7590cda478eaa60db325c8f853e024e855dbe20556b77d94d032df7b55da17f,0.415625,3.9565,0.418709,3.952625
50000,9,10046,service,17,svc-0135,252,6a5e3d1963825df0b97ed2ed8b7f5360ee4f34e33cbebe5bec6c82812b23ead4,0.416583,3.94825,0.364708,3.814792
50000,9,10046,service,18,svc-0149,252,b8b3cbdaf9354a36fd395645d38fc1cabfc1d9685bee2de2795b190694f6b6ef,0.347708,3.8135,0.393958,4.446958
50000,9,10046,service,19,svc-0008,252,5a4e1eb52d97af2f0829dfa86802ea22db8ddb36c449f5f330745417fa895a07,0.409917,3.902458,0.665458,4.347125
50000,9,10046,correlation,0,corr-10046-00006836,6,dd9ce664c482f8f385fd9798e4828a63fb24c880c83cafcaeee202bcb297948b,0.168709,0.107166,5.260833,3.880959
50000,9,10046,correlation,1,corr-10046-00000734,6,bea9ebbd94492d05c5b9f835e6e1254b3e5af892a2925f2942a921e102d19849,0.309875,0.149167,4.318667,3.818834
50000,9,10046,correlation,2,corr-10046-00001469,6,37f3a32ecaf722b006ee2319ef6818a0deb84dd58b4fe6b2c82cb508c5506a1d,0.138708,0.093791,3.847625,4.154542
50000,9,10046,correlation,3,corr-10046-00002527,6,bdb4b50ad2f086414913aa759214e4746d9e80b24e534a53781b2d845092d025,0.161667,0.228042,4.262667,4.273834
50000,9,10046,correlation,4,corr-10046-00006085,6,c669925fc13586155b6b1692fa485bb38589568fe09fda54e69e89147fd20b7e,0.176167,0.1105,3.938083,3.987917
50000,9,10046,correlation,5,corr-10046-00000949,6,a12f1ce3f809b8aa4c2959fd7df04e36c7e58010eac36c185e13cb1804c9af58,0.13675,0.100542,3.825125,3.989625
50000,9,10046,correlation,6,corr-10046-00000931,6,148e369db1ba0d506b7407441bd2e30e955c3113c7cb34dd27b603df9f258d29,0.133625,0.09875,3.938791,3.857625
50000,9,10046,correlation,7,corr-10046-00007286,6,9d05297ff81e50a87ab17116bbf8a592e416de0d1710d1664de836a55baa1e81,0.360583,0.158875,3.798209,4.511208
50000,9,10046,correlation,8,corr-10046-00000632,6,443c0500f4a6ad21fd1aeb02ec98b7c03b4c251bcf4755d10abb5176b92796c0,0.178875,0.112875,4.027083,4.153125
50000,9,10046,correlation,9,corr-10046-00005700,6,f9a342702450fcfdca007b2ceb2919d11a5cba88018014b27e50d9dc5e0aa94f,0.146,0.10175,4.38475,3.771625
50000,9,10046,correlation,10,corr-10046-00006505,6,499af6f678b0b4337bc75c6f7f72db8ea39dd4393f42d31bcd599b2fd4574266,0.281667,0.162,4.409583,4.522458
50000,9,10046,correlation,11,corr-10046-00007649,6,580a240230bc8c73e3e299793432c8b0f360f24470d086044a264f042475c805,0.177292,0.24175,4.261167,4.274917
50000,9,10046,correlation,12,corr-10046-00000773,6,67b99034cc17a334c72608356074b1c688fc3861941175651617498b74cb068a,0.145708,0.106625,3.885166,3.924834
50000,9,10046,correlation,13,corr-10046-00007955,6,d333a874f55012a4a75d9c4d70146b30367274ea6b58400b271aff6d19d646c2,0.25525,0.137125,4.095833,4.27175
50000,9,10046,correlation,14,corr-10046-00005586,6,d438feb859a68c3d144693e82b1eda99fbc1da2b5a4718ab2c8ee8a1395a1670,0.249542,0.144167,4.251542,4.191291
50000,9,10046,correlation,15,corr-10046-00002351,6,defa7d0c7d6134ed7c74027a2d73f20a0fe039260a31f1e3c488ef04759f198b,0.258083,0.255041,4.140375,4.464833
50000,9,10046,correlation,16,corr-10046-00000302,6,ced36c8fe24614de998056b68c08b1656ffed1b50ff9f40f13c351fe04573ce2,0.22925,0.139208,4.145333,4.273458
50000,9,10046,correlation,17,corr-10046-00007287,6,a94361fce7b353421f50e43f2d6ef4776eba85284f32a2603d312f6113d735a5,0.288959,0.12525,4.047917,4.167
50000,9,10046,correlation,18,corr-10046-00008061,6,584ab3fdcfb97c4289ce62576281201fa3ab940ccee8a79f5ec4ae31471bd1bf,0.280667,0.210667,4.071375,4.129125
50000,9,10046,correlation,19,corr-10046-00006536,6,13ebf90269307d4e59fcb6ba8122d38cf23feb9a7464a6187d8577a1c320576c,0.260042,0.246375,4.196792,4.3905
50000,10,10147,service,0,svc-0078,246,49c4d7d57c1455075d7b4bd7d82f270b5e3f8c8964f5bf8b9315afd3f415ee30,0.611,4.099459,0.562209,4.481917
50000,10,10147,service,1,svc-0016,252,996cb2800c389e17d0bf88480b1e96c1b47ed2219ea1f3ffa5bbd3d3ecc752f6,0.680334,4.549667,0.741084,4.457375
50000,10,10147,service,2,svc-0022,252,c05e77aa28be5c66da67ddea00e1a0c71eb1d8ddc5f981348e3ada5cdf6155b1,0.473708,4.291916,0.548667,4.339708
50000,10,10147,service,3,svc-0007,252,2e1da5e7cb67c2bb10053c19b07b040ec6f39f19d4d447ae62d8458ac580ad4a,0.482375,4.288667,0.582291,4.366042
50000,10,10147,service,4,svc-0124,252,667680e351e5bdfb27a0fdf0ca9a0ab2142db9082cb25102742135a88a3f8fbe,0.440584,4.49125,0.400292,4.092167
50000,10,10147,service,5,svc-0121,246,c789794c641868ee7b116592903048589a73a7754843257c0747c2a37cfdedae,0.443083,4.15875,0.418167,4.332042
50000,10,10147,service,6,svc-0150,252,63aee16259c078dca192ad5aa34e5c64c30fe0736f3dc41f72851499f7783a8d,0.390833,4.084333,0.492542,4.276166
50000,10,10147,service,7,svc-0140,252,bbb10858f9b10ad6c2b788a1aa98ec908bb0a31036b7a30bb28c1147e479b0a6,0.521375,4.373791,0.454667,4.075166
50000,10,10147,service,8,svc-0177,252,ff6a330e8116bdf18ca053b2cf052878e70f0fa272cbf9c4b8d12848d628c9ad,0.461542,4.30875,0.412583,4.166833
50000,10,10147,service,9,svc-0069,252,e2f90b4e8cb1e2fdc2f0ec2432e9d49c542bec3d1da47d562ceb464e9d8c0d02,0.534958,4.379084,0.496,4.241542
50000,10,10147,service,10,svc-0048,246,e34c538f8df17d61cbeec3a6743283268f649de6fc86cab852428226725e5f43,0.454833,4.203417,0.479083,4.311667
50000,10,10147,service,11,svc-0017,252,21b3672bc4a4d7245756c12bc65d6baadc544ace41ad63c30667f14d3a4b967e,0.472042,4.231667,0.472125,4.178666
50000,10,10147,service,12,svc-0036,252,7e6d5773e1c0e646ddecf98b55aea3751858226755899df9107bef6e9959515f,0.435167,4.145708,0.440791,4.105625
50000,10,10147,service,13,svc-0164,252,0220ac55f152eec57c3369f792b770d98b43e0b5f966a37ff4adde6e250ce28b,0.454875,4.281958,0.495875,4.368125
50000,10,10147,service,14,svc-0014,246,84ce8867819f1c70e3fbfab9a22e4438da66c8c4065cf09aad9ad3e72dce1dca,0.351833,4.01475,0.428875,4.126583
50000,10,10147,service,15,svc-0081,252,80e8db6fc40332491fd1cda903de84e6ddcf7587e0d91ceff41d5cd70fc7a349,0.50875,4.337708,0.428834,4.322125
50000,10,10147,service,16,svc-0084,252,c57ded57749516ce80b270278a7ad641903a48bdde165fd9ce6d8ae819e8c134,0.510333,4.311458,0.418875,4.060209
50000,10,10147,service,17,svc-0183,252,f32a868f4b211024ded1096d9a205ded2e6433aac97d2fbe9251abc6ea7aaafe,0.551292,4.421792,0.479042,4.211291
50000,10,10147,service,18,svc-0040,252,3ed38bd8cffdb3841661e00e734e1f2b08ed0de236a015ffb3749b97dc8f8f16,0.467166,4.066333,0.473125,4.391125
50000,10,10147,service,19,svc-0069,252,e2f90b4e8cb1e2fdc2f0ec2432e9d49c542bec3d1da47d562ceb464e9d8c0d02,0.503375,4.226208,0.50925,4.204209
50000,10,10147,correlation,0,corr-10147-00004046,6,a33948057d88e02473938c9277fba59ac5696dfeabcebfd67458bd1e0e74f31d,0.166625,0.110584,4.065541,4.191667
50000,10,10147,correlation,1,corr-10147-00004089,6,678644fa8120722802021e2ea83cc9263fa4966eaffa12541142916dae878087,0.167583,0.106125,3.887,4.289166
50000,10,10147,correlation,2,corr-10147-00003055,6,69fac3f640aaf3fe00f2a2bed726501abf358e340f1cbd452f18c1e1d796e9de,0.197709,0.198708,4.16925,4.284458
50000,10,10147,correlation,3,corr-10147-00004112,6,13c7d5d183d14b6cf01f42033fa31eca7848e264eafb4cfec15c01381e013e88,0.151584,0.112375,4.118208,4.104625
50000,10,10147,correlation,4,corr-10147-00007987,6,28b98422df8f39b2c4872cc7e9d6aff3d3ae681ab250b76bb322dcb8000d6968,0.260042,0.153458,4.180709,4.350458
50000,10,10147,correlation,5,corr-10147-00006541,6,c156e6d4d1d4c16a589a38e61c9ef961e264f1e5a8350fd76e2c8831874437cb,0.194625,0.119458,3.91275,4.259333
50000,10,10147,correlation,6,corr-10147-00005770,6,9cdc482e0540bcd208b7b816de1c232c82f15ff246d96ad5c2dea603399f4c6c,0.169667,0.165958,4.200792,4.192625
50000,10,10147,correlation,7,corr-10147-00002276,6,552777d0dbd6e475e67942541c1166fcecc30ac1d694aea60fd7354356b9c38f,0.184625,0.118584,4.033584,4.175583
50000,10,10147,correlation,8,corr-10147-00004905,6,225427692e1f114203f1384b84e208ff3e67aac53516c753c08ee3619a33bafd,0.174375,0.106667,4.08775,4.223584
50000,10,10147,correlation,9,corr-10147-00002056,6,20506a35a85c7c93e95c42f480ec1a50f9054e9c6b15d55ee940b186f33fed90,0.173708,0.105875,4.093042,4.316417
50000,10,10147,correlation,10,corr-10147-00007568,6,4cd9a2a50d4db6c59add8a6595c1397a47cbe20a99eed7fd60f35776edb34ac9,0.184208,0.203166,4.108208,4.294833
50000,10,10147,correlation,11,corr-10147-00002280,6,a6b3bf4eca42c2ccb8fb4a571ab1e223f28510417ec4c37af5398b54a1dbca7e,0.186167,0.111333,4.128625,4.441875
50000,10,10147,correlation,12,corr-10147-00002884,6,536ed31ff42fed1eaf41b14087b962fd3e1eff2dfb4b55b075eab0e3cb54a1f7,0.152292,0.10425,4.086708,4.009792
50000,10,10147,correlation,13,corr-10147-00000175,6,43e5a1390cb093eac7113c0f4654cc565462d010175bdc45336bce52c418ae78,0.176334,0.104417,4.042166,4.321375
50000,10,10147,correlation,14,corr-10147-00005349,6,ec7a634c6871270a0ced2af80b9cf71ad6c3e561b610b7b785759979a35f5d53,0.208791,0.20525,4.1135,4.333292
50000,10,10147,correlation,15,corr-10147-00003173,6,f9f7130c85fcc3c938ad40654aedec6086747a0bd93c5fd94648a9ce2f77e991,0.186917,0.117583,4.081583,4.265208
50000,10,10147,correlation,16,corr-10147-00003435,6,d9e887c019ce10ee9dd62807f9f140d4891e93f166a6ab07f998455708b24a27,0.278625,0.145584,4.158583,4.139
50000,10,10147,correlation,17,corr-10147-00003930,6,239c5dcf18a784e59a3a89346b9e317fcd4ab5ec91b010ff16cc41f6e3c88d60,0.216792,0.11975,3.948458,4.249292
50000,10,10147,correlation,18,corr-10147-00005774,6,bd2e1a00b6dc51d92ca3e249774f27c4ed4c2d16b060efe8f989a45c39d023b5,0.248166,0.241125,4.207541,4.085625
50000,10,10147,correlation,19,corr-10147-00003830,6,eb1c79d7d5f6f2ce082f5177e6eb782e887103064bed579739415bab7a024652,0.182125,0.114666,4.253833,4.175292
100000,1,9238,service,0,svc-0177,498,debde28e1b5217417af4523542176ec770e502c0685042a7a68ed01af05b7ac3,0.97125,9.048083,0.876875,8.066417
100000,1,9238,service,1,svc-0153,498,f6e4b7500678ce7ae77260608b33ddcd9813a51aea50d12397f9cadde005889c,0.866917,8.426417,0.769041,7.952292
100000,1,9238,service,2,svc-0028,498,0d4e4b5bf761a3bcaf9daaf6f5397433823d7a952221a60c3ceb7af36aadf2bf,0.869291,7.707791,0.855333,8.002292
100000,1,9238,service,3,svc-0040,498,a61431e57df467aef1aa384e1e6eb847ba909acf538c012e96c188d889929446,0.811125,7.652709,0.852208,7.490625
100000,1,9238,service,4,svc-0051,498,c7e6dfeaed90529b03eb53d3c6e86f4c307d46cde44a6bed81e8ce4b5c698344,0.816042,7.755584,0.832834,7.442625
100000,1,9238,service,5,svc-0008,498,9b5a5f7781e9a539cb4223af0e99f362f6e81bfc4998bed980b069bc0568e0a4,0.818042,7.389042,0.750375,7.3275
100000,1,9238,service,6,svc-0032,498,2f693ffee33bf1218bed81a0711456bb819ce21aa5f48115c8829683c96f7895,0.860917,7.328208,0.810958,7.631375
100000,1,9238,service,7,svc-0104,498,1a222aa58f9e24b8c869272fe67c4ca1dad8a280ce08db8045de3360fdcef884,0.749166,8.494583,0.957708,7.438458
100000,1,9238,service,8,svc-0001,498,265b47042ffd42014ff465eec20a39cfe04d54ecf25fe2cc15692f9fca01fadc,0.730083,7.522625,0.7685,7.287291
100000,1,9238,service,9,svc-0029,504,f109cee2fc0c07c5c37232458f3be13f89511823d2c28e88f690e5cd1e0fc9a0,0.775,7.4975,0.67375,7.4635
100000,1,9238,service,10,svc-0080,498,57a98cd9c27674cd258400abb2121b43f7b8357d8dad601a3f8b89162a7418bd,0.818875,7.447375,0.826292,7.491875
100000,1,9238,service,11,svc-0121,504,6f5bb79eaf88f319f7b759aebcdcc61210429b7899b1f4290a7d9cbe836ed587,0.649042,7.465834,0.796791,7.486333
100000,1,9238,service,12,svc-0060,498,dfe844e8b519e33613fc7679e03132df612bee712362df39dac32f5a78346e09,0.729833,7.464458,0.733333,7.322083
100000,1,9238,service,13,svc-0032,498,2f693ffee33bf1218bed81a0711456bb819ce21aa5f48115c8829683c96f7895,0.82175,7.350167,0.71025,7.34275
100000,1,9238,service,14,svc-0199,504,46fdbce4524dd5b86bec3f38a07e516b9bdad65a7cbba1052f00e1198b56f5db,0.733,7.452292,0.707042,7.356042
100000,1,9238,service,15,svc-0092,504,0449a617ce2c679b4c644f13c0be20d01256ff41d94d0878af95e6d0191edec5,0.663625,7.356708,0.88975,7.35775
100000,1,9238,service,16,svc-0040,498,a61431e57df467aef1aa384e1e6eb847ba909acf538c012e96c188d889929446,0.81175,7.476334,0.820125,7.479583
100000,1,9238,service,17,svc-0082,504,1c68c0c919eadb5451dabce59c5faf61ebb7fc0e5f964d352ca53cda82cb26c8,0.838792,7.438958,0.643708,7.2805
100000,1,9238,service,18,svc-0139,498,3019bf5b4b7a9e949ac9a8d0984d892400890f1280476f7254e5d8774cf381c4,0.812917,7.423792,0.7895,7.650667
100000,1,9238,service,19,svc-0097,504,c3c2cdf61f0e56d6257abd478e681e7fe7dfad165c70cc66e6964f929e320c43,0.64525,7.672834,0.821125,8.774542
100000,1,9238,correlation,0,corr-9238-00011487,6,7273f8a6fdded45cabd959a203a67cefc9d821196af27f270617db590a5b52a6,0.195708,0.115875,7.708042,7.4165
100000,1,9238,correlation,1,corr-9238-00002315,6,8bc29ed67b5fe8885b70eb5b7e3112c964be1fee9533214ce065839e0c7bcaa0,0.253,0.135375,7.516084,7.163417
100000,1,9238,correlation,2,corr-9238-00004213,6,fb72e24b8463bd000718e11a696dd46f602b9c2269c07cb7eed4f102f6e7d6e7,0.2935,0.155375,7.582833,7.469042
100000,1,9238,correlation,3,corr-9238-00008629,6,8b03479027f71a9c067dba15f738af6da32452aa11a7ed3fada024e273bdb2c1,0.242708,0.195083,7.472667,7.85425
100000,1,9238,correlation,4,corr-9238-00011981,6,ec26b9504b35ac4ba30c5b50dfeec86eadd307929fe0250ce969d45a6d1290f9,0.24625,0.13375,7.427042,7.901375
100000,1,9238,correlation,5,corr-9238-00005173,6,0bf40f91875c60c5d95cd07ded14ab73069e84f3cd984d9b911165f40982318a,0.204458,0.120542,7.352542,7.457292
100000,1,9238,correlation,6,corr-9238-00007783,6,2141580299207210aaedb34bf93c4f5311af379532c398128ee0ceb6d46063cf,0.242167,0.131042,7.638875,7.630042
100000,1,9238,correlation,7,corr-9238-00007701,6,5af0c1f7c692b66ff4f92516b112999a6b0f3591e6c953b467e4a80effcca5c2,0.366625,0.243917,7.597208,8.245459
100000,1,9238,correlation,8,corr-9238-00001599,6,017a135cd66370a47a2dda9b767cf2a4fafa6885ec4e7c4b0b7510fdfcded9f9,0.316125,0.162417,7.729834,8.043958
100000,1,9238,correlation,9,corr-9238-00012320,6,f1ae030c8fa450765e9b095428b2ae298785c062ab561e37fd41e95a5576ee7b,0.257125,0.126208,7.635209,7.525083
100000,1,9238,correlation,10,corr-9238-00002653,6,4c9cb67f214f50c1fbbf9b9b01ab0de587362aa8bbdf9db696a2595363f1e4fd,0.220959,0.121541,7.222834,7.724667
100000,1,9238,correlation,11,corr-9238-00016601,6,4dab382c49f2d391cc687fa360239704765cd290fac4d6a988a603455ab566b5,0.218,0.253625,7.393291,7.381458
100000,1,9238,correlation,12,corr-9238-00008201,6,2df6da400b5ab0ef04cc9d313791ce5a4d419d9839f80bf956c2a99fac592952,0.190208,0.116125,7.56425,7.504166
100000,1,9238,correlation,13,corr-9238-00007342,6,3c5ad3dcc21326c9d7a53339153e49971f5290a9d37b8674c4e8481dab747320,0.184,0.107875,7.379375,7.317208
100000,1,9238,correlation,14,corr-9238-00009615,6,cbdd4dbc4821cfebdcf25f0be6bf7160e9fec94f200e6e1ed9a07ea4e155a54c,0.278,0.139042,7.52725,7.591417
100000,1,9238,correlation,15,corr-9238-00013393,6,a3d67c31b4c0be8ad71e8b9671195db3dfea35a11751da8d9164e595da83e2f1,0.196333,0.192042,7.3755,7.303583
100000,1,9238,correlation,16,corr-9238-00006884,6,7464b991c3b5475c6ac760a469518bf6e8a2348ba474860d4f0461eebcdcf173,0.217625,0.14,7.301833,7.657209
100000,1,9238,correlation,17,corr-9238-00014070,6,3040e934ff5aece1f7ecb64104e17b9a7e77df01d6f3d434622a656d2c0e5fe5,0.18625,0.115709,7.289,7.500708
100000,1,9238,correlation,18,corr-9238-00011600,6,8da1e5fc521d17805a467b90bde65bcd36e319b8a563da2ac07e14bf6c44360b,0.218792,0.13125,7.237167,7.526
100000,1,9238,correlation,19,corr-9238-00005651,6,f754f75fd30fc82ad8ee472ae6f5093eb96288c3fa5b16756a61e7da4ff0ea1e,0.198667,0.294209,7.703291,7.362542
100000,2,9339,service,0,svc-0025,498,ea89a93d77e4c6ec8db54bc22859366e971da7db267357b7378866fedfc92a34,0.843834,7.242542,0.965417,7.38025
100000,2,9339,service,1,svc-0069,498,88ff1a3bae9b9a552399995a4cdf2f77f71dc81d53f02c44c4170722133d670a,0.865833,7.34075,1.026333,7.699541
100000,2,9339,service,2,svc-0034,498,5c917f0d1c1f3eb424bd048ec3fef4416a869d579a4d6facd9b623a12d1fd6da,0.673959,7.32525,0.7945,7.565
100000,2,9339,service,3,svc-0090,498,d223f835399e6efeda2638c2a8de86ba656de12bca76c02eefa9f1ece99efc84,0.761875,7.839584,0.770042,7.428292
100000,2,9339,service,4,svc-0105,504,577ebec046e18377681521f2926ea5b40861e8e2e57f929cd6a1091622a229b5,0.8155,7.466417,0.716417,7.347459
100000,2,9339,service,5,svc-0188,504,4b08e7d4fedee13aecd90f3fc6ef1fb7471d9751f5eeb23167313ed6a2696f57,0.73075,7.2335,0.816459,7.513875
100000,2,9339,service,6,svc-0087,498,e70770b076b6f11f3a2ab69697c1f0d4aa8126d442a10a9571f50e46816cc50e,0.680334,7.470208,0.79075,7.482917
100000,2,9339,service,7,svc-0033,504,58de0250e654a487df9aae4fa38127141aabfb8d7a54d1f0366e601cc22e9017,0.814458,7.534166,0.785042,7.280125
100000,2,9339,service,8,svc-0124,498,344926cdcea2515215847eda0084cfa7d16429566e6b7e66ac2199370b403695,0.834667,7.348416,0.71,7.333583
100000,2,9339,service,9,svc-0058,498,524f5c630673c7aa7e074a100382555953c5cd243d14326ff3f5bfdfbf3c147e,0.780291,7.360208,0.848042,7.390125
100000,2,9339,service,10,svc-0029,498,18f02761e1568472a3d760fe31994a82029465fadb59b999a3c26eda75841c62,0.832625,7.38,0.838167,7.4985
100000,2,9339,service,11,svc-0151,498,a32f82ac288360030465863ca06a6a0be899aa10123dab3306cf21281dbf45d1,0.788208,7.38025,0.732458,7.381625
100000,2,9339,service,12,svc-0078,498,c736fb6af6c2e8be5b27a3b24e02f0d7f8cee6a68e51165edb01ee1b405c7ae5,1.452583,8.620125,0.721042,8.835708
100000,2,9339,service,13,svc-0121,504,e0239aee27c65b158cfeff0f78c3ad19cff4d8bec9683d9b5f3e8cc617dcdec6,0.728625,7.154625,0.914,7.384667
100000,2,9339,service,14,svc-0172,498,dc04cccc206819941b2e9d1c615d17f5dc2002d59a4325f4fe7eea2bd4160240,0.848084,7.684,0.929167,7.050834
100000,2,9339,service,15,svc-0011,498,d0cdd15882dde7f7338117002ee583bcfaf24cde43762c3dcdc32bc0b1b6f3a8,0.894292,7.650625,0.79625,7.348041
100000,2,9339,service,16,svc-0158,498,887190128c39c5531e5852cb0a92cf9ca9dbf1fcf7d9a911221523491060eab6,0.880917,7.179292,0.718208,7.646583
100000,2,9339,service,17,svc-0156,498,a76ff9173d0f84966bfb3a6552722f6c7d9cd81e08b9f935c7505645626573b6,0.796625,7.290833,0.814666,7.650458
100000,2,9339,service,18,svc-0092,498,d4636c63e522bcff91f6dd92886a21deccd68c34164e04345ec2bd0521be26b8,0.670333,7.67325,0.885167,7.563792
100000,2,9339,service,19,svc-0131,498,8d122fc303889e58140a73e26b0bc7df1516745418bc1f4da2a57b74f600c64f,0.811333,7.639,0.848125,7.357708
100000,2,9339,correlation,0,corr-9339-00007013,6,35411695bc1ec896dfbaafd7e84efa74ca871ed148500454bc48c2b1ac5df354,0.195834,0.11825,7.015875,7.487291
100000,2,9339,correlation,1,corr-9339-00010476,6,394b9849c47821432e4f86c68f7dee0788c2ba41a389b9638ca5bdd2316cb8f4,0.196458,0.117708,7.126125,7.385333
100000,2,9339,correlation,2,corr-9339-00016341,6,4b2e1c4eb008a61c369db97ed91f74c2a17301bae3215de8cbf217975d6a3bf0,0.192417,0.224084,7.535333,7.590208
100000,2,9339,correlation,3,corr-9339-00014901,6,2654a0a011e446ffe6d2de41cf385727152a73a652e0de15d89db6b965f9c617,0.201625,0.113667,7.200166,7.419958
100000,2,9339,correlation,4,corr-9339-00003128,6,5b6018da6395977ec11a2e465bfc579662a9ded9b40151cac9c51e3db958c180,0.228458,0.130125,7.505,7.256792
100000,2,9339,correlation,5,corr-9339-00000310,6,3adfd8a48cb0cf478150e528bb26d4bf11e6973dd11144434881694f70da08a3,0.21775,0.123417,7.535209,7.5305
100000,2,9339,correlation,6,corr-9339-00011536,6,ec48cb5684c9896c8dd093e7e42b37e8c13760220e967a330083221c11423221,0.241083,0.275916,7.28325,7.438458
100000,2,9339,correlation,7,corr-9339-00009052,6,705bfe61238d1ee702fea6f8331419f4d81fa1674eb2f002ec730c225d917481,0.267959,0.136541,7.419083,7.40875
100000,2,9339,correlation,8,corr-9339-00015507,6,5942658ba9b324aecbb824e64f49d4cc4528ba867d9b418c76d330c37e42f44f,0.249083,0.120166,7.484791,7.218333
100000,2,9339,correlation,9,corr-9339-00015209,6,ebf4aac89d94ec2180145e3b49a548450c8fbc7c27d515174ad2c64bd4ba99ab,0.310625,0.144209,7.216667,7.315458
100000,2,9339,correlation,10,corr-9339-00015731,6,bcb2d757ab047a793dc0d9e7ea8ec42b4a521d0f4aaa1e2339473422aa7380f4,0.266958,0.218583,7.123333,7.29675
100000,2,9339,correlation,11,corr-9339-00009607,6,8c6ccdf7ad7ca3a3f8fc4397666dcc3a621982bc09efe976bc1b0b7b68027b63,0.29825,0.134125,7.256834,7.453166
100000,2,9339,correlation,12,corr-9339-00002653,6,497bd6e331d2f8188efc4d984745441b7418837854017683d51370bb4457912d,0.219,0.129875,7.229959,7.233291
100000,2,9339,correlation,13,corr-9339-00012506,6,94a84c71986d4b0aa0156152ab694b39f6dd23eb1de20448eadee12bf060f9e9,0.271333,0.126917,7.398959,7.277125
100000,2,9339,correlation,14,corr-9339-00007354,6,ef84dbeb3789ad5e0c5c490f50cfe8e48bb83cdabfcd130e1e4dc432102129d3,0.185875,0.233583,7.307708,7.271083
100000,2,9339,correlation,15,corr-9339-00002299,6,f1367f457fcdb504c51499674f32f21b6b9657ced46764e08f930628c9dace21,0.207875,0.114,7.288666,7.451084
100000,2,9339,correlation,16,corr-9339-00006220,6,9791a7fd6e970b5daa3643bd678f6412f6a12b549ccffcf2715cab2a749923b9,0.205292,0.123708,7.157083,7.211709
100000,2,9339,correlation,17,corr-9339-00014939,6,8b0975d0bd91395d0aa9852a4db69bbe0f99954259f8cdb206c5e341032302ec,0.217042,0.118875,7.305125,10.071459
100000,2,9339,correlation,18,corr-9339-00015454,6,01169286ba41c0b7c7fea67260b59477fc020991df093f61875fda26772389d1,0.193625,0.284667,7.249959,7.095208
100000,2,9339,correlation,19,corr-9339-00002696,6,fc93d00d58458e0229ae5f4277ac8b7c13e681c9ea18208bd474257b120eb7fc,0.218333,0.118625,7.280041,7.325209
100000,3,9440,service,0,svc-0010,498,0e0e4bdb81507912f0d9f89ab64d62c1982c9d072ad86cc2c0839b0f42e79862,0.900167,7.390375,0.853708,7.8115
100000,3,9440,service,1,svc-0187,504,4ddd6e05d31811ce29ce04689b80057ae56aade04a65fd75e4ee9ed52f574568,0.692625,7.661709,0.598292,7.301333
100000,3,9440,service,2,svc-0149,498,6f764397615516cf13b4e219af458e70c4a017130e86cdc128b45225e3d29594,0.940958,7.589334,0.739292,7.327958
100000,3,9440,service,3,svc-0091,498,5d3bf437206f4cdbf7df48b02a1d4cc105875e88642a99f607d7ad807ba6f17c,0.863084,7.968791,0.741166,7.778541
100000,3,9440,service,4,svc-0019,498,edfdf75092bf36d5ad5bfb1d5f36614e7a98026bc579989161504a7ff49e47d0,0.780875,7.774917,0.929458,7.827958
100000,3,9440,service,5,svc-0183,504,4cc445acd2c3741bf8d5b8f1598f2f3538231a4200754eb2477081064e4a0fad,0.717417,8.814084,0.812292,8.443
100000,3,9440,service,6,svc-0007,504,337917844fb651455a0a3dce19a168c14166926442c69c4b5aa7d1c83dca6b39,0.864625,7.699084,0.811417,7.661708
100000,3,9440,service,7,svc-0171,498,665b1e29f7acbe073d34abe64035165e2c9725b1ff9424a730b2ff10f7b5f3dc,0.76325,7.522375,0.737458,7.566708
100000,3,9440,service,8,svc-0180,498,402a0dde87a38030e1f5551d2cba8969cc7eff31590474fa76d4354e6c9ed6cd,0.808666,7.3145,0.836542,7.545167
100000,3,9440,service,9,svc-0023,498,d7315ba45c26eec4faa1dfdda5ed7a8e94ce8902dfc51ab5eb295538a59d76d8,0.690625,7.514041,0.888375,7.279042
100000,3,9440,service,10,svc-0114,504,51bfd398a26788324460fc9b8efb32089547b0f01b85bdd02f73ea7a7f0b1357,0.875375,7.712417,0.865708,7.449833
100000,3,9440,service,11,svc-0144,504,f9fd803f66810e85efc9414c8e89a9f740e7be97aa1d3f0449649362a25b66a4,0.766208,7.43575,0.681208,7.536167
100000,3,9440,service,12,svc-0171,498,665b1e29f7acbe073d34abe64035165e2c9725b1ff9424a730b2ff10f7b5f3dc,0.744666,7.314167,0.773,7.419166
100000,3,9440,service,13,svc-0085,504,fb5f3a2be59417c25e6c52783c038dcc5c284510bc6a7618e6a5bc2909e446d3,0.750958,7.622417,0.789875,7.556208
100000,3,9440,service,14,svc-0168,504,893ae888954f73366eda1a0976063a836bc8680ca404ff3c12c616527782610c,0.804458,7.64125,0.75575,7.538834
100000,3,9440,service,15,svc-0191,498,4a74e41ca4913fac2916ba6550cd40958a68067abb10db3f5dfdc506e0fb30a7,0.730583,7.266625,0.75475,7.151708
100000,3,9440,service,16,svc-0174,498,81cff85aa46e6219e666599e063214576987481a13545005d4b091901111c222,0.703875,7.355709,0.758041,7.381417
100000,3,9440,service,17,svc-0132,498,4fcdc097463ef337681067c53735c9019719093f40c733bc4e3f756810749305,0.689125,7.388708,0.735083,7.138
100000,3,9440,service,18,svc-0111,498,a231c53f84c893be2778de3d863174fe2b4447ee84fa2ad31fbaee2377379907,0.805542,7.228709,0.693333,7.338
100000,3,9440,service,19,svc-0042,498,feda2eee8f66b3797b04bf88e5f66d6db9a31251a18ae0366f8a14fc4c55aa7c,0.856416,7.361417,0.746875,7.492667
100000,3,9440,correlation,0,corr-9440-00001248,6,525e142de6d7e26a9520dd23a82a2fdd825200359ad72521000a178841f7c22d,0.21525,0.121334,7.375292,7.801042
100000,3,9440,correlation,1,corr-9440-00011925,6,e66d82daeeb4b50340f7e0ff20738200c83b3f669c548c951a4086b39533d06a,0.193125,0.200333,7.441125,7.497375
100000,3,9440,correlation,2,corr-9440-00008704,6,44062ef52ba6914ab972754bba3c5a565a8620cec162e74b53032fdf692bc438,0.186083,0.121708,7.420334,7.507875
100000,3,9440,correlation,3,corr-9440-00008236,6,b900892b8015b1a1faa9880e8d0ec076978e230782fabbe90a31ed464e07147b,0.210959,0.119333,7.793375,7.583791
100000,3,9440,correlation,4,corr-9440-00006080,6,b84237c939ea1896a09fe0457eabc4c0154d954dda763fe11b0e78e4d4bca1c7,0.24525,0.130042,7.192334,7.498333
100000,3,9440,correlation,5,corr-9440-00002329,6,40e612d2db05f5606c0a84400e7a479515f7acc16761cc41aaad9f57cc84daa9,0.186792,0.207334,7.263084,7.269667
100000,3,9440,correlation,6,corr-9440-00009192,6,edb2b232d8c210509138b085ff92dc38278be389e72874baf6fffa74efa6fae6,0.184333,0.110583,7.231084,7.426083
100000,3,9440,correlation,7,corr-9440-00012430,6,cf6b6f28449b90d328b3e13170921002b0af2f4518c183c63f1663bb03bc86eb,0.194708,0.106583,7.076084,7.273
100000,3,9440,correlation,8,corr-9440-00010566,6,20583478fc3d85c8a8c902580bf0d203e25df1468009d182ad225c2a456c483b,0.206625,0.118042,7.133667,7.216167
100000,3,9440,correlation,9,corr-9440-00001194,6,d4fd1d7efe55533f27ab3972116412dcbe691c37dc1405e01edd48bf87ee40fa,0.218458,0.214583,7.353583,7.558708
100000,3,9440,correlation,10,corr-9440-00011674,6,176bdd7a327ea1f14252b97b47465d85c546e84c2bee4ee4f35be87a9227c9b7,0.2005,0.131125,7.370292,7.315667
100000,3,9440,correlation,11,corr-9440-00004739,6,e00477faf0eb3a68639bc8b2cfbf56dbe0d622a7f2e3ab99caffc40fa7a5832f,0.186583,0.112458,7.590458,7.192333
100000,3,9440,correlation,12,corr-9440-00009106,6,5364c3fe5688b48a923ab63c522d735c1962f2666cfb3ebbbec33fe7e242bac1,0.228708,0.1075,7.374792,7.25025
100000,3,9440,correlation,13,corr-9440-00008379,6,86a4770b2dba8a568a2a25190df1ad0ea28e6f18e8868a0cbdcf74daf652668d,0.233333,0.193375,7.250916,7.426125
100000,3,9440,correlation,14,corr-9440-00012353,6,1ba6c107e3f5b90b9f196678dfadf8829783919105a717bd2de6180d78be1713,0.1915,0.112208,7.47475,7.679958
100000,3,9440,correlation,15,corr-9440-00011832,6,c095f08c3cff1a51820ebc7a126ca8bf5bc9311112694b8187b87af3f3118214,0.18575,0.108458,7.21425,7.41125
100000,3,9440,correlation,16,corr-9440-00012413,6,918f4f92290bfb58e6df7c5554c73364628e50a5ffad27ac62759e6f7c4ab710,0.196875,0.131042,7.286625,8.271792
100000,3,9440,correlation,17,corr-9440-00012336,6,f7a3b7b3d11ca7ac3ea87622cc6e2576e6fc32c22ea2d4812d91285be259523f,0.198375,0.299084,7.337875,7.361542
100000,3,9440,correlation,18,corr-9440-00005717,6,f790f02a349de6ecdb0d6526d11e9731f47613a78f7940eb7266cd9ca81cd922,0.223792,0.138541,7.478,7.760667
100000,3,9440,correlation,19,corr-9440-00008087,6,d116fc90fc9e45829ef055e3bc203b13caf2df821b45b4cbd6a42135aaafa812,0.190375,0.121041,8.240292,7.978875
100000,4,9541,service,0,svc-0072,498,5bb539224797d43f439479b0762dab13d9a0bfa6b1f704f90b80a82b44d5c59e,0.886792,7.79625,0.763291,7.4135
100000,4,9541,service,1,svc-0160,498,bcd3b745b71cda0efe2e48bc79c6ede82961a328608a8dc8da00d03abee1c39f,1.027625,7.447209,0.730625,7.511292
100000,4,9541,service,2,svc-0138,498,b913833790d38bda30aff41339fa51451b0c02ad67e4e63c81765b860494b01b,0.835625,7.490416,0.79675,7.538167
100000,4,9541,service,3,svc-0057,498,9f88598f88ec49274192b5e4db2b9c9b12086dee4ab62378e149560b44c81822,0.699375,7.336625,0.720584,7.537958
100000,4,9541,service,4,svc-0063,504,58642a733bb4583025d98b67e2458e28b54c904513009e744de77570ec79b9de,0.767875,7.568292,0.818417,7.385042
100000,4,9541,service,5,svc-0160,498,bcd3b745b71cda0efe2e48bc79c6ede82961a328608a8dc8da00d03abee1c39f,0.730458,7.445458,0.737292,7.857667
100000,4,9541,service,6,svc-0148,498,8728ffff73ee2cd822461f193dbcf402b42b98177a933ce679a8aa9fe6092756,0.755333,7.624666,0.671208,7.481959
100000,4,9541,service,7,svc-0022,498,3927e852108b868a5bfb01c4eafceed32489167521ce887f621dbebda6215e08,0.77575,7.260375,0.789583,7.550541
100000,4,9541,service,8,svc-0123,504,fdeb3b841d190f6791d3af99fda9108b91f86aaef10f66745124f41c79be3a26,0.665167,7.730875,0.916167,7.659542
100000,4,9541,service,9,svc-0085,498,9696975ff60e13bb83084e9babc15de9f4ba3c7ed40d8e626f97e3c7c65cd31a,0.728666,7.855667,0.762,7.660208
100000,4,9541,service,10,svc-0047,498,80ac7a1f704c9b2c5176d9a7f2a6ef38be57c19f6e0d7ec7c3adf326f96fbbeb,0.827041,7.522167,0.750125,7.586417
100000,4,9541,service,11,svc-0038,498,d030b6bb148903f45ab5d48a23a8694cdc6407f26ab99501db0b5cae8f72cfaa,0.714583,7.579292,0.723916,7.650083
100000,4,9541,service,12,svc-0171,504,b35aa3c076004bb413d146065c9ee038193ecbaf40e16d5bf4677696b40d7081,0.690459,7.466,0.731417,7.34825
100000,4,9541,service,13,svc-0025,504,cd2d59a81f37441c52e7c9131eed51f462e245ecba78bb20767f7664569c613b,0.803917,7.369334,0.69775,7.544084
100000,4,9541,service,14,svc-0064,504,4157262d45a231eb2afe7f2076fb6641cd3a60b0b4c1703c575725e6c004d32c,0.838,7.399375,0.720834,7.910709
100000,4,9541,service,15,svc-0077,498,89be179487f9d35d8207281e078c14de719a3e93708bd5515cef3395dd7a7d49,0.760417,9.361584,0.766041,8.1145
100000,4,9541,service,16,svc-0177,498,5fcaac97408c81d65a0129980bc48dedd17a37c19b8938e643cba3053dfd5154,0.657458,7.711459,0.840625,7.737625
100000,4,9541,service,17,svc-0143,498,8847cb5192a2b44a179dba56d065db91674b5677f5f09db985b7aba2d5f82ca1,0.879459,7.5425,0.853584,7.628708
100000,4,9541,service,18,svc-0104,498,36d8ee6f308f03a46db914d1e62658af1c5a4e0692459fc9df4a6adb90752299,0.714333,7.545375,0.670209,7.412625
100000,4,9541,service,19,svc-0190,504,d31b4974f47185ebfba10bbd5bd59aac9ba3c822f813772d84613de96a6c94e5,0.730333,7.392209,0.741375,7.6655
100000,4,9541,correlation,0,corr-9541-00005040,6,f7741ab2c00415eba1059d436db70de6f978b672a0b9d4ecf2f0be2c19d19531,0.231333,0.13825,7.537625,7.4765
100000,4,9541,correlation,1,corr-9541-00009169,6,420caafff45fdb6f825977fd4d1527d759606bb7aede3e21629e9209009003bc,0.261333,0.133667,7.487083,7.5365
100000,4,9541,correlation,2,corr-9541-00010172,6,d19a940d8b4918c037b130945c0e90d1d9f3a65dba34306a40eda39053885a9d,0.208125,0.120083,7.364833,7.299834
100000,4,9541,correlation,3,corr-9541-00009229,6,048ab7dfe5faed2bd7ff5a7d0cff0a5a17f4917d6b9bbf950e19a719c816933b,0.200542,0.121417,7.48125,7.61825
100000,4,9541,correlation,4,corr-9541-00001538,6,31b8d39b9e17d159d70beeea62bede3bd9ee6c5879f3c3419b3d2a61799a451f,0.21775,0.192125,7.440125,7.54675
100000,4,9541,correlation,5,corr-9541-00011994,6,ff091bb71e5d0b5c12ddcf9417a8397f5dd9ed1b884ac92b70d8ee2d2820367c,0.2585,0.134667,7.358125,7.554583
100000,4,9541,correlation,6,corr-9541-00013346,6,0ab1325b96e6aa7fa9e9575f3fbdd1a518468373ad3e10654235c88952e4347a,0.191917,0.1115,7.303958,7.306958
100000,4,9541,correlation,7,corr-9541-00000934,6,aa36b7d51bec69b8c1f9af451fa44403629d13fd856d28437de102a255210773,0.195833,0.108708,7.342792,7.488083
100000,4,9541,correlation,8,corr-9541-00003982,6,affc821cd71ffc1aa59918807dbdd0c0d33c46b1535fe6ef2bf4e9da38fc2feb,0.395666,0.234125,7.508917,8.794875
100000,4,9541,correlation,9,corr-9541-00010233,6,1a2353b54be302a7e80d9c8a7f34c4e539f5203058af9ae1c248da94f295abd6,0.243583,0.124917,7.69275,7.258333
100000,4,9541,correlation,10,corr-9541-00012801,6,eb2d94be21fa264cdf4799bba469abdca6cca40135099624b4099702138a8d2c,0.135333,0.115875,9.017958,7.69475
100000,4,9541,correlation,11,corr-9541-00007499,6,1528b71f1741b4109adf80695715bec6400b2b41556d20085fdaa22f9fad9b35,0.2955,0.166958,8.122708,8.255042
100000,4,9541,correlation,12,corr-9541-00014683,6,1fba9832b4896390da1598fafa89fa659f695d09a7584d1d0b6448ac9ff88506,0.232667,0.285125,8.094958,8.083292
100000,4,9541,correlation,13,corr-9541-00001172,6,cc4b659c2244761f9299af5c900c62dbee38280c048d67b23fc79df9973cdea6,0.258041,0.129625,8.418,8.212208
100000,4,9541,correlation,14,corr-9541-00007636,6,369d916ee357116046ff6e7f4cbe58f4c2ce33aa9eece9fe24723509723d3227,0.200958,0.115208,7.470333,7.43325
100000,4,9541,correlation,15,corr-9541-00002770,6,889c5540d1655e8f0f56931909a62cdf487077d55a3f98c78651e1392375bff5,0.187792,0.116166,7.420625,7.564792
100000,4,9541,correlation,16,corr-9541-00015459,6,eb3e6a058e53fd0998bafff44811b66f65f307822049f9c9a4ddc2434f808b23,0.193917,0.239417,7.624375,7.36775
100000,4,9541,correlation,17,corr-9541-00015497,6,11dbbc7b7e729d02b2a805ddc09db63f2824b4a51e037aa4cfe4a9bde82ab42a,0.245917,0.138084,7.308625,7.796708
100000,4,9541,correlation,18,corr-9541-00015474,6,bf6514436c52827f12c245634f7ef1be367d36e4db93da3bf128d1ee864a252c,0.267125,0.126667,7.415541,7.544459
100000,4,9541,correlation,19,corr-9541-00003143,6,041888388fc971bfb6cc6289494124905ca25e32b1e05faf98719b95ccc4c346,0.277042,0.130584,7.286834,7.697042
100000,5,9642,service,0,svc-0074,498,4683ca0c5e3c5c13285720242abded78d2d89f7f9edbd831b59def21d4b4c354,0.79875,8.045708,0.76,7.602042
100000,5,9642,service,1,svc-0025,498,c875dc1afd633977ee273d5a5d14093ccb5bbcc5a6d6be7380d3f9a8493d6905,0.754792,7.743833,0.73325,7.677292
100000,5,9642,service,2,svc-0171,498,2598adc6804c69fccc53a7f31ee9e73887ea5acb9ad9390bb65c81d40501f627,0.71175,7.467959,0.746,7.5865
100000,5,9642,service,3,svc-0183,498,cdf2f5f50239a7965a0d6c82a9a4debd13b6fa97e0e932044e5a72927befa77f,0.74675,7.513541,0.816,7.419666
100000,5,9642,service,4,svc-0081,498,b98592676f82dd3b6eb831751782e30bf0cac2ff01690843cb4036618e39d897,0.840542,7.73375,0.821709,7.454625
100000,5,9642,service,5,svc-0098,498,601284e2ce92b1e7bebc04eb2b701ad19f51419b683e97e6f98e0679e4a76275,0.842667,7.838875,0.679583,7.5145
100000,5,9642,service,6,svc-0120,498,d6597db3746bde5f3ae6979083aef5c485304050fffbaa03a1a50f3959286a52,0.941708,8.157417,0.7915,8.405875
100000,5,9642,service,7,svc-0016,498,b26d0b99a33378840b06336b7b5218c17d0421549f10cd88c533a8f2bcc2d2bf,0.725833,7.669416,0.793291,7.891084
100000,5,9642,service,8,svc-0075,498,50a1442dbbccd08f0fe6be738397f55c7d8d43ca7b309c788eb5b099230d231f,0.773625,7.865834,0.808084,7.664125
100000,5,9642,service,9,svc-0088,498,85f684f35f2dbd1884c0f8339c37b6d9583de11d0cfa76df57c8334c0dca0060,0.803042,7.588458,0.690875,8.388125
100000,5,9642,service,10,svc-0040,498,2894db67e41e1a7c3c865ff0a97d4d16a877dc65ab04b3a60595fa2014623b92,0.752,7.503792,0.788125,7.705583
100000,5,9642,service,11,svc-0060,498,2a643cb8e66a12d260dffa6bbdcc63f7623512883e360296c4859fcedc99524e,0.799,7.357375,0.8305,7.719708
100000,5,9642,service,12,svc-0086,504,659ab48bb24b27897efbb4521e20eb5bb2b6ed4c13679ca854f278620e5df43f,0.770125,7.480375,0.739709,7.509166
100000,5,9642,service,13,svc-0146,504,84d82b4c48778e7d4403e4e4120b958a0ea81193320a52c614fcffc64b3de1bd,0.862875,7.670125,0.747625,7.857625
100000,5,9642,service,14,svc-0119,498,cf658acbe45f3be789ff78601b3bd3759835412f86626e3774dddca6f01fd273,0.851959,8.178042,0.916291,7.435667
100000,5,9642,service,15,svc-0117,498,36203b43fff252eee8298e8a126d16779d208a343afa06d6946329f412e532db,0.637208,7.400208,0.782,7.497292
100000,5,9642,service,16,svc-0196,498,a011854bcd6322773d14eb521723fd7a274442b491193ea0c0a3792bc97dfd86,0.8935,8.129833,0.937083,7.596208
100000,5,9642,service,17,svc-0000,498,c3cb68371899a430f2eca4e9992df69630fb7bb5e69d7b9d53ebc87a8ab93d17,0.736916,7.257875,0.787167,7.311042
100000,5,9642,service,18,svc-0191,498,d663be42e3d467c017370dc4b3ee833ac7e64f5bab0ebac6371c7cbb3b6d9435,1.05875,7.818333,0.771417,7.495334
100000,5,9642,service,19,svc-0128,498,899c320276eba619b1f3f9cb87e749e4fcd2f020955ccb51ee88bbe7930bdcc3,0.669542,7.389333,0.733166,7.358333
100000,5,9642,correlation,0,corr-9642-00007149,6,155a7e238844cddbadf744c6d4833f749245a03f33e0118a61d3bc7acb371664,0.26275,0.2065,7.578083,7.423958
100000,5,9642,correlation,1,corr-9642-00014994,6,c5fd0fb1b6d9f6dc46f25bef81bd875f1c924eb86e91917d50543a149a955c8d,0.275,0.126166,7.3245,7.254833
100000,5,9642,correlation,2,corr-9642-00012930,6,65ede266393cd79ff9eca4512d54f8db4f1558c792224935e1b9c4f10d42a752,0.241333,0.121625,7.334166,7.831625
100000,5,9642,correlation,3,corr-9642-00012955,6,33913ab7306720c57b76c0e603eb485b2a3658dd8d9dc48101ac2077828de387,0.276042,0.270541,7.49675,7.560458
100000,5,9642,correlation,4,corr-9642-00004186,6,724c9e3711a3c6f8a875537b4e2e83c0b54418bb173d77dbc0c204fee7306fdf,0.209125,0.119875,7.271166,7.32075
100000,5,9642,correlation,5,corr-9642-00001226,6,e6ca2c5601f0d1f6b82e05859384cf0fc38a89da31c6008a22330bfd04dd2d53,0.301583,0.1475,7.426625,7.604292
100000,5,9642,correlation,6,corr-9642-00014012,6,b88705dbc9e615b0c0f135bc5991cc6b76328a8ee16205678e9f49495d348492,0.183459,0.113666,7.298292,7.261042
100000,5,9642,correlation,7,corr-9642-00002395,6,3c64731b02282263e8ebdadaa211924a5291770e6b955310edc7f2ed06183c24,0.251542,0.179291,7.4335,7.490583
100000,5,9642,correlation,8,corr-9642-00009248,6,ea8bf41ad571c22e826645bac5887126908e4165e3de419a69a58c4a9b86403e,0.200333,0.113417,7.026958,7.404
100000,5,9642,correlation,9,corr-9642-00014828,6,9e3f4c13e86fb8e630c63e7aee636baedffdab386bc8186678bb9498bf74f1c5,0.202958,0.121458,7.398875,7.197833
100000,5,9642,correlation,10,corr-9642-00001745,6,6676e44bd89578c62b5ca81fd50da14d0f9e2b3b9c67547f4200fe2910327ff2,0.241208,0.139916,7.422417,7.547708
100000,5,9642,correlation,11,corr-9642-00015289,6,d78fba243fb30e1769e2c415b991f44be06d2befe1237134267e896aa0f61bc1,0.263166,0.251292,7.474542,7.913167
100000,5,9642,correlation,12,corr-9642-00012721,6,5164f329156967f33b910c9722d4b024619fbfca93e9616f7604ef1283d9211e,0.232458,0.117625,7.566375,7.562833
100000,5,9642,correlation,13,corr-9642-00011349,6,8a08595d57ee0c5179cf32651319ccac698dbb59a61dfca86d8af25b2ff467b4,0.188709,0.113958,7.853625,7.263958
100000,5,9642,correlation,14,corr-9642-00013413,6,6646b97324926876d95b77efdb89f941de007f8807dec894efa976133f22c8ee,0.27175,0.148042,7.290792,7.234458
100000,5,9642,correlation,15,corr-9642-00016571,6,bdbd2f730ee1dbbe5a1cd710c759b996788c8dffb0922ac17a06fdc27d6fdec0,0.224875,0.185958,7.292375,7.691292
100000,5,9642,correlation,16,corr-9642-00015705,6,686caa9cba2629f198088ba079995a05ec4287eb941c439ca098e847a2f37dfc,0.226042,0.135375,7.140042,7.351791
100000,5,9642,correlation,17,corr-9642-00008662,6,0f031babecabae3aa24fe8ecfef3262a8cd0e9ce99d353401690da30c60bf864,0.195667,0.10475,7.061958,7.025958
100000,5,9642,correlation,18,corr-9642-00000978,6,b62d79c4f8154a82a7dad63f3943f4d849c188f2f4034ac162459e917f9ab502,0.20175,0.11825,7.199125,7.188542
100000,5,9642,correlation,19,corr-9642-00013276,6,18411bcd67b6a39c65d4000b5f50d5e87018a586308a55b9ca9f8fdf9cad5a76,0.187,0.223417,7.039667,7.103833
100000,6,9743,service,0,svc-0063,498,19a3eae23b4cffc9ed605fbd3ab7702815ea78a618b679d6bc320356f255de64,0.774084,7.359791,0.945417,8.472375
100000,6,9743,service,1,svc-0123,498,53a59fd2b939be7853c056f1e494fcc2d35fcab4ab14e08bea03a0983ebc40b6,0.794083,7.850375,1.077958,8.366958
100000,6,9743,service,2,svc-0058,498,de760a200b84dfa30e69ae4b3c0e53b1b320b577f9927b650cb4164fd755626e,0.772167,7.781667,0.7785,7.554417
100000,6,9743,service,3,svc-0128,498,935cfd8ab33485a41c281b5c588e8db19094a69979a7050db34ba6ff06f0489c,0.915542,7.864083,0.8665,10.477166
100000,6,9743,service,4,svc-0005,498,2de4fb6ecd8a80bb27c180dd7f0c7d2af729523db63692c48bf53c59db9eb1f4,0.759166,7.9015,0.684959,7.765541
100000,6,9743,service,5,svc-0015,498,5f1be3d9c23b43866b9eaf578a9846d7c27871112b22a33d6588e3d3cb7bbd5e,0.8275,7.616917,1.111,7.949375
100000,6,9743,service,6,svc-0139,504,8efc426256f54209bb6b8ed70080818a0f284064c53431ab91c3abcc5e973a0f,0.761042,7.878208,0.847541,7.832709
100000,6,9743,service,7,svc-0021,498,3558d138f9005f9b85574e02f830e671433b1a83d1430b38f9215e1b16e30faa,0.763916,7.825042,0.794875,7.60275
100000,6,9743,service,8,svc-0128,498,935cfd8ab33485a41c281b5c588e8db19094a69979a7050db34ba6ff06f0489c,0.790125,7.525,0.685792,7.649625
100000,6,9743,service,9,svc-0118,498,d417b9bac0edeef145eabec4710e9e941c1417c45976c8eadc1c5eab2946f1d9,0.741041,7.518708,0.741875,7.665542
100000,6,9743,service,10,svc-0023,498,65050bef2f6ba8143c679f6f78aa69ea9f4cbd03265ff4570b22744b1bbe119e,0.69775,7.979834,0.82475,7.67725
100000,6,9743,service,11,svc-0165,498,93fff2c75266a081a1ac26b07e04723672bb843fd44e9a1f4f98e71876e611cd,0.772334,7.891292,0.738916,7.667625
100000,6,9743,service,12,svc-0125,504,5b874acc3c85da666e988723244732e68036f3f29c521e5e85b572bd85843185,0.702583,7.510542,0.70075,8.507
100000,6,9743,service,13,svc-0030,498,2c0f24076d86441d570334d5feda3836cd4c4f0f8fd885758a2a1112beceb320,0.748167,7.550541,0.778958,7.465583
100000,6,9743,service,14,svc-0009,498,ccacad598061e91fbd89a4de051b8ae97b124246844a8415d3a252849cdae35f,0.811375,7.172083,0.815166,8.420375
100000,6,9743,service,15,svc-0102,498,3ac39f7e96273508b9abea75666b9dfe7c811b502627472c77b89efd20226208,0.868625,7.549875,0.76225,7.714417
100000,6,9743,service,16,svc-0070,504,46d58bef884469b23d76dde24485442083ea37e48548a2684e7e85ca991589b3,0.799833,7.340208,0.689792,7.365917
100000,6,9743,service,17,svc-0104,504,df7a58487791a8e03acdbae85d46487383cd47f5e4d68bdaf201d948977bd34e,0.782584,7.5625,0.799791,7.60875
100000,6,9743,service,18,svc-0183,504,2a2ea777131ece00b3b835d38ef1bd115ee3ae70cbbf13fa280b6c0ee3844987,0.673875,7.284666,0.79,7.40375
100000,6,9743,service,19,svc-0055,498,0c2af49649c326bf5a95b9ac361fb2eaf0de9f39edab8340c0a0e92fd067926e,0.769209,7.53875,0.775125,7.72275
100000,6,9743,correlation,0,corr-9743-00006227,6,11c26e8f608247b5b15520e1520a131a79e205c6c6064ae20637461803f1eb51,0.213958,0.110667,7.3375,7.275667
100000,6,9743,correlation,1,corr-9743-00014108,6,983651cd51c2edad6072fe90ab71634c0815e74e07b13e25414ebcf552ea61cd,0.217333,0.126959,7.346583,7.641292
100000,6,9743,correlation,2,corr-9743-00015302,6,80c131c6df481e251190536f23648fbce9820d0d67ec5e57af622b5aa00812bb,0.331167,0.216708,7.617875,9.5435
100000,6,9743,correlation,3,corr-9743-00012908,6,d52c894c192f9aefbf748d37ec3af0e9bae5e86fc86ff76ead9311178f60ad1a,0.316333,0.168667,8.086667,7.949292
100000,6,9743,correlation,4,corr-9743-00003886,6,6622e73f589d586d18cee06cf1fae1061967a81915915c97f9a7b4c8d149c0a6,0.318667,0.155792,7.589,7.95875
100000,6,9743,correlation,5,corr-9743-00007631,6,20594866a71fd973373c8feb15fd3defbc5007c34ecc699800af5ea2faec29bd,0.314292,0.200417,7.573958,7.587917
100000,6,9743,correlation,6,corr-9743-00006563,6,e9587ae5060f6525750859e8611118b8866cde3ef9e340f046a818360e4e500b,0.216,0.241666,7.529333,7.217583
100000,6,9743,correlation,7,corr-9743-00013640,6,2a0d5336781f0451838e918d51b6b34278978515323c282207fc499c5ac25887,0.208375,0.122917,7.198584,7.468083
100000,6,9743,correlation,8,corr-9743-00000588,6,c3c3a8600e9ced028ee6b503e5186e907df01cbf3895a9b270395377401882f8,0.279083,0.1585,7.292292,7.156833
100000,6,9743,correlation,9,corr-9743-00001391,6,f51b17f003ef5be355392940ffdd37db9dc8fe5cea6430c907c96aa9e54d9a26,0.200542,0.115333,7.142125,7.531458
100000,6,9743,correlation,10,corr-9743-00005684,6,8b807184ef43221d35d4b5df453593cdb9226e0aa8f0e531f7e2c487edf31807,0.206542,0.26275,7.885958,7.700958
100000,6,9743,correlation,11,corr-9743-00000857,6,98fb92f92e855a4802e9edab1711f698c777f4b1bf68dcb6568aeb512f0e2aec,0.202375,0.116125,7.440167,7.618792
100000,6,9743,correlation,12,corr-9743-00014108,6,983651cd51c2edad6072fe90ab71634c0815e74e07b13e25414ebcf552ea61cd,0.19975,0.116708,7.568833,7.655083
100000,6,9743,correlation,13,corr-9743-00007927,6,5acf49f9fcbf4f04060ee8090817f3f00ee6550b6369d505f1d6bb8f9936790a,0.206708,0.1135,7.50125,7.620375
100000,6,9743,correlation,14,corr-9743-00006215,6,90652c920a91ccd9e2a5a5aa03753b5944a367133b08e5a3aa45e12e33925d80,0.285958,0.273041,7.600583,7.609958
100000,6,9743,correlation,15,corr-9743-00015032,6,574536271b29309250a15e2ba5a2273ced5510479f01d65402c7b5fc77577ee3,0.208459,0.119709,7.570708,7.69
100000,6,9743,correlation,16,corr-9743-00005925,6,36c060ef0e5519b829ff82b933a32d97a7598ed6afab0310a6ef6a5898757a9b,0.196542,0.128667,7.506291,7.614459
100000,6,9743,correlation,17,corr-9743-00013998,6,e2cb064595030557213adc79671a59f262a13cc4cff4512c50be8d83162a1bdd,0.197667,0.131083,7.501333,7.564625
100000,6,9743,correlation,18,corr-9743-00010121,6,aca582e23cc0ee2a5ba88143d1692b04612b1ef3377e6e221ff2ac403010518e,0.198208,0.186,7.326791,7.539291
100000,6,9743,correlation,19,corr-9743-00003246,6,42ce141a16cfcf681b133e008fc472b6346c5da109eb50d7c6c7f301c70638a7,0.186625,0.103875,7.194209,7.4115
100000,7,9844,service,0,svc-0039,498,305c702270998de099eeb6f75e72c40bdd53e09444c5f1bf5d1880f93e8f92e8,0.872916,8.178166,0.879541,7.985
100000,7,9844,service,1,svc-0167,504,da8770daf3b1e885feaa558a682f8d691eaac1a676acfbd7685821a66852a586,0.718583,8.2785,0.87775,8.120958
100000,7,9844,service,2,svc-0101,498,a2005a56f158893538786e2f46712e2a00a6935c8ec64249cce06ea6e142eca7,0.793625,8.217666,0.797708,7.944708
100000,7,9844,service,3,svc-0144,498,fdf9f620cd0b3812eb16bcce798f81f32c27de8d0fdeeb5a34648e258d4b34a4,0.936708,8.210625,0.754958,8.435625
100000,7,9844,service,4,svc-0071,498,dd565cbdd46540df3bb021f59190bd96a6a30cf334b1d3696615b682c11e5926,0.7835,7.931167,0.785125,8.17225
100000,7,9844,service,5,svc-0176,504,6667d0f47a095eddcd609c488caaa84282e9d16c4bbf22620b8538269d046639,0.693125,7.987584,0.85225,8.267375
100000,7,9844,service,6,svc-0075,498,c7a30d8de7af5c4933dd9dd541698d856dae52aa6ed416a68fd0cdb18ac27d09,0.708833,8.099333,0.862625,7.989291
100000,7,9844,service,7,svc-0150,498,3d7d32237405a87759d963e1b9b64c5ec12c4288a4bc5abc38a2807209151707,0.920584,8.118333,1.005167,8.117375
100000,7,9844,service,8,svc-0087,498,ffe372f90f766619789ba800d2a36725e12468c8e7b4098276178e2af99beeb0,0.814583,8.024167,0.750666,8.233833
100000,7,9844,service,9,svc-0145,498,cae68329b739d592dd160b19e3f2e21fae5aebcd6fe0b97fbcc011dbcd26d95f,0.864291,8.207375,0.878708,7.973709
100000,7,9844,service,10,svc-0138,504,7a3b37388ff10089e2d3044d01f0283dfd720b855419a8e62f1b85f424aaba71,0.793417,8.030542,0.804792,7.820041
100000,7,9844,service,11,svc-0168,498,5226fd83cc989e685db2caefb1090e6cc8a21bfb844892fba630a2e73a417c21,0.731584,8.188834,0.718209,7.871375
100000,7,9844,service,12,svc-0086,498,25cfaa4d2f5dd6819dd25c701e20eb3f0cd9248ac3234f523b0a3611d4afef0d,0.912417,8.284917,0.959959,8.044041
100000,7,9844,service,13,svc-0161,498,896fd12451d431f9b9841c414014019b1c67c6e3e9ac10928560482c6eff71bb,0.888042,7.859125,0.91975,7.876708
100000,7,9844,service,14,svc-0193,498,fc6dae47ff9fe6655297d62cbcb1375d03c9d4afe6409f96f66c8933e6616311,0.886666,8.204917,0.857375,7.530041
100000,7,9844,service,15,svc-0109,504,b194ff472e23f9f437ba5e6a8f0b4800b2c34f274d93664582b7c0de0b5d109f,0.872709,8.1315,0.713834,7.971
100000,7,9844,service,16,svc-0099,504,35c57a8fb5ea9216a530dc76865166f3c706f2c4f78f9d9fa89e6a81a5ac7918,0.794166,8.061791,0.785917,8.13875
100000,7,9844,service,17,svc-0000,498,6eda91aeae0c271e79571dac5369785e92fd2e50728e2b844a1e6a114f701f5b,0.711125,7.937833,0.810959,7.836584
100000,7,9844,service,18,svc-0042,498,e5c87a712be3eb4c2e1bb446331f2d8b916516c1fb8d96912e5bedbffb2d5d40,0.865208,7.97125,0.762625,8.180083
100000,7,9844,service,19,svc-0129,498,a4922ee67cc803066ef189c56f68434580c3821df07eb9457cd7da0edf1110eb,0.903208,8.032958,0.755917,7.841042
100000,7,9844,correlation,0,corr-9844-00015317,6,b509cd54d76350f1b727d23f78b5af9b372c4fb1a2b4734537040d27a33dc0fe,0.240875,0.135292,9.255125,8.179125
100000,7,9844,correlation,1,corr-9844-00004972,6,3efb2affb26455d7a5c6f27e160f6a9b9317d39ba2f5678196c03cf0de3fff32,0.422875,0.314291,8.649042,9.915834
100000,7,9844,correlation,2,corr-9844-00010199,6,d9da74333b70be536a66268f8b47698524b231768d561fe70a48ef188945de0b,0.309416,0.158084,8.76475,9.521042
100000,7,9844,correlation,3,corr-9844-00010175,6,a11b03874e9021f3e6a3009dbce90f7f0298852557194f2b43d4b9fec4134385,0.29225,0.181709,8.707875,9.186208
100000,7,9844,correlation,4,corr-9844-00009067,6,04a37625815db795be34d5411348c3fca62b3c34097fd53bc2f2ceca9644f422,0.276084,0.188208,8.901,9.044042
100000,7,9844,correlation,5,corr-9844-00016260,6,40823e90a8a82ca7bd4df6bd0d06de6a953a35cf423744a9aac8dd86e226851b,0.2955,0.294792,8.455333,8.473916
100000,7,9844,correlation,6,corr-9844-00014143,6,fa7866f4726ac4cdf9806e1b62c1ecb233f28328aee5421cd699ec862fe73513,0.1535,0.118167,7.647916,8.513125
100000,7,9844,correlation,7,corr-9844-00016216,6,a2524a8a9476860a3781f52c6b8c8468f778229f3210a057f0ba8dd91ac40d7f,0.350958,0.227709,8.254084,7.940916
100000,7,9844,correlation,8,corr-9844-00001812,6,6976a9e209248b8e5d860b61f219a8486c09b5d4043c778d470478b29033401c,0.264333,0.145417,7.933542,8.588125
100000,7,9844,correlation,9,corr-9844-00013784,6,c3c963a3401b4afabaa20a84d6d90713fda5bfaf3b350bda76cb1a1e6012827b,0.334917,0.229292,7.885583,8.566333
100000,7,9844,correlation,10,corr-9844-00015158,6,d50eeaf0f35d32d12d47f75351cebf59906aa75b4fb2391fdd39c2a175b8daa7,0.226875,0.123209,8.785084,7.959
100000,7,9844,correlation,11,corr-9844-00000980,6,8e2ea297fa50e4f5ac4ce4d8a86949ac2a36b7432eb5ea0516433b352cba0bfe,0.155667,0.11925,7.952042,8.031583
100000,7,9844,correlation,12,corr-9844-00011121,6,d4fd00023984c9df9428b338eb12949b8cdbaa1f08b7ba42974da45f298884a1,0.281708,0.151375,8.289084,8.045416
100000,7,9844,correlation,13,corr-9844-00005790,6,c214767d3f4f0994b2f89966ca06fc30673a0d56fb79b4ffc0ba1f7a95a9c8f3,0.222292,0.329792,7.887667,8.332708
100000,7,9844,correlation,14,corr-9844-00004586,6,090d37cf9d8d5b6e67c23f3fb11539b99c3e9b7cdc0dd4885de6e6dcfbaf4b6f,0.31025,0.160667,8.144,7.953541
100000,7,9844,correlation,15,corr-9844-00005531,6,99d69f80da45b806ae6872d45b542c98913296ff571be60ac6885920f77254a8,0.278375,0.224333,7.673,7.773833
100000,7,9844,correlation,16,corr-9844-00005161,6,9a65fa6ecf1b25ea1ea06bd5dd1211c74b1b9881e4e283eb5724d51c1c2947c6,0.18975,0.113334,8.131167,8.272875
100000,7,9844,correlation,17,corr-9844-00011850,6,953e01c68d10b116b643b165bdc4c1defc37c5ebf99e6dd707361ed3a9ee1559,0.304625,0.2395,8.012541,8.183542
100000,7,9844,correlation,18,corr-9844-00008270,6,09446a9cc8b669f0966b951978f23a33639d9dcba627f0c50aec5719ab702c9b,0.274167,0.145208,7.889583,8.010042
100000,7,9844,correlation,19,corr-9844-00007808,6,2e142a70f6085a1ef477375bd1afc3c04927fe958ed15f80540e695f25316267,0.241709,0.120958,8.032,8.351458
100000,8,9945,service,0,svc-0186,498,63da226f4c2fe8b6ac9266fc3b91b59ff4a597034f961ee2c95146824adb6ef1,0.89175,7.503333,0.904459,7.444917
100000,8,9945,service,1,svc-0116,504,9b39b11b89c6ece5ec8e82e2bac5d1353ba064e7ae1689ec0ae534b56edc5bb2,1.049541,7.867042,0.845125,7.644542
100000,8,9945,service,2,svc-0188,498,0416d89c6c0108e02d9b5e439895f8eab369e5134bd225531f71ae1805ec83ae,0.71075,7.486625,0.765583,7.332791
100000,8,9945,service,3,svc-0080,498,adbeb775cf33a2dcaa932073f3e734fab82f6866b26464259bd9c11d57b129e6,0.857333,7.758041,0.898542,7.775417
100000,8,9945,service,4,svc-0142,498,7ad3cf783e5e852e7a6a9a4e68a3d026dc9262c4980d00f614912de808b20c9a,0.763334,7.545209,0.901167,7.682709
100000,8,9945,service,5,svc-0093,498,be91f2d00a9e414984ab951146e558f61e7878c64135241e6476a108363d60f9,0.781208,7.877625,0.851041,7.588583
100000,8,9945,service,6,svc-0156,504,dac4a64574b4e4c0632cc723b887e2bef8f43789d1516db8d37298d99218c59e,0.825542,7.5225,0.7225,7.738125
100000,8,9945,service,7,svc-0067,504,b6e57a9aa834ee5155319e96044fc2797977cd61dda71ac3de802c3266ac8b9d,0.890083,7.449791,0.844,7.7295
100000,8,9945,service,8,svc-0013,498,b44d63aa58fee3831516452df507413173e3c612265f765632e97c1837043603,0.682083,7.550708,0.925458,7.611041
100000,8,9945,service,9,svc-0070,498,5a5e4e6d6af51346596480744b659680ce22b12ae70e6018292c8d38e2873aa6,0.880625,7.518834,0.857833,7.53375
100000,8,9945,service,10,svc-0168,498,727fb5fd5e14e883a4313aef21f10680f175d5a2578ca8dcb32c9295cce9fec6,0.874792,7.637708,0.685333,7.699667
100000,8,9945,service,11,svc-0051,498,674e8a83cc543fc5d299f9e865d947f0c0cd428f77db38cb8baaacd39da59708,0.831417,7.459417,0.837625,7.620833
100000,8,9945,service,12,svc-0181,498,a21c3bddd1f75a969aae0d8cfceec11df37dd00a88943fbe8a5794abcc0c0815,0.668333,7.794292,0.789917,7.411375
100000,8,9945,service,13,svc-0063,504,5b2163e3a90bd4937f07758fbb100563bc8083c52c4477a4f20f8f9d54a29d04,0.737083,7.64275,0.783125,7.411333
100000,8,9945,service,14,svc-0159,498,9040f8dafe9f41b83416de774ccfd4d938231b64767c39831ecede188e8374bb,0.790541,7.511791,0.759458,7.445083
100000,8,9945,service,15,svc-0154,498,f9cac2cd723f1480a0927f6147a45fb727bd3f87b8b380e47590dc8f96ce7835,0.74225,7.618917,0.767291,7.421833
100000,8,9945,service,16,svc-0155,504,0dea89d339ebb994da0c69da015884f59c5f76e9e9157593d96f7b170d9f9848,0.832875,7.60525,0.836334,7.555333
100000,8,9945,service,17,svc-0093,498,be91f2d00a9e414984ab951146e558f61e7878c64135241e6476a108363d60f9,0.825667,7.689292,0.735834,7.710625
100000,8,9945,service,18,svc-0191,498,9de3f58167396f977d27836180b0f1187ef4490cfe9b01cb85035b8440ad21b7,0.758,7.996,0.6805,7.455709
100000,8,9945,service,19,svc-0151,504,03d18d08891f0822b0b6cb889bae5305932c54db1449a57b194c1088eb873337,0.856583,7.784333,0.764125,8.017084
100000,8,9945,correlation,0,corr-9945-00006442,6,d6a2abb8147f94ae2f166d180a1954b3b3ce529688c0c056a7dd170f120330ff,0.256042,0.164459,8.06325,8.056125
100000,8,9945,correlation,1,corr-9945-00012396,6,21013cd8c59e25763b6effa15d3f9f5c328460a50ec9148e6b008159075bb056,0.273959,0.135041,7.874458,8.032709
100000,8,9945,correlation,2,corr-9945-00005418,6,823398e1c525e8df29a1b0864391249b178939f80f1da77aad7a8c6f06daca77,0.281292,0.1435,7.780875,7.651917
100000,8,9945,correlation,3,corr-9945-00005977,6,f3764eafc66200f7f13414535d8dc49b93689c24e06dae829b9659dc293d5e30,0.259083,0.142,7.645417,7.773375
100000,8,9945,correlation,4,corr-9945-00008106,6,17c1d9f7c41ea1c83ca718f447904cc22bb37aeed34a0d0171db736ebce320a9,0.206959,0.279334,7.606167,7.713292
100000,8,9945,correlation,5,corr-9945-00008515,6,e9d75eacf3df009f910a4039763780f4edb0f6ca5b225d3b42c6e1accd9b304c,0.230625,0.129625,7.566458,7.6525
100000,8,9945,correlation,6,corr-9945-00001718,6,9d3e6d79bfded3f0e69bc2a9fa77e3639c349dda917752f1d757ccf565725209,0.193334,0.117917,7.542708,7.458208
100000,8,9945,correlation,7,corr-9945-00016658,6,76695752647f556567b77b6d9f16e5cda31141d412b206d261792478e46438a9,0.1835,0.13325,7.521917,7.715292
100000,8,9945,correlation,8,corr-9945-00013942,6,1f9e9cdcd897ff171b1074ccc9cda814ba5ad2a8c2b04e569fde7db27202c4db,0.246,0.25275,7.5715,7.677042
100000,8,9945,correlation,9,corr-9945-00014347,6,1bf04ca6c139ecb602a809244b631d230e440d301ac064855d4ab5cbf36ca160,0.315125,0.151667,7.495833,7.882666
100000,8,9945,correlation,10,corr-9945-00014175,6,29493dbebcda86f58f6f1f121a0214a63b2ec5e5e989ad373bf812469d14f900,0.234542,0.132667,7.726625,7.719834
100000,8,9945,correlation,11,corr-9945-00016232,6,0eb88480c1d9c4055cb5e23c9d3fe8cf6aac561fd0fb5296d659f952f1b9d9ec,0.218834,0.125375,7.588875,7.844708
100000,8,9945,correlation,12,corr-9945-00008203,6,72702471b8c3edf974913738d5414bac947188146184e04c257ed1955e64454d,0.277292,0.2045,7.8955,7.976042
100000,8,9945,correlation,13,corr-9945-00009714,6,ad576b6b3788b62134c7aeaacd7fba7984cd51d9f53a7687f11a0fa737298b20,0.231875,0.139959,7.298791,7.744083
100000,8,9945,correlation,14,corr-9945-00002434,6,b17b4b7793dda6a4a4b0c789d1723e7a126ad914e16ec9e47fedab79058a774b,0.263833,0.141208,7.611584,7.745333
100000,8,9945,correlation,15,corr-9945-00004652,6,f1815d776cd4c3da32f6d51deaef21b4aca9aab5e8dabd69ee640515cc86fc6e,0.258375,0.141459,7.47725,7.516166
100000,8,9945,correlation,16,corr-9945-00000506,6,1c47761d2f1eefdbf8278c32f4622c3d781a89446c1f1d44da618c79dae450ca,0.204708,0.189083,7.582791,7.531541
100000,8,9945,correlation,17,corr-9945-00007687,6,173dbc14c3eee48e74f1f5a2867dc147916907dcbef9045658242fa04193e04d,0.199708,0.11875,7.26375,7.517916
100000,8,9945,correlation,18,corr-9945-00009818,6,c41a225cc444619f449def7606058a2cb9b86f53fe53a376180c7448af892077,0.247875,0.13975,7.504292,7.917292
100000,8,9945,correlation,19,corr-9945-00005511,6,f1bfd0e118b3c78a0a776070f84314ad87aaac2d50e4fb0b94b5731ac73856ac,0.196417,0.112459,7.38625,7.442584
100000,9,10046,service,0,svc-0095,504,ef5e134ac25b6a6402655c6d0a0c713983ed074e230a22f276e39ca09977523c,1.00975,8.468625,0.939542,8.323042
100000,9,10046,service,1,svc-0147,498,84fda11dced23a0e433694471a4cfda84fc3aab0e8b02248a7d59b1fc02821cc,0.943417,8.065375,0.864333,8.1175
100000,9,10046,service,2,svc-0019,498,87b19f9fa41e6f2bf38a91327adc574b1bb02725d6caaf2e975527f9efdd1045,0.894166,7.76325,0.867042,7.910167
100000,9,10046,service,3,svc-0128,498,8a1a1b9226d4ac52158ddc36a214f6b690c769d61b731a57e861b8b35c62ec9e,0.807666,7.872625,0.9405,7.909541
100000,9,10046,service,4,svc-0137,498,578faf7e9721d4d283b76b8c023871cc40a4a66214492dc35976edba14e0067f,0.802959,8.070166,0.832041,8.371667
100000,9,10046,service,5,svc-0035,498,1930188211a0fbee8a35db9e6e80672abe3b0ba80e6c8a2c097e2484f95af417,0.858875,7.757583,0.882,8.240083
100000,9,10046,service,6,svc-0179,504,555d8ebb953a7a8252d33effad05e5e44fe1dcc1b2d130e0d60b8d2a8a963991,0.91775,8.177292,0.907667,8.098666
100000,9,10046,service,7,svc-0173,504,fcee529e79e4e61d1cbd93f543d6b65fda1dbe52ece69296005edb88f102be6f,0.701583,7.876333,0.849916,7.997875
100000,9,10046,service,8,svc-0029,498,2480e7a88ddf096ab70a8cda6480f18a19fe47ceb3f2d7f7ac5db468a1ed9f5d,0.807458,8.382666,0.853209,7.88475
100000,9,10046,service,9,svc-0155,498,805ff26b9f43dbaf6e3b53a4d53d79254591f7f66c385a4dbaf4e62d53a4dac4,0.861625,7.894541,0.804958,7.883583
100000,9,10046,service,10,svc-0064,498,9c8e951798c534eef0991f3f023b3a9229c5ccdf5cdc5f5ecb7a8e0db5315bc5,0.976625,7.973625,1.016083,8.122375
100000,9,10046,service,11,svc-0109,498,ee22736fe0afdda8f4b1b6fc480e1ddd1a8beaada7fa298ffc8080449c0e3b18,0.716833,7.958917,0.7545,8.023625
100000,9,10046,service,12,svc-0058,498,d0f993e148d898c1e39537c055a487ad0de63c88197e87f49016f26c761b3851,0.868917,8.600083,0.79225,8.196208
100000,9,10046,service,13,svc-0135,504,91bbe857b954730e432384b5920fd96241bcec82a77cd67db59f6603fcbde4ce,0.85975,8.031417,0.744167,8.096375
100000,9,10046,service,14,svc-0122,498,6732f0bd90defae669756d9f2d8ba5e00d494e74ba075ec060958743b6b7b660,0.832375,8.040834,0.8485,8.318792
100000,9,10046,service,15,svc-0033,498,9a44c2d51d1f36ea3f655802c8a8c4e0c70cf1a4b67d1e6770e5d7e453c2d124,0.694667,7.860875,0.846958,7.705291
100000,9,10046,service,16,svc-0165,498,210203fb9d45c5e4ccd0d2f7a55914ff8257578a2b7c4271e7013e6ede6c9b87,0.781542,7.864791,0.810791,7.851375
100000,9,10046,service,17,svc-0135,504,91bbe857b954730e432384b5920fd96241bcec82a77cd67db59f6603fcbde4ce,0.80775,7.769458,0.765292,7.934042
100000,9,10046,service,18,svc-0149,504,3ca34161f862f16fb4db89024ccc52d3258078eb4013ca0ae93e5d78f6123309,0.74875,7.594291,0.754875,7.768041
100000,9,10046,service,19,svc-0008,504,fcee9eb6764bdff28fdf03d6682cb13a3fb329dec212e8806de3419631925bfd,0.792291,7.711417,0.844042,7.688333
100000,9,10046,correlation,0,corr-10046-00013672,6,440bbccf53ab6ce4d8ff7eb81d0a541ae0b4109e3096880dfc7c4196ed233cf2,0.235209,0.130792,7.690542,7.848042
100000,9,10046,correlation,1,corr-10046-00001468,6,7a934ad5639520d5504b0d5203f0a9150975a6ce0e98649135b100225669f6cb,0.213833,0.116375,7.714458,7.771416
100000,9,10046,correlation,2,corr-10046-00002939,6,f9052a59a2bf9ab0ea8cce64ccb40674bc043d5f4744fd3b0e077e4acc54ac2b,0.293834,0.194083,7.571875,7.859959
100000,9,10046,correlation,3,corr-10046-00005054,6,2dab6a463aca88ca1993ffff8bd7f300036077a0121e759b599915a280890b1f,0.192459,0.228375,7.625208,7.675042
100000,9,10046,correlation,4,corr-10046-00012171,6,447f74cfaf5155a0f08255c71d93e2b5566f2dafccd33a5217dc3c382ef13b7a,0.277333,0.135958,7.874666,8.068583
100000,9,10046,correlation,5,corr-10046-00001898,6,1d466a759a08c7178e670ac9944891e6c9f506631856964a99c95370b371ea27,0.20625,0.124,7.685459,7.731667
100000,9,10046,correlation,6,corr-10046-00001863,6,64f88f909bb9c171b96c9319ef42eb1ea82a68b5ea755231fab61a9df4591a00,0.210166,0.118375,7.479959,7.713
100000,9,10046,correlation,7,corr-10046-00014572,6,221c4bc0d998c48f19b48cc9893043f68bcf89705fa39a559784a8057e111484,0.182375,0.220583,7.749792,7.625583
100000,9,10046,correlation,8,corr-10046-00001264,6,77711356bd5b3eaa131bc169b39c079c86a3e2c06000e224790a9fb7f605e1b9,0.189166,0.115,7.728042,7.78275
100000,9,10046,correlation,9,corr-10046-00011400,6,40aa5c8e00e8755f9b7bf3dfa0e6f3d5b74e4c52e850f5e1b546dc9b0161df40,0.21925,0.131417,7.911875,7.466792
100000,9,10046,correlation,10,corr-10046-00013011,6,d0291c48dfec63415f0e0647c6435a984505d59a680176e0570291250387edcd,0.172958,0.102458,7.655917,7.791959
100000,9,10046,correlation,11,corr-10046-00015299,6,e36c941e7ac1f8530d8bf6d109ef66f6e3a6a50186b0897d2aaf08671d90b34d,0.230542,0.21875,7.725333,7.839209
100000,9,10046,correlation,12,corr-10046-00001547,6,80a738a18ffaf0211fd2065c830b015df597fdd418ed1a941f932c9f71e7d6ac,0.290333,0.148209,7.613,7.943
100000,9,10046,correlation,13,corr-10046-00015910,6,a1b595a8f14c1d047c0045d89a6b3f3f8ce27d691087c6dc3c17b210ae074f60,0.233958,0.135292,7.600916,7.637625
100000,9,10046,correlation,14,corr-10046-00011172,6,bfff0564562862f46125cb46ab969bb30b8abaeb62c65d8a4ff9c906ccbc6298,0.193917,0.107,7.517209,7.639083
100000,9,10046,correlation,15,corr-10046-00004702,6,1440a3261a81d3899a60d32f79a6a5b7cf4c2fad0e9d486c9d603175ca18f0c7,0.193708,0.209083,7.577208,7.7465
100000,9,10046,correlation,16,corr-10046-00000605,6,89d2b30e759d6cf451cb7e949eac69441f6ae6d16e4e67f2b8e4f932072465f6,0.251333,0.13975,7.726542,7.763708
100000,9,10046,correlation,17,corr-10046-00014575,6,39bbecc8e2bf7e760ab7e3841d56cba3dd2c6bd0d82035f735e9b9b96503a2fb,0.191584,0.111542,7.6955,7.735584
100000,9,10046,correlation,18,corr-10046-00016122,6,81a8f53fcb8f54ce04f0e042b4d9d28672d71a0e78c253a4dfbcacf1c4340889,0.204209,0.122584,7.555792,7.82975
100000,9,10046,correlation,19,corr-10046-00013072,6,df619d429b41157116afc18b7e88b2747cbdaf2d8f3f99e52dc29dc4712e8ad9,0.215834,0.240166,7.80425,7.789167
100000,10,10147,service,0,svc-0078,498,dad4d705eac7e1fb152c98b6f8ea3be9a93926cb83655b3fb71e101331b4a082,0.950375,8.044875,0.896708,7.8255
100000,10,10147,service,1,svc-0016,504,e7c4969129cde1a42b2cec1d04828451774ad79761c1747f769f4d7d986b8886,0.94,8.013375,1.228375,8.091417
100000,10,10147,service,2,svc-0022,498,3396ebe4907b8b7514f2b3430a3213076ecb0c9d4c52da22572ffa6c723c9a12,0.767541,7.972709,0.773958,7.868917
100000,10,10147,service,3,svc-0007,504,09d6eecc9619a07503c5b57d1ba10c2635ce1f59845bc6c254b23516ca86b593,0.860334,7.958375,0.807041,7.94775
100000,10,10147,service,4,svc-0124,504,03518c95955f6fda6b88ca2c01d9359ce287cec299224bd5b753d3a9c242b59a,0.8205,7.807125,0.741458,7.968916
100000,10,10147,service,5,svc-0121,498,09c05fd352e4c82c65dd641db2e35cde0e6d14f4ca880db43719ee0ecdd28dbc,0.771791,8.25975,0.7925,8.292667
100000,10,10147,service,6,svc-0150,498,e48b92a58cf0ef0cde6a9270efc6f3e726116800eb81b3b26df3d3c63736a3de,0.681791,8.383208,0.77325,7.859416
100000,10,10147,service,7,svc-0140,498,194e4f543416aef9388b35696dad37f0fa856aa431c7e8a9af0fcaeb6b46c609,0.8155,8.274917,0.774916,8.022958
100000,10,10147,service,8,svc-0177,504,6c670d4f001612d2c2ab4b5bdf2b9b1b18983cc51ecd7c263010c5ec0454c914,0.757875,8.003333,0.665084,7.821042
100000,10,10147,service,9,svc-0069,504,7272d8b33cf2591ebde39394ff69b9a0d249b8143f7f71ffb6e3ca81f042b267,0.919708,7.84975,0.864125,8.091542
100000,10,10147,service,10,svc-0048,498,3dd17541b27ac00b9949a33029618d1b19b25aeed074b7d67a81d37d110f76f3,0.791542,7.758708,1.027916,7.860584
100000,10,10147,service,11,svc-0017,498,4cf61f3086aeaf0d4d48049487c8722a2aff83cf8f83e49676446e4699cc0607,0.715209,7.912833,0.762209,7.798
100000,10,10147,service,12,svc-0036,504,84ae0af2df6f7a930b4cb97423e502da2ba76edd8ebbed7aff26098d1a90edb8,0.756041,7.888083,0.742084,7.808625
100000,10,10147,service,13,svc-0164,498,52c173853dcb7eb68c91051e0d302a8b42a7dc88e61a816822fd3840f1387616,0.8055,7.8485,0.814666,8.158917
100000,10,10147,service,14,svc-0014,498,4fe2552918f951077826486f51161e62bad467d9f9f97169b2feb8af3c852aa0,0.666833,7.82025,0.754459,8.076542
100000,10,10147,service,15,svc-0081,498,f781a8a8451305a0a5d0c247078c0ff91fe8cc60e56b69533147ae8f4d5c6e3a,0.762167,8.057542,0.764917,7.84225
100000,10,10147,service,16,svc-0084,504,3db0da8a4a938fd6be24e17f98780ba6501b69706903ef72ba8262cce201a454,0.750959,8.195333,0.689458,8.007375
100000,10,10147,service,17,svc-0183,498,3f88ce2b7effdef33e890a580405bf56408e6edde4e7c7f12b8437d16803b676,0.79675,8.100458,0.778375,8.139833
100000,10,10147,service,18,svc-0040,504,b8c2fdcbdc5f7e1f1e1e0f0a831bea6d6f4719c94cdb739c41febe83118c7667,0.891584,7.798542,0.911208,8.120083
100000,10,10147,service,19,svc-0069,504,7272d8b33cf2591ebde39394ff69b9a0d249b8143f7f71ffb6e3ca81f042b267,0.875916,7.992125,0.898584,8.400666
100000,10,10147,correlation,0,corr-10147-00008092,6,1fb82232ae93cfb1dbc92e1d6762387327930a6e037a902f1b80bff0082e5f7a,0.187667,0.116208,7.661541,7.95775
100000,10,10147,correlation,1,corr-10147-00008178,6,9b2a461725127b40a8d4046a8d6c23638b19f736a6ae8c588cb8848631909e81,0.254208,0.125833,7.894458,7.972292
100000,10,10147,correlation,2,corr-10147-00006111,6,fea95ff585c1bf406c0660995cf17ec65437d37f4ae547612f7313a8a7c68623,0.218,0.229791,7.878125,7.934459
100000,10,10147,correlation,3,corr-10147-00008225,6,70c1e88a8496fe58fde20fe19f22950c5c0d1ef8351c012fb7323f02d0b30bfd,0.278125,0.153542,8.13675,8.310667
100000,10,10147,correlation,4,corr-10147-00015974,6,eb534f7be1978c4397ee9b5be0781c37af74a5a132238ab37afe3fbdacd92779,0.244917,0.125291,8.282,9.407333
100000,10,10147,correlation,5,corr-10147-00013083,6,79dc5c4cb2bcbd778b5363342b4c4db6dc2b055384a7a290a4fe4eceb7b2a9ff,0.25875,0.140875,8.432042,8.93825
100000,10,10147,correlation,6,corr-10147-00011541,6,e89db8236e9e00524dd48eb70e145ab86282eacce74c4d83fa8bfcd001f5913e,0.248542,0.301333,8.651041,8.541125
100000,10,10147,correlation,7,corr-10147-00004552,6,5b96579d7d8bc7c81c01addfc50ebb6e183d4cf9b82c30cfd4643957662ebc11,0.254167,0.141208,8.064792,8.255917
100000,10,10147,correlation,8,corr-10147-00009811,6,52103e9f2ba3ae8f092333a61346332d5a9503284272829550c0b9b1e917c754,0.233,0.118625,8.002042,8.247792
100000,10,10147,correlation,9,corr-10147-00004112,6,13c7d5d183d14b6cf01f42033fa31eca7848e264eafb4cfec15c01381e013e88,0.253916,0.139125,7.889125,8.295292
100000,10,10147,correlation,10,corr-10147-00015137,6,ba692df59baaff924a57a040516f3fa161baea4ecdc514c68fefe4daa582a46b,0.216084,0.234417,8.013125,8.070125
100000,10,10147,correlation,11,corr-10147-00004560,6,8c93f5e211f6b89d27080fcc5c117cf92e43d4bd4222287f17a60b63e99079a3,0.233583,0.135542,7.813292,8.00725
100000,10,10147,correlation,12,corr-10147-00005768,6,de600b901f06f0c6d9dbee17b2c5699afa1d166ece4840a082fdde4dd9673f1c,0.208166,0.117958,7.966417,8.04925
100000,10,10147,correlation,13,corr-10147-00000351,6,e2c4dc7dc6e73ac8a3154683ad161ba57be5ef315911b4774b53a0c5b1aee144,0.254041,0.141583,8.189667,7.9385
100000,10,10147,correlation,14,corr-10147-00010699,6,0ca9fea4cae3e2f5f4f99b22d2b7e131607c21caa49c3f0cf5c4866b1056ac37,0.284292,0.239375,7.895458,8.117458
100000,10,10147,correlation,15,corr-10147-00006347,6,eec15d68ac6e4e74955faba7d6967c0cb2936d9665c9967a9872e21fc7f80522,0.21725,0.133292,8.084667,7.978792
100000,10,10147,correlation,16,corr-10147-00006870,6,212a22b0dd2c604f34e90ddd6dfabe9ec0f881c7f1e1cb0161cf83ce3a70c46b,0.197583,0.112791,7.691875,7.700584
100000,10,10147,correlation,17,corr-10147-00007861,6,7c11093be4a3760831407c5a91a63d25426008c1da7e980a01059a8a774a0495,0.23575,0.136167,8.279708,7.941083
100000,10,10147,correlation,18,corr-10147-00011549,6,a4169d88c92e22ba3cdecafe627da79ce39c879776f52a65ba910df54880fff0,0.2395,0.248791,7.621583,7.886291
100000,10,10147,correlation,19,corr-10147-00007660,6,6f50f924a9a7ddaf0be2ffb659f3cc598a3fe1e824282a37feac0a27e1c9bc21,0.195667,0.115875,7.870334,7.76625
