scenario,algorithm,seed,configured_chain_count,configured_service_count,configured_overlap_fraction,temporal_window_ms,missing_id_events,wrong_id_events,collision_pairs,exact_duplicate_observations,conflicting_duplicate_observations,clock_skewed_events,late_events,jittered_events,truth_chain_count,event_count,canonical_event_count,observation_count,predicted_group_count,predicted_chain_group_count,complete_chain_count,complete_chain_coverage,exact_chain_accuracy,exact_chain_precision,exact_chain_recall,exact_chain_f1,mean_chain_member_coverage,true_join_pair_count,predicted_join_pair_count,correct_join_count,missed_join_count,missed_join_rate,false_join_count,false_join_rate,join_precision,join_recall,ambiguous_group_count,ambiguous_event_count,ambiguous_event_rate,accepted_ambiguous_group_count,detected_ambiguous_group_count,ambiguity_detection_true_positive,ambiguity_detection_false_positive,ambiguity_detection_false_negative,ambiguity_detection_precision,ambiguity_detection_recall,source_conflict_group_count,detected_source_conflict_group_count,source_conflict_detection_precision,source_conflict_detection_recall,abstained_observation_count,abstention_rate,deduplicated_observation_count,deduplication_rate,time_to_completeness_observations,time_to_completeness_p50_ms,time_to_completeness_p95_ms,time_to_completeness_max_ms,arrival_inversion_count,arrival_inversion_rate
control,strict_service_plus_correlation,9238,600,24,0.25,1500,0,0,0,0,0,0,0,0,600,3600,3600,3600,600,600,600,1.0,1.0,1.0,1.0,1.0,1.0,9000,9000,9000,0,0.0,0,0.0,1.0,1.0,0,0,0.0,0,0,0,0,0,,,0,0,,,0,0.0,0,0.0,600,1275.0,1275.0,1275.0,0,0.0
control,correlation_id_only_ablation,9238,600,24,0.25,1500,0,0,0,0,0,0,0,0,600,3600,3600,3600,600,600,600,1.0,1.0,1.0,1.0,1.0,1.0,9000,9000,9000,0,0.0,0,0.0,1.0,1.0,0,0,0.0,0,0,0,0,0,,,0,0,,,0,0.0,0,0.0,600,1275.0,1275.0,1275.0,0,0.0
control,naive_temporal_window,9238,600,24,0.25,1500,0,0,0,0,0,0,0,0,600,3600,3600,3600,600,600,452,0.7533333333333333,0.7533333333333333,0.7533333333333333,0.7533333333333333,0.7533333333333333,0.9383333333333334,9000,9666,8334,666,0.074,1332,0.1378026070763501,0.8621973929236499,0.926,74,666,0.185,74,74,74,0,0,1.0,1.0,0,0,,,0,0.0,0,0.0,452,1275.0,1275.0,1275.0,0,0.0
missing_random_1pct,strict_service_plus_correlation,9238,600,24,0.25,1500,36,0,0,0,0,0,0,0,600,3600,3600,3600,636,600,565,0.9416666666666667,0.9416666666666667,0.9416666666666667,0.9416666666666667,0.9416666666666667,0.99,9000,8821,8821,179,0.01988888888888889,0,0.0,1.0,0.9801111111111112,0,0,0.0,0,0,0,0,0,,,0,0,,,36,0.01,0,0.0,565,1275.0,1275.0,1275.0,0,0.0
missing_random_1pct,correlation_id_only_ablation,9238,600,24,0.25,1500,36,0,0,0,0,0,0,0,600,3600,3600,3600,636,600,565,0.9416666666666667,0.9416666666666667,0.9416666666666667,0.9416666666666667,0.9416666666666667,0.99,9000,8821,8821,179,0.01988888888888889,0,0.0,1.0,0.9801111111111112,0,0,0.0,0,0,0,0,0,,,0,0,,,36,0.01,0,0.0,565,1275.0,1275.0,1275.0,0,0.0
missing_random_1pct,naive_temporal_window,9238,600,24,0.25,1500,36,0,0,0,0,0,0,0,600,3600,3600,3600,600,600,452,0.7533333333333333,0.7533333333333333,0.7533333333333333,0.7533333333333333,0.7533333333333333,0.9383333333333334,9000,9666,8334,666,0.074,1332,0.1378026070763501,0.8621973929236499,0.926,74,666,0.185,74,74,74,0,0,1.0,1.0,0,0,,,0,0.0,0,0.0,452,1275.0,1275.0,1275.0,0,0.0
missing_random_5pct,strict_service_plus_correlation,9238,600,24,0.25,1500,180,0,0,0,0,0,0,0,600,3600,3600,3600,780,600,436,0.7266666666666667,0.7266666666666667,0.7266666666666667,0.7266666666666667,0.7266666666666666,0.95,9000,8117,8117,883,0.09811111111111111,0,0.0,1.0,0.9018888888888889,0,0,0.0,0,0,0,0,0,,,0,0,,,180,0.05,0,0.0,436,1275.0,1275.0,1275.0,0,0.0
missing_random_5pct,correlation_id_only_ablation,9238,600,24,0.25,1500,180,0,0,0,0,0,0,0,600,3600,3600,3600,780,600,436,0.7266666666666667,0.7266666666666667,0.7266666666666667,0.7266666666666667,0.7266666666666666,0.95,9000,8117,8117,883,0.09811111111111111,0,0.0,1.0,0.9018888888888889,0,0,0.0,0,0,0,0,0,,,0,0,,,180,0.05,0,0.0,436,1275.0,1275.0,1275.0,0,0.0
missing_random_5pct,naive_temporal_window,9238,600,24,0.25,1500,180,0,0,0,0,0,0,0,600,3600,3600,3600,600,600,452,0.7533333333333333,0.7533333333333333,0.7533333333333333,0.7533333333333333,0.7533333333333333,0.9383333333333334,9000,9666,8334,666,0.074,1332,0.1378026070763501,0.8621973929236499,0.926,74,666,0.185,74,74,74,0,0,1.0,1.0,0,0,,,0,0.0,0,0.0,452,1275.0,1275.0,1275.0,0,0.0
missing_random_10pct,strict_service_plus_correlation,9238,600,24,0.25,1500,360,0,0,0,0,0,0,0,600,3600,3600,3600,960,598,325,0.5416666666666666,0.5416666666666666,0.5434782608695652,0.5416666666666666,0.5425709515859766,0.9,9000,7312,7312,1688,0.18755555555555556,0,0.0,1.0,0.8124444444444444,0,0,0.0,0,0,0,0,0,,,0,0,,,360,0.1,0,0.0,325,1275.0,1275.0,1275.0,0,0.0
missing_random_10pct,correlation_id_only_ablation,9238,600,24,0.25,1500,360,0,0,0,0,0,0,0,600,3600,3600,3600,960,598,325,0.5416666666666666,0.5416666666666666,0.5434782608695652,0.5416666666666666,0.5425709515859766,0.9,9000,7312,7312,1688,0.18755555555555556,0,0.0,1.0,0.8124444444444444,0,0,0.0,0,0,0,0,0,,,0,0,,,360,0.1,0,0.0,325,1275.0,1275.0,1275.0,0,0.0
missing_random_10pct,naive_temporal_window,9238,600,24,0.25,1500,360,0,0,0,0,0,0,0,600,3600,3600,3600,600,600,452,0.7533333333333333,0.7533333333333333,0.7533333333333333,0.7533333333333333,0.7533333333333333,0.9383333333333334,9000,9666,8334,666,0.074,1332,0.1378026070763501,0.8621973929236499,0.926,74,666,0.185,74,74,74,0,0,1.0,1.0,0,0,,,0,0.0,0,0.0,452,1275.0,1275.0,1275.0,0,0.0
missing_random_20pct,strict_service_plus_correlation,9238,600,24,0.25,1500,720,0,0,0,0,0,0,0,600,3600,3600,3600,1320,600,156,0.26,0.26,0.26,0.26,0.26,0.8,9000,5750,5750,3250,0.3611111111111111,0,0.0,1.0,0.6388888888888888,0,0,0.0,0,0,0,0,0,,,0,0,,,720,0.2,0,0.0,156,1275.0,1275.0,1275.0,0,0.0
missing_random_20pct,correlation_id_only_ablation,9238,600,24,0.25,1500,720,0,0,0,0,0,0,0,600,3600,3600,3600,1320,600,156,0.26,0.26,0.26,0.26,0.26,0.8,9000,5750,5750,3250,0.3611111111111111,0,0.0,1.0,0.6388888888888888,0,0,0.0,0,0,0,0,0,,,0,0,,,720,0.2,0,0.0,156,1275.0,1275.0,1275.0,0,0.0
missing_random_20pct,naive_temporal_window,9238,600,24,0.25,1500,720,0,0,0,0,0,0,0,600,3600,3600,3600,600,600,452,0.7533333333333333,0.7533333333333333,0.7533333333333333,0.7533333333333333,0.7533333333333333,0.9383333333333334,9000,9666,8334,666,0.074,1332,0.1378026070763501,0.8621973929236499,0.926,74,666,0.185,74,74,74,0,0,1.0,1.0,0,0,,,0,0.0,0,0.0,452,1275.0,1275.0,1275.0,0,0.0
wrong_id_same_service_1pct,strict_service_plus_correlation,9238,600,24,0.25,1500,0,36,0,0,0,0,0,0,600,3600,3600,3600,808,565,533,0.8883333333333333,0.8883333333333333,0.9433628318584071,0.8883333333333333,0.9150214592274678,0.9422222222222222,9000,8311,8311,689,0.07655555555555556,0,0.0,1.0,0.9234444444444444,35,243,0.0675,0,35,35,0,0,1.0,1.0,0,0,,,243,0.0675,0,0.0,533,1275.0,1275.0,1275.0,0,0.0
wrong_id_same_service_1pct,correlation_id_only_ablation,9238,600,24,0.25,1500,0,36,0,0,0,0,0,0,600,3600,3600,3600,600,600,533,0.8883333333333333,0.8883333333333333,0.8883333333333333,0.8883333333333333,0.8883333333333333,0.99,9000,9035,8821,179,0.01988888888888889,214,0.023685666851134476,0.9763143331488655,0.9801111111111112,35,243,0.0675,35,35,35,0,0,1.0,1.0,0,0,,,0,0.0,0,0.0,533,1275.0,1275.0,1275.0,0,0.0
wrong_id_same_service_1pct,naive_temporal_window,9238,600,24,0.25,1500,0,36,0,0,0,0,0,0,600,3600,3600,3600,600,600,452,0.7533333333333333,0.7533333333333333,0.7533333333333333,0.7533333333333333,0.7533333333333333,0.9383333333333334,9000,9666,8334,666,0.074,1332,0.1378026070763501,0.8621973929236499,0.926,74,666,0.185,74,74,74,0,0,1.0,1.0,0,0,,,0,0.0,0,0.0,452,1275.0,1275.0,1275.0,0,0.0
wrong_id_same_service_5pct,strict_service_plus_correlation,9238,600,24,0.25,1500,0,180,0,0,0,0,0,0,600,3600,3600,3600,1493,450,320,0.5333333333333333,0.5333333333333333,0.7111111111111111,0.5333333333333333,0.6095238095238096,0.7519444444444444,9000,6048,6048,2952,0.328,0,0.0,1.0,0.672,150,1043,0.2897222222222222,0,150,150,0,0,1.0,1.0,0,0,,,1043,0.2897222222222222,0,0.0,320,1275.0,1275.0,1275.0,0,0.0
wrong_id_same_service_5pct,correlation_id_only_ablation,9238,600,24,0.25,1500,0,180,0,0,0,0,0,0,600,3600,3600,3600,600,600,320,0.5333333333333333,0.5333333333333333,0.5333333333333333,0.5333333333333333,0.5333333333333333,0.95,9000,9187,8120,880,0.09777777777777778,1067,0.11614237509524328,0.8838576249047567,0.9022222222222223,150,1043,0.2897222222222222,150,150,150,0,0,1.0,1.0,0,0,,,0,0.0,0,0.0,320,1275.0,1275.0,1275.0,0,0.0
wrong_id_same_service_5pct,naive_temporal_window,9238,600,24,0.25,1500,0,180,0,0,0,0,0,0,600,3600,3600,3600,600,600,452,0.7533333333333333,0.7533333333333333,0.7533333333333333,0.7533333333333333,0.7533333333333333,0.9383333333333334,9000,9666,8334,666,0.074,1332,0.1378026070763501,0.8621973929236499,0.926,74,666,0.185,74,74,74,0,0,1.0,1.0,0,0,,,0,0.0,0,0.0,452,1275.0,1275.0,1275.0,0,0.0
wrong_id_same_service_10pct,strict_service_plus_correlation,9238,600,24,0.25,1500,0,360,0,0,0,0,0,0,600,3600,3600,3600,2166,326,173,0.28833333333333333,0.28833333333333333,0.5306748466257669,0.28833333333333333,0.3736501079913607,0.565,9000,3959,3959,5041,0.5601111111111111,0,0.0,1.0,0.4398888888888889,274,1840,0.5111111111111111,0,274,274,0,0,1.0,1.0,0,0,,,1840,0.5111111111111111,0,0.0,173,1275.0,1275.0,1275.0,0,0.0
wrong_id_same_service_10pct,correlation_id_only_ablation,9238,600,24,0.25,1500,0,360,0,0,0,0,0,0,600,3600,3600,3600,600,600,173,0.28833333333333333,0.28833333333333333,0.28833333333333333,0.28833333333333333,0.28833333333333333,0.9,9000,9338,7287,1713,0.19033333333333333,2051,0.21964017991004497,0.780359820089955,0.8096666666666666,274,1840,0.5111111111111111,274,274,274,0,0,1.0,1.0,0,0,,,0,0.0,0,0.0,173,1275.0,1275.0,1275.0,0,0.0
wrong_id_same_service_10pct,naive_temporal_window,9238,600,24,0.25,1500,0,360,0,0,0,0,0,0,600,3600,3600,3600,600,600,452,0.7533333333333333,0.7533333333333333,0.7533333333333333,0.7533333333333333,0.7533333333333333,0.9383333333333334,9000,9666,8334,666,0.074,1332,0.1378026070763501,0.8621973929236499,0.926,74,666,0.185,74,74,74,0,0,1.0,1.0,0,0,,,0,0.0,0,0.0,452,1275.0,1275.0,1275.0,0,0.0
wrong_id_same_service_20pct,strict_service_plus_correlation,9238,600,24,0.25,1500,0,720,0,0,0,0,0,0,600,3600,3600,3600,2936,177,46,0.07666666666666666,0.07666666666666666,0.2598870056497175,0.07666666666666666,0.1184041184041184,0.3511111111111111,9000,1665,1665,7335,0.815,0,0.0,1.0,0.185,423,2759,0.7663888888888889,0,423,423,0,0,1.0,1.0,0,0,,,2759,0.7663888888888889,0,0.0,46,1275.0,1275.0,1275.0,0,0.0
wrong_id_same_service_20pct,correlation_id_only_ablation,9238,600,24,0.25,1500,0,720,0,0,0,0,0,0,600,3600,3600,3600,600,600,46,0.07666666666666666,0.07666666666666666,0.07666666666666666,0.07666666666666666,0.07666666666666666,0.8,9000,9637,5787,3213,0.357,3850,0.3995019196845491,0.6004980803154508,0.643,423,2759,0.7663888888888889,423,423,423,0,0,1.0,1.0,0,0,,,0,0.0,0,0.0,46,1275.0,1275.0,1275.0,0,0.0
wrong_id_same_service_20pct,naive_temporal_window,9238,600,24,0.25,1500,0,720,0,0,0,0,0,0,600,3600,3600,3600,600,600,452,0.7533333333333333,0.7533333333333333,0.7533333333333333,0.7533333333333333,0.7533333333333333,0.9383333333333334,9000,9666,8334,666,0.074,1332,0.1378026070763501,0.8621973929236499,0.926,74,666,0.185,74,74,74,0,0,1.0,1.0,0,0,,,0,0.0,0,0.0,452,1275.0,1275.0,1275.0,0,0.0
missing_plane_deployment,strict_service_plus_correlation,9238,600,24,0.25,1500,600,0,0,0,0,0,0,0,600,3600,3600,3600,1200,600,0,0.0,0.0,0.0,0.0,0.0,0.8333333333333334,9000,6000,6000,3000,0.3333333333333333,0,0.0,1.0,0.6666666666666666,0,0,0.0,0,0,0,0,0,,,0,0,,,600,0.16666666666666666,0,0.0,0,,,,0,0.0
missing_plane_deployment,correlation_id_only_ablation,9238,600,24,0.25,1500,600,0,0,0,0,0,0,0,600,3600,3600,3600,1200,600,0,0.0,0.0,0.0,0.0,0.0,0.8333333333333334,9000,6000,6000,3000,0.3333333333333333,0,0.0,1.0,0.6666666666666666,0,0,0.0,0,0,0,0,0,,,0,0,,,600,0.16666666666666666,0,0.0,0,,,,0,0.0
missing_plane_deployment,naive_temporal_window,9238,600,24,0.25,1500,600,0,0,0,0,0,0,0,600,3600,3600,3600,600,600,452,0.7533333333333333,0.7533333333333333,0.7533333333333333,0.7533333333333333,0.7533333333333333,0.9383333333333334,9000,9666,8334,666,0.074,1332,0.1378026070763501,0.8621973929236499,0.926,74,666,0.185,74,74,74,0,0,1.0,1.0,0,0,,,0,0.0,0,0.0,452,1275.0,1275.0,1275.0,0,0.0
missing_plane_identity,strict_service_plus_correlation,9238,600,24,0.25,1500,600,0,0,0,0,0,0,0,600,3600,3600,3600,1200,600,0,0.0,0.0,0.0,0.0,0.0,0.8333333333333334,9000,6000,6000,3000,0.3333333333333333,0,0.0,1.0,0.6666666666666666,0,0,0.0,0,0,0,0,0,,,0,0,,,600,0.16666666666666666,0,0.0,0,,,,0,0.0
missing_plane_identity,correlation_id_only_ablation,9238,600,24,0.25,1500,600,0,0,0,0,0,0,0,600,3600,3600,3600,1200,600,0,0.0,0.0,0.0,0.0,0.0,0.8333333333333334,9000,6000,6000,3000,0.3333333333333333,0,0.0,1.0,0.6666666666666666,0,0,0.0,0,0,0,0,0,,,0,0,,,600,0.16666666666666666,0,0.0,0,,,,0,0.0
missing_plane_identity,naive_temporal_window,9238,600,24,0.25,1500,600,0,0,0,0,0,0,0,600,3600,3600,3600,600,600,452,0.7533333333333333,0.7533333333333333,0.7533333333333333,0.7533333333333333,0.7533333333333333,0.9383333333333334,9000,9666,8334,666,0.074,1332,0.1378026070763501,0.8621973929236499,0.926,74,666,0.185,74,74,74,0,0,1.0,1.0,0,0,,,0,0.0,0,0.0,452,1275.0,1275.0,1275.0,0,0.0
missing_plane_policy,strict_service_plus_correlation,9238,600,24,0.25,1500,600,0,0,0,0,0,0,0,600,3600,3600,3600,1200,600,0,0.0,0.0,0.0,0.0,0.0,0.8333333333333334,9000,6000,6000,3000,0.3333333333333333,0,0.0,1.0,0.6666666666666666,0,0,0.0,0,0,0,0,0,,,0,0,,,600,0.16666666666666666,0,0.0,0,,,,0,0.0
missing_plane_policy,correlation_id_only_ablation,9238,600,24,0.25,1500,600,0,0,0,0,0,0,0,600,3600,3600,3600,1200,600,0,0.0,0.0,0.0,0.0,0.0,0.8333333333333334,9000,6000,6000,3000,0.3333333333333333,0,0.0,1.0,0.6666666666666666,0,0,0.0,0,0,0,0,0,,,0,0,,,600,0.16666666666666666,0,0.0,0,,,,0,0.0
missing_plane_policy,naive_temporal_window,9238,600,24,0.25,1500,600,0,0,0,0,0,0,0,600,3600,3600,3600,600,600,452,0.7533333333333333,0.7533333333333333,0.7533333333333333,0.7533333333333333,0.7533333333333333,0.9383333333333334,9000,9666,8334,666,0.074,1332,0.1378026070763501,0.8621973929236499,0.926,74,666,0.185,74,74,74,0,0,1.0,1.0,0,0,,,0,0.0,0,0.0,452,1275.0,1275.0,1275.0,0,0.0
missing_plane_telemetry,strict_service_plus_correlation,9238,600,24,0.25,1500,600,0,0,0,0,0,0,0,600,3600,3600,3600,1200,600,0,0.0,0.0,0.0,0.0,0.0,0.8333333333333334,9000,6000,6000,3000,0.3333333333333333,0,0.0,1.0,0.6666666666666666,0,0,0.0,0,0,0,0,0,,,0,0,,,600,0.16666666666666666,0,0.0,0,,,,0,0.0
missing_plane_telemetry,correlation_id_only_ablation,9238,600,24,0.25,1500,600,0,0,0,0,0,0,0,600,3600,3600,3600,1200,600,0,0.0,0.0,0.0,0.0,0.0,0.8333333333333334,9000,6000,6000,3000,0.3333333333333333,0,0.0,1.0,0.6666666666666666,0,0,0.0,0,0,0,0,0,,,0,0,,,600,0.16666666666666666,0,0.0,0,,,,0,0.0
missing_plane_telemetry,naive_temporal_window,9238,600,24,0.25,1500,600,0,0,0,0,0,0,0,600,3600,3600,3600,600,600,452,0.7533333333333333,0.7533333333333333,0.7533333333333333,0.7533333333333333,0.7533333333333333,0.9383333333333334,9000,9666,8334,666,0.074,1332,0.1378026070763501,0.8621973929236499,0.926,74,666,0.185,74,74,74,0,0,1.0,1.0,0,0,,,0,0.0,0,0.0,452,1275.0,1275.0,1275.0,0,0.0
missing_plane_incident,strict_service_plus_correlation,9238,600,24,0.25,1500,600,0,0,0,0,0,0,0,600,3600,3600,3600,1200,600,0,0.0,0.0,0.0,0.0,0.0,0.8333333333333334,9000,6000,6000,3000,0.3333333333333333,0,0.0,1.0,0.6666666666666666,0,0,0.0,0,0,0,0,0,,,0,0,,,600,0.16666666666666666,0,0.0,0,,,,0,0.0
missing_plane_incident,correlation_id_only_ablation,9238,600,24,0.25,1500,600,0,0,0,0,0,0,0,600,3600,3600,3600,1200,600,0,0.0,0.0,0.0,0.0,0.0,0.8333333333333334,9000,6000,6000,3000,0.3333333333333333,0,0.0,1.0,0.6666666666666666,0,0,0.0,0,0,0,0,0,,,0,0,,,600,0.16666666666666666,0,0.0,0,,,,0,0.0
missing_plane_incident,naive_temporal_window,9238,600,24,0.25,1500,600,0,0,0,0,0,0,0,600,3600,3600,3600,600,600,452,0.7533333333333333,0.7533333333333333,0.7533333333333333,0.7533333333333333,0.7533333333333333,0.9383333333333334,9000,9666,8334,666,0.074,1332,0.1378026070763501,0.8621973929236499,0.926,74,666,0.185,74,74,74,0,0,1.0,1.0,0,0,,,0,0.0,0,0.0,452,1275.0,1275.0,1275.0,0,0.0
missing_plane_recovery,strict_service_plus_correlation,9238,600,24,0.25,1500,600,0,0,0,0,0,0,0,600,3600,3600,3600,1200,600,0,0.0,0.0,0.0,0.0,0.0,0.8333333333333334,9000,6000,6000,3000,0.3333333333333333,0,0.0,1.0,0.6666666666666666,0,0,0.0,0,0,0,0,0,,,0,0,,,600,0.16666666666666666,0,0.0,0,,,,0,0.0
missing_plane_recovery,correlation_id_only_ablation,9238,600,24,0.25,1500,600,0,0,0,0,0,0,0,600,3600,3600,3600,1200,600,0,0.0,0.0,0.0,0.0,0.0,0.8333333333333334,9000,6000,6000,3000,0.3333333333333333,0,0.0,1.0,0.6666666666666666,0,0,0.0,0,0,0,0,0,,,0,0,,,600,0.16666666666666666,0,0.0,0,,,,0,0.0
missing_plane_recovery,naive_temporal_window,9238,600,24,0.25,1500,600,0,0,0,0,0,0,0,600,3600,3600,3600,600,600,452,0.7533333333333333,0.7533333333333333,0.7533333333333333,0.7533333333333333,0.7533333333333333,0.9383333333333334,9000,9666,8334,666,0.074,1332,0.1378026070763501,0.8621973929236499,0.926,74,666,0.185,74,74,74,0,0,1.0,1.0,0,0,,,0,0.0,0,0.0,452,1275.0,1275.0,1275.0,0,0.0
collision_same_service_1pct,strict_service_plus_correlation,9238,600,24,0.25,1500,0,0,6,0,0,0,0,0,600,3600,3600,3600,660,588,588,0.98,0.98,1.0,0.98,0.98989898989899,0.9833333333333333,9000,8820,8820,180,0.02,0,0.0,1.0,0.98,6,72,0.02,0,6,6,0,0,1.0,1.0,0,0,,,72,0.02,0,0.0,588,1275.0,1275.0,1275.0,0,0.0
collision_same_service_1pct,correlation_id_only_ablation,9238,600,24,0.25,1500,0,0,6,0,0,0,0,0,600,3600,3600,3600,594,594,588,0.98,0.98,0.98989898989899,0.98,0.9849246231155778,1.0,9000,9216,9000,0,0.0,216,0.0234375,0.9765625,1.0,6,72,0.02,6,6,6,0,0,1.0,1.0,0,0,,,0,0.0,0,0.0,588,1275.0,1275.0,1275.0,0,0.0
collision_same_service_1pct,naive_temporal_window,9238,600,24,0.25,1500,0,0,6,0,0,0,0,0,600,3600,3600,3600,600,600,452,0.7533333333333333,0.7533333333333333,0.7533333333333333,0.7533333333333333,0.7533333333333333,0.9383333333333334,9000,9666,8334,666,0.074,1332,0.1378026070763501,0.8621973929236499,0.926,74,666,0.185,74,74,74,0,0,1.0,1.0,0,0,,,0,0.0,0,0.0,452,1275.0,1275.0,1275.0,0,0.0
collision_same_service_5pct,strict_service_plus_correlation,9238,600,24,0.25,1500,0,0,30,0,0,0,0,0,600,3600,3600,3600,900,540,540,0.9,0.9,1.0,0.9,0.9473684210526316,0.9166666666666666,9000,8100,8100,900,0.1,0,0.0,1.0,0.9,30,360,0.1,0,30,30,0,0,1.0,1.0,0,0,,,360,0.1,0,0.0,540,1275.0,1275.0,1275.0,0,0.0
collision_same_service_5pct,correlation_id_only_ablation,9238,600,24,0.25,1500,0,0,30,0,0,0,0,0,600,3600,3600,3600,570,570,540,0.9,0.9,0.9473684210526315,0.9,0.9230769230769231,1.0,9000,10080,9000,0,0.0,1080,0.10714285714285714,0.8928571428571429,1.0,30,360,0.1,30,30,30,0,0,1.0,1.0,0,0,,,0,0.0,0,0.0,540,1275.0,1275.0,1275.0,0,0.0
collision_same_service_5pct,naive_temporal_window,9238,600,24,0.25,1500,0,0,30,0,0,0,0,0,600,3600,3600,3600,600,600,452,0.7533333333333333,0.7533333333333333,0.7533333333333333,0.7533333333333333,0.7533333333333333,0.9383333333333334,9000,9666,8334,666,0.074,1332,0.1378026070763501,0.8621973929236499,0.926,74,666,0.185,74,74,74,0,0,1.0,1.0,0,0,,,0,0.0,0,0.0,452,1275.0,1275.0,1275.0,0,0.0
collision_same_service_10pct,strict_service_plus_correlation,9238,600,24,0.25,1500,0,0,60,0,0,0,0,0,600,3600,3600,3600,1200,480,480,0.8,0.8,1.0,0.8,0.888888888888889,0.8333333333333334,9000,7200,7200,1800,0.2,0,0.0,1.0,0.8,60,720,0.2,0,60,60,0,0,1.0,1.0,0,0,,,720,0.2,0,0.0,480,1275.0,1275.0,1275.0,0,0.0
collision_same_service_10pct,correlation_id_only_ablation,9238,600,24,0.25,1500,0,0,60,0,0,0,0,0,600,3600,3600,3600,540,540,480,0.8,0.8,0.8888888888888888,0.8,0.8421052631578948,1.0,9000,11160,9000,0,0.0,2160,0.1935483870967742,0.8064516129032258,1.0,60,720,0.2,60,60,60,0,0,1.0,1.0,0,0,,,0,0.0,0,0.0,480,1275.0,1275.0,1275.0,0,0.0
collision_same_service_10pct,naive_temporal_window,9238,600,24,0.25,1500,0,0,60,0,0,0,0,0,600,3600,3600,3600,600,600,452,0.7533333333333333,0.7533333333333333,0.7533333333333333,0.7533333333333333,0.7533333333333333,0.9383333333333334,9000,9666,8334,666,0.074,1332,0.1378026070763501,0.8621973929236499,0.926,74,666,0.185,74,74,74,0,0,1.0,1.0,0,0,,,0,0.0,0,0.0,452,1275.0,1275.0,1275.0,0,0.0
collision_cross_service_5pct,strict_service_plus_correlation,9238,600,24,0.25,1500,0,0,30,0,0,0,0,0,600,3600,3600,3600,600,600,600,1.0,1.0,1.0,1.0,1.0,1.0,9000,9000,9000,0,0.0,0,0.0,1.0,1.0,0,0,0.0,0,0,0,0,0,,,0,0,,,0,0.0,0,0.0,600,1275.0,1275.0,1275.0,0,0.0
collision_cross_service_5pct,correlation_id_only_ablation,9238,600,24,0.25,1500,0,0,30,0,0,0,0,0,600,3600,3600,3600,570,570,540,0.9,0.9,0.9473684210526315,0.9,0.9230769230769231,1.0,9000,10080,9000,0,0.0,1080,0.10714285714285714,0.8928571428571429,1.0,30,360,0.1,30,30,30,0,0,1.0,1.0,0,0,,,0,0.0,0,0.0,540,1275.0,1275.0,1275.0,0,0.0
collision_cross_service_5pct,naive_temporal_window,9238,600,24,0.25,1500,0,0,30,0,0,0,0,0,600,3600,3600,3600,600,600,452,0.7533333333333333,0.7533333333333333,0.7533333333333333,0.7533333333333333,0.7533333333333333,0.9383333333333334,9000,9666,8334,666,0.074,1332,0.1378026070763501,0.8621973929236499,0.926,74,666,0.185,74,74,74,0,0,1.0,1.0,0,0,,,0,0.0,0,0.0,452,1275.0,1275.0,1275.0,0,0.0
duplicate_exact_10pct,strict_service_plus_correlation,9238,600,24,0.25,1500,0,0,0,360,0,0,0,0,600,3600,3600,3960,600,600,600,1.0,1.0,1.0,1.0,1.0,1.0,9000,9000,9000,0,0.0,0,0.0,1.0,1.0,0,0,0.0,0,0,0,0,0,,,0,0,,,0,0.0,360,0.09090909090909091,600,1275.0,1275.0,1275.0,0,0.0
duplicate_exact_10pct,correlation_id_only_ablation,9238,600,24,0.25,1500,0,0,0,360,0,0,0,0,600,3600,3600,3960,600,600,600,1.0,1.0,1.0,1.0,1.0,1.0,9000,9000,9000,0,0.0,0,0.0,1.0,1.0,0,0,0.0,0,0,0,0,0,,,0,0,,,0,0.0,360,0.09090909090909091,600,1275.0,1275.0,1275.0,0,0.0
duplicate_exact_10pct,naive_temporal_window,9238,600,24,0.25,1500,0,0,0,360,0,0,0,0,600,3600,3600,3960,600,600,452,0.7533333333333333,0.7533333333333333,0.7533333333333333,0.7533333333333333,0.7533333333333333,0.9383333333333334,9000,9666,8334,666,0.074,1332,0.1378026070763501,0.8621973929236499,0.926,74,666,0.185,74,74,74,0,0,1.0,1.0,0,0,,,0,0.0,360,0.09090909090909091,452,1275.0,1275.0,1275.0,0,0.0
duplicate_source_conflict_5pct,strict_service_plus_correlation,9238,600,24,0.25,1500,0,0,0,0,180,0,0,0,600,3600,3600,3780,960,600,445,0.7416666666666667,0.7416666666666667,0.7416666666666667,0.7416666666666667,0.7416666666666667,0.95,9000,8126,8126,874,0.0971111111111111,0,0.0,1.0,0.9028888888888889,0,0,0.0,0,0,0,0,0,,,180,180,1.0,1.0,360,0.09523809523809523,0,0.0,445,1275.0,1275.0,1275.0,0,0.0
duplicate_source_conflict_5pct,correlation_id_only_ablation,9238,600,24,0.25,1500,0,0,0,0,180,0,0,0,600,3600,3600,3780,600,600,445,0.7416666666666667,0.7416666666666667,0.7416666666666667,0.7416666666666667,0.7416666666666667,1.0,9000,10106,9000,0,0.0,1106,0.10943993667128439,0.8905600633287156,1.0,0,0,0.0,0,155,0,155,0,0.0,,180,180,1.0,1.0,0,0.0,0,0.0,445,1275.0,1275.0,1275.0,0,0.0
duplicate_source_conflict_5pct,naive_temporal_window,9238,600,24,0.25,1500,0,0,0,0,180,0,0,0,600,3600,3600,3780,600,600,340,0.5666666666666667,0.5666666666666667,0.5666666666666667,0.5666666666666667,0.5666666666666667,0.9383333333333334,9000,10822,8334,666,0.074,2488,0.22990205137682498,0.770097948623175,0.926,74,666,0.185,74,203,74,129,0,0.3645320197044335,1.0,180,180,1.0,1.0,0,0.0,0,0.0,340,1275.0,1275.0,1275.0,0,0.0
clock_skew_random_10pct_5s,strict_service_plus_correlation,9238,600,24,0.25,1500,0,0,0,0,0,360,0,0,600,3600,3600,3600,2015,317,317,0.5283333333333333,0.5283333333333333,1.0,0.5283333333333333,0.6913849509269356,0.6069444444444444,9000,4755,4755,4245,0.4716666666666667,0,0.0,1.0,0.5283333333333333,0,0,0.0,0,283,0,283,0,0.0,,0,0,,,1698,0.4716666666666667,0,0.0,317,1275.0,1275.0,1275.0,0,0.0
clock_skew_random_10pct_5s,correlation_id_only_ablation,9238,600,24,0.25,1500,0,0,0,0,0,360,0,0,600,3600,3600,3600,600,600,600,1.0,1.0,1.0,1.0,1.0,1.0,9000,9000,9000,0,0.0,0,0.0,1.0,1.0,0,0,0.0,0,283,0,283,0,0.0,,0,0,,,0,0.0,0,0.0,600,1275.0,1275.0,1275.0,0,0.0
clock_skew_random_10pct_5s,naive_temporal_window,9238,600,24,0.25,1500,0,0,0,0,0,360,0,0,600,3600,3600,3600,874,668,247,0.4116666666666667,0.4116666666666667,0.36976047904191617,0.4116666666666667,0.38958990536277605,0.8508333333333333,9000,7960,6797,2203,0.2447777777777778,1163,0.14610552763819096,0.853894472361809,0.7552222222222222,119,704,0.19555555555555557,119,94,94,0,25,1.0,0.7899159663865546,0,0,,,0,0.0,0,0.0,247,1275.0,1275.0,1275.0,0,0.0
late_arrival_10pct_30s,strict_service_plus_correlation,9238,600,24,0.25,1500,0,0,0,0,0,0,360,0,600,3600,3600,3600,600,600,600,1.0,1.0,1.0,1.0,1.0,1.0,9000,9000,9000,0,0.0,0,0.0,1.0,1.0,0,0,0.0,0,0,0,0,0,,,0,0,,,0,0.0,0,0.0,600,1275.0,31275.0,31275.0,130260,0.020107437251088264
late_arrival_10pct_30s,correlation_id_only_ablation,9238,600,24,0.25,1500,0,0,0,0,0,0,360,0,600,3600,3600,3600,600,600,600,1.0,1.0,1.0,1.0,1.0,1.0,9000,9000,9000,0,0.0,0,0.0,1.0,1.0,0,0,0.0,0,0,0,0,0,,,0,0,,,0,0.0,0,0.0,600,1275.0,31275.0,31275.0,130260,0.020107437251088264
late_arrival_10pct_30s,naive_temporal_window,9238,600,24,0.25,1500,0,0,0,0,0,0,360,0,600,3600,3600,3600,600,600,452,0.7533333333333333,0.7533333333333333,0.7533333333333333,0.7533333333333333,0.7533333333333333,0.9383333333333334,9000,9666,8334,666,0.074,1332,0.1378026070763501,0.8621973929236499,0.926,74,666,0.185,74,74,74,0,0,1.0,1.0,0,0,,,0,0.0,0,0.0,452,1275.0,31275.0,31275.0,130260,0.020107437251088264
out_of_order_jitter_3s,strict_service_plus_correlation,9238,600,24,0.25,1500,0,0,0,0,0,0,0,3600,600,3600,3600,3600,600,600,600,1.0,1.0,1.0,1.0,1.0,1.0,9000,9000,9000,0,0.0,0,0.0,1.0,1.0,0,0,0.0,0,0,0,0,0,,,0,0,,,0,0.0,0,0.0,600,3431.0,4091.5,4272.0,91573,0.014135562347565682
out_of_order_jitter_3s,correlation_id_only_ablation,9238,600,24,0.25,1500,0,0,0,0,0,0,0,3600,600,3600,3600,3600,600,600,600,1.0,1.0,1.0,1.0,1.0,1.0,9000,9000,9000,0,0.0,0,0.0,1.0,1.0,0,0,0.0,0,0,0,0,0,,,0,0,,,0,0.0,0,0.0,600,3431.0,4091.5,4272.0,91573,0.014135562347565682
out_of_order_jitter_3s,naive_temporal_window,9238,600,24,0.25,1500,0,0,0,0,0,0,0,3600,600,3600,3600,3600,600,600,452,0.7533333333333333,0.7533333333333333,0.7533333333333333,0.7533333333333333,0.7533333333333333,0.9383333333333334,9000,9666,8334,666,0.074,1332,0.1378026070763501,0.8621973929236499,0.926,74,666,0.185,74,74,74,0,0,1.0,1.0,0,0,,,0,0.0,0,0.0,452,3439.0,4095.95,4259.0,91573,0.014135562347565682
compound_adversarial,strict_service_plus_correlation,9238,600,24,0.25,1500,360,0,30,0,0,0,360,3600,600,3600,3600,3600,1217,540,282,0.47,0.47,0.5222222222222223,0.47,0.49473684210526314,0.8286111111111111,9000,6581,6581,2419,0.2687777777777778,0,0.0,1.0,0.7312222222222222,30,317,0.08805555555555555,0,30,30,0,0,1.0,1.0,0,0,,,677,0.18805555555555556,0,0.0,282,4021.0,33151.8,34010.0,206880,0.03193479670278781
compound_adversarial,correlation_id_only_ablation,9238,600,24,0.25,1500,360,0,30,0,0,0,360,3600,600,3600,3600,3600,930,570,282,0.47,0.47,0.49473684210526314,0.47,0.482051282051282,0.9,9000,8121,7280,1720,0.19111111111111112,841,0.1035586750400197,0.8964413249599803,0.8088888888888889,30,317,0.08805555555555555,30,30,30,0,0,1.0,1.0,0,0,,,360,0.1,0,0.0,282,4021.0,33151.8,34010.0,206880,0.03193479670278781
compound_adversarial,naive_temporal_window,9238,600,24,0.25,1500,360,0,30,0,0,0,360,3600,600,3600,3600,3600,600,600,452,0.7533333333333333,0.7533333333333333,0.7533333333333333,0.7533333333333333,0.7533333333333333,0.9383333333333334,9000,9666,8334,666,0.074,1332,0.1378026070763501,0.8621973929236499,0.926,74,666,0.185,74,74,74,0,0,1.0,1.0,0,0,,,0,0.0,0,0.0,452,4067.0,33490.799999999996,34218.0,206880,0.03193479670278781
control,strict_service_plus_correlation,9339,600,24,0.25,1500,0,0,0,0,0,0,0,0,600,3600,3600,3600,600,600,600,1.0,1.0,1.0,1.0,1.0,1.0,9000,9000,9000,0,0.0,0,0.0,1.0,1.0,0,0,0.0,0,0,0,0,0,,,0,0,,,0,0.0,0,0.0,600,1275.0,1275.0,1275.0,0,0.0
control,correlation_id_only_ablation,9339,600,24,0.25,1500,0,0,0,0,0,0,0,0,600,3600,3600,3600,600,600,600,1.0,1.0,1.0,1.0,1.0,1.0,9000,9000,9000,0,0.0,0,0.0,1.0,1.0,0,0,0.0,0,0,0,0,0,,,0,0,,,0,0.0,0,0.0,600,1275.0,1275.0,1275.0,0,0.0
control,naive_temporal_window,9339,600,24,0.25,1500,0,0,0,0,0,0,0,0,600,3600,3600,3600,600,600,436,0.7266666666666667,0.7266666666666667,0.7266666666666667,0.7266666666666667,0.7266666666666666,0.9316666666666666,9000,9738,8262,738,0.082,1476,0.15157116451016636,0.8484288354898336,0.918,82,738,0.205,82,82,82,0,0,1.0,1.0,0,0,,,0,0.0,0,0.0,436,1275.0,1275.0,1275.0,0,0.0
missing_random_1pct,strict_service_plus_correlation,9339,600,24,0.25,1500,36,0,0,0,0,0,0,0,600,3600,3600,3600,636,600,564,0.94,0.94,0.94,0.94,0.94,0.99,9000,8820,8820,180,0.02,0,0.0,1.0,0.98,0,0,0.0,0,0,0,0,0,,,0,0,,,36,0.01,0,0.0,564,1275.0,1275.0,1275.0,0,0.0
missing_random_1pct,correlation_id_only_ablation,9339,600,24,0.25,1500,36,0,0,0,0,0,0,0,600,3600,3600,3600,636,600,564,0.94,0.94,0.94,0.94,0.94,0.99,9000,8820,8820,180,0.02,0,0.0,1.0,0.98,0,0,0.0,0,0,0,0,0,,,0,0,,,36,0.01,0,0.0,564,1275.0,1275.0,1275.0,0,0.0
missing_random_1pct,naive_temporal_window,9339,600,24,0.25,1500,36,0,0,0,0,0,0,0,600,3600,3600,3600,600,600,436,0.7266666666666667,0.7266666666666667,0.7266666666666667,0.7266666666666667,0.7266666666666666,0.9316666666666666,9000,9738,8262,738,0.082,1476,0.15157116451016636,0.8484288354898336,0.918,82,738,0.205,82,82,82,0,0,1.0,1.0,0,0,,,0,0.0,0,0.0,436,1275.0,1275.0,1275.0,0,0.0
missing_random_5pct,strict_service_plus_correlation,9339,600,24,0.25,1500,180,0,0,0,0,0,0,0,600,3600,3600,3600,780,600,439,0.7316666666666667,0.7316666666666667,0.7316666666666667,0.7316666666666667,0.7316666666666667,0.95,9000,8119,8119,881,0.09788888888888889,0,0.0,1.0,0.9021111111111111,0,0,0.0,0,0,0,0,0,,,0,0,,,180,0.05,0,0.0,439,1275.0,1275.0,1275.0,0,0.0
missing_random_5pct,correlation_id_only_ablation,9339,600,24,0.25,1500,180,0,0,0,0,0,0,0,600,3600,3600,3600,780,600,439,0.7316666666666667,0.7316666666666667,0.7316666666666667,0.7316666666666667,0.7316666666666667,0.95,9000,8119,8119,881,0.09788888888888889,0,0.0,1.0,0.9021111111111111,0,0,0.0,0,0,0,0,0,,,0,0,,,180,0.05,0,0.0,439,1275.0,1275.0,1275.0,0,0.0
missing_random_5pct,naive_temporal_window,9339,600,24,0.25,1500,180,0,0,0,0,0,0,0,600,3600,3600,3600,600,600,436,0.7266666666666667,0.7266666666666667,0.7266666666666667,0.7266666666666667,0.7266666666666666,0.9316666666666666,9000,9738,8262,738,0.082,1476,0.15157116451016636,0.8484288354898336,0.918,82,738,0.205,82,82,82,0,0,1.0,1.0,0,0,,,0,0.0,0,0.0,436,1275.0,1275.0,1275.0,0,0.0
missing_random_10pct,strict_service_plus_correlation,9339,600,24,0.25,1500,360,0,0,0,0,0,0,0,600,3600,3600,3600,960,600,319,0.5316666666666666,0.5316666666666666,0.5316666666666666,0.5316666666666666,0.5316666666666666,0.9,9000,7290,7290,1710,0.19,0,0.0,1.0,0.81,0,0,0.0,0,0,0,0,0,,,0,0,,,360,0.1,0,0.0,319,1275.0,1275.0,1275.0,0,0.0
missing_random_10pct,correlation_id_only_ablation,9339,600,24,0.25,1500,360,0,0,0,0,0,0,0,600,3600,3600,3600,960,600,319,0.5316666666666666,0.5316666666666666,0.5316666666666666,0.5316666666666666,0.5316666666666666,0.9,9000,7290,7290,1710,0.19,0,0.0,1.0,0.81,0,0,0.0,0,0,0,0,0,,,0,0,,,360,0.1,0,0.0,319,1275.0,1275.0,1275.0,0,0.0
missing_random_10pct,naive_temporal_window,9339,600,24,0.25,1500,360,0,0,0,0,0,0,0,600,3600,3600,3600,600,600,436,0.7266666666666667,0.7266666666666667,0.7266666666666667,0.7266666666666667,0.7266666666666666,0.9316666666666666,9000,9738,8262,738,0.082,1476,0.15157116451016636,0.8484288354898336,0.918,82,738,0.205,82,82,82,0,0,1.0,1.0,0,0,,,0,0.0,0,0.0,436,1275.0,1275.0,1275.0,0,0.0
missing_random_20pct,strict_service_plus_correlation,9339,600,24,0.25,1500,720,0,0,0,0,0,0,0,600,3600,3600,3600,1319,599,163,0.27166666666666667,0.27166666666666667,0.27212020033388984,0.27166666666666667,0.2718932443703086,0.8002777777777778,9000,5765,5765,3235,0.35944444444444446,0,0.0,1.0,0.6405555555555555,0,0,0.0,0,0,0,0,0,,,0,0,,,720,0.2,0,0.0,163,1275.0,1275.0,1275.0,0,0.0
missing_random_20pct,correlation_id_only_ablation,9339,600,24,0.25,1500,720,0,0,0,0,0,0,0,600,3600,3600,3600,1319,599,163,0.27166666666666667,0.27166666666666667,0.27212020033388984,0.27166666666666667,0.2718932443703086,0.8002777777777778,9000,5765,5765,3235,0.35944444444444446,0,0.0,1.0,0.6405555555555555,0,0,0.0,0,0,0,0,0,,,0,0,,,720,0.2,0,0.0,163,1275.0,1275.0,1275.0,0,0.0
missing_random_20pct,naive_temporal_window,9339,600,24,0.25,1500,720,0,0,0,0,0,0,0,600,3600,3600,3600,600,600,436,0.7266666666666667,0.7266666666666667,0.7266666666666667,0.7266666666666667,0.7266666666666666,0.9316666666666666,9000,9738,8262,738,0.082,1476,0.15157116451016636,0.8484288354898336,0.918,82,738,0.205,82,82,82,0,0,1.0,1.0,0,0,,,0,0.0,0,0.0,436,1275.0,1275.0,1275.0,0,0.0
wrong_id_same_service_1pct,strict_service_plus_correlation,9339,600,24,0.25,1500,0,36,0,0,0,0,0,0,600,3600,3600,3600,815,564,529,0.8816666666666667,0.8816666666666667,0.9379432624113475,0.8816666666666667,0.9089347079037801,0.9402777777777778,9000,8285,8285,715,0.07944444444444444,0,0.0,1.0,0.9205555555555556,36,251,0.06972222222222223,0,36,36,0,0,1.0,1.0,0,0,,,251,0.06972222222222223,0,0.0,529,1275.0,1275.0,1275.0,0,0.0
wrong_id_same_service_1pct,correlation_id_only_ablation,9339,600,24,0.25,1500,0,36,0,0,0,0,0,0,600,3600,3600,3600,600,600,529,0.8816666666666667,0.8816666666666667,0.8816666666666667,0.8816666666666667,0.8816666666666667,0.99,9000,9035,8820,180,0.02,215,0.023796347537354733,0.9762036524626453,0.98,36,251,0.06972222222222223,36,36,36,0,0,1.0,1.0,0,0,,,0,0.0,0,0.0,529,1275.0,1275.0,1275.0,0,0.0
wrong_id_same_service_1pct,naive_temporal_window,9339,600,24,0.25,1500,0,36,0,0,0,0,0,0,600,3600,3600,3600,600,600,436,0.7266666666666667,0.7266666666666667,0.7266666666666667,0.7266666666666667,0.7266666666666666,0.9316666666666666,9000,9738,8262,738,0.082,1476,0.15157116451016636,0.8484288354898336,0.918,82,738,0.205,82,82,82,0,0,1.0,1.0,0,0,,,0,0.0,0,0.0,436,1275.0,1275.0,1275.0,0,0.0
wrong_id_same_service_5pct,strict_service_plus_correlation,9339,600,24,0.25,1500,0,180,0,0,0,0,0,0,600,3600,3600,3600,1500,448,325,0.5416666666666666,0.5416666666666666,0.7254464285714286,0.5416666666666666,0.6202290076335877,0.75,9000,6038,6038,2962,0.32911111111111113,0,0.0,1.0,0.6708888888888889,152,1052,0.2922222222222222,0,152,152,0,0,1.0,1.0,0,0,,,1052,0.2922222222222222,0,0.0,325,1275.0,1275.0,1275.0,0,0.0
wrong_id_same_service_5pct,correlation_id_only_ablation,9339,600,24,0.25,1500,0,180,0,0,0,0,0,0,600,3600,3600,3600,600,600,325,0.5416666666666666,0.5416666666666666,0.5416666666666666,0.5416666666666666,0.5416666666666666,0.95,9000,9186,8126,874,0.0971111111111111,1060,0.11539298933159155,0.8846070106684084,0.9028888888888889,152,1052,0.2922222222222222,152,152,152,0,0,1.0,1.0,0,0,,,0,0.0,0,0.0,325,1275.0,1275.0,1275.0,0,0.0
wrong_id_same_service_5pct,naive_temporal_window,9339,600,24,0.25,1500,0,180,0,0,0,0,0,0,600,3600,3600,3600,600,600,436,0.7266666666666667,0.7266666666666667,0.7266666666666667,0.7266666666666667,0.7266666666666666,0.9316666666666666,9000,9738,8262,738,0.082,1476,0.15157116451016636,0.8484288354898336,0.918,82,738,0.205,82,82,82,0,0,1.0,1.0,0,0,,,0,0.0,0,0.0,436,1275.0,1275.0,1275.0,0,0.0
wrong_id_same_service_10pct,strict_service_plus_correlation,9339,600,24,0.25,1500,0,360,0,0,0,0,0,0,600,3600,3600,3600,2167,324,180,0.3,0.3,0.5555555555555556,0.3,0.3896103896103896,0.5647222222222222,9000,3975,3975,5025,0.5583333333333333,0,0.0,1.0,0.44166666666666665,276,1843,0.5119444444444444,0,276,276,0,0,1.0,1.0,0,0,,,1843,0.5119444444444444,0,0.0,180,1275.0,1275.0,1275.0,0,0.0
wrong_id_same_service_10pct,correlation_id_only_ablation,9339,600,24,0.25,1500,0,360,0,0,0,0,0,0,600,3600,3600,3600,600,600,180,0.3,0.3,0.3,0.3,0.3,0.9,9000,9321,7306,1694,0.18822222222222224,2015,0.21617852161785217,0.7838214783821479,0.8117777777777778,276,1843,0.5119444444444444,276,276,276,0,0,1.0,1.0,0,0,,,0,0.0,0,0.0,180,1275.0,1275.0,1275.0,0,0.0
wrong_id_same_service_10pct,naive_temporal_window,9339,600,24,0.25,1500,0,360,0,0,0,0,0,0,600,3600,3600,3600,600,600,436,0.7266666666666667,0.7266666666666667,0.7266666666666667,0.7266666666666667,0.7266666666666666,0.9316666666666666,9000,9738,8262,738,0.082,1476,0.15157116451016636,0.8484288354898336,0.918,82,738,0.205,82,82,82,0,0,1.0,1.0,0,0,,,0,0.0,0,0.0,436,1275.0,1275.0,1275.0,0,0.0
wrong_id_same_service_20pct,strict_service_plus_correlation,9339,600,24,0.25,1500,0,720,0,0,0,0,0,0,600,3600,3600,3600,2876,184,59,0.09833333333333333,0.09833333333333333,0.32065217391304346,0.09833333333333333,0.15051020408163265,0.36777777777777776,9000,1872,1872,7128,0.792,0,0.0,1.0,0.208,416,2692,0.7477777777777778,0,416,416,0,0,1.0,1.0,0,0,,,2692,0.7477777777777778,0,0.0,59,1275.0,1275.0,1275.0,0,0.0
wrong_id_same_service_20pct,correlation_id_only_ablation,9339,600,24,0.25,1500,0,720,0,0,0,0,0,0,600,3600,3600,3600,600,600,59,0.09833333333333333,0.09833333333333333,0.09833333333333333,0.09833333333333333,0.09833333333333333,0.8,9000,9654,5782,3218,0.35755555555555557,3872,0.4010772736689455,0.5989227263310545,0.6424444444444445,416,2692,0.7477777777777778,416,416,416,0,0,1.0,1.0,0,0,,,0,0.0,0,0.0,59,1275.0,1275.0,1275.0,0,0.0
wrong_id_same_service_20pct,naive_temporal_window,9339,600,24,0.25,1500,0,720,0,0,0,0,0,0,600,3600,3600,3600,600,600,436,0.7266666666666667,0.7266666666666667,0.7266666666666667,0.7266666666666667,0.7266666666666666,0.9316666666666666,9000,9738,8262,738,0.082,1476,0.15157116451016636,0.8484288354898336,0.918,82,738,0.205,82,82,82,0,0,1.0,1.0,0,0,,,0,0.0,0,0.0,436,1275.0,1275.0,1275.0,0,0.0
missing_plane_deployment,strict_service_plus_correlation,9339,600,24,0.25,1500,600,0,0,0,0,0,0,0,600,3600,3600,3600,1200,600,0,0.0,0.0,0.0,0.0,0.0,0.8333333333333334,9000,6000,6000,3000,0.3333333333333333,0,0.0,1.0,0.6666666666666666,0,0,0.0,0,0,0,0,0,,,0,0,,,600,0.16666666666666666,0,0.0,0,,,,0,0.0
missing_plane_deployment,correlation_id_only_ablation,9339,600,24,0.25,1500,600,0,0,0,0,0,0,0,600,3600,3600,3600,1200,600,0,0.0,0.0,0.0,0.0,0.0,0.8333333333333334,9000,6000,6000,3000,0.3333333333333333,0,0.0,1.0,0.6666666666666666,0,0,0.0,0,0,0,0,0,,,0,0,,,600,0.16666666666666666,0,0.0,0,,,,0,0.0
missing_plane_deployment,naive_temporal_window,9339,600,24,0.25,1500,600,0,0,0,0,0,0,0,600,3600,3600,3600,600,600,436,0.7266666666666667,0.7266666666666667,0.7266666666666667,0.7266666666666667,0.7266666666666666,0.9316666666666666,9000,9738,8262,738,0.082,1476,0.15157116451016636,0.8484288354898336,0.918,82,738,0.205,82,82,82,0,0,1.0,1.0,0,0,,,0,0.0,0,0.0,436,1275.0,1275.0,1275.0,0,0.0
missing_plane_identity,strict_service_plus_correlation,9339,600,24,0.25,1500,600,0,0,0,0,0,0,0,600,3600,3600,3600,1200,600,0,0.0,0.0,0.0,0.0,0.0,0.8333333333333334,9000,6000,6000,3000,0.3333333333333333,0,0.0,1.0,0.6666666666666666,0,0,0.0,0,0,0,0,0,,,0,0,,,600,0.16666666666666666,0,0.0,0,,,,0,0.0
missing_plane_identity,correlation_id_only_ablation,9339,600,24,0.25,1500,600,0,0,0,0,0,0,0,600,3600,3600,3600,1200,600,0,0.0,0.0,0.0,0.0,0.0,0.8333333333333334,9000,6000,6000,3000,0.3333333333333333,0,0.0,1.0,0.6666666666666666,0,0,0.0,0,0,0,0,0,,,0,0,,,600,0.16666666666666666,0,0.0,0,,,,0,0.0
missing_plane_identity,naive_temporal_window,9339,600,24,0.25,1500,600,0,0,0,0,0,0,0,600,3600,3600,3600,600,600,436,0.7266666666666667,0.7266666666666667,0.7266666666666667,0.7266666666666667,0.7266666666666666,0.9316666666666666,9000,9738,8262,738,0.082,1476,0.15157116451016636,0.8484288354898336,0.918,82,738,0.205,82,82,82,0,0,1.0,1.0,0,0,,,0,0.0,0,0.0,436,1275.0,1275.0,1275.0,0,0.0
missing_plane_policy,strict_service_plus_correlation,9339,600,24,0.25,1500,600,0,0,0,0,0,0,0,600,3600,3600,3600,1200,600,0,0.0,0.0,0.0,0.0,0.0,0.8333333333333334,9000,6000,6000,3000,0.3333333333333333,0,0.0,1.0,0.6666666666666666,0,0,0.0,0,0,0,0,0,,,0,0,,,600,0.16666666666666666,0,0.0,0,,,,0,0.0
missing_plane_policy,correlation_id_only_ablation,9339,600,24,0.25,1500,600,0,0,0,0,0,0,0,600,3600,3600,3600,1200,600,0,0.0,0.0,0.0,0.0,0.0,0.8333333333333334,9000,6000,6000,3000,0.3333333333333333,0,0.0,1.0,0.6666666666666666,0,0,0.0,0,0,0,0,0,,,0,0,,,600,0.16666666666666666,0,0.0,0,,,,0,0.0
missing_plane_policy,naive_temporal_window,9339,600,24,0.25,1500,600,0,0,0,0,0,0,0,600,3600,3600,3600,600,600,436,0.7266666666666667,0.7266666666666667,0.7266666666666667,0.7266666666666667,0.7266666666666666,0.9316666666666666,9000,9738,8262,738,0.082,1476,0.15157116451016636,0.8484288354898336,0.918,82,738,0.205,82,82,82,0,0,1.0,1.0,0,0,,,0,0.0,0,0.0,436,1275.0,1275.0,1275.0,0,0.0
missing_plane_telemetry,strict_service_plus_correlation,9339,600,24,0.25,1500,600,0,0,0,0,0,0,0,600,3600,3600,3600,1200,600,0,0.0,0.0,0.0,0.0,0.0,0.8333333333333334,9000,6000,6000,3000,0.3333333333333333,0,0.0,1.0,0.6666666666666666,0,0,0.0,0,0,0,0,0,,,0,0,,,600,0.16666666666666666,0,0.0,0,,,,0,0.0
missing_plane_telemetry,correlation_id_only_ablation,9339,600,24,0.25,1500,600,0,0,0,0,0,0,0,600,3600,3600,3600,1200,600,0,0.0,0.0,0.0,0.0,0.0,0.8333333333333334,9000,6000,6000,3000,0.3333333333333333,0,0.0,1.0,0.6666666666666666,0,0,0.0,0,0,0,0,0,,,0,0,,,600,0.16666666666666666,0,0.0,0,,,,0,0.0
missing_plane_telemetry,naive_temporal_window,9339,600,24,0.25,1500,600,0,0,0,0,0,0,0,600,3600,3600,3600,600,600,436,0.7266666666666667,0.7266666666666667,0.7266666666666667,0.7266666666666667,0.7266666666666666,0.9316666666666666,9000,9738,8262,738,0.082,1476,0.15157116451016636,0.8484288354898336,0.918,82,738,0.205,82,82,82,0,0,1.0,1.0,0,0,,,0,0.0,0,0.0,436,1275.0,1275.0,1275.0,0,0.0
missing_plane_incident,strict_service_plus_correlation,9339,600,24,0.25,1500,600,0,0,0,0,0,0,0,600,3600,3600,3600,1200,600,0,0.0,0.0,0.0,0.0,0.0,0.8333333333333334,9000,6000,6000,3000,0.3333333333333333,0,0.0,1.0,0.6666666666666666,0,0,0.0,0,0,0,0,0,,,0,0,,,600,0.16666666666666666,0,0.0,0,,,,0,0.0
missing_plane_incident,correlation_id_only_ablation,9339,600,24,0.25,1500,600,0,0,0,0,0,0,0,600,3600,3600,3600,1200,600,0,0.0,0.0,0.0,0.0,0.0,0.8333333333333334,9000,6000,6000,3000,0.3333333333333333,0,0.0,1.0,0.6666666666666666,0,0,0.0,0,0,0,0,0,,,0,0,,,600,0.16666666666666666,0,0.0,0,,,,0,0.0
missing_plane_incident,naive_temporal_window,9339,600,24,0.25,1500,600,0,0,0,0,0,0,0,600,3600,3600,3600,600,600,436,0.7266666666666667,0.7266666666666667,0.7266666666666667,0.7266666666666667,0.7266666666666666,0.9316666666666666,9000,9738,8262,738,0.082,1476,0.15157116451016636,0.8484288354898336,0.918,82,738,0.205,82,82,82,0,0,1.0,1.0,0,0,,,0,0.0,0,0.0,436,1275.0,1275.0,1275.0,0,0.0
missing_plane_recovery,strict_service_plus_correlation,9339,600,24,0.25,1500,600,0,0,0,0,0,0,0,600,3600,3600,3600,1200,600,0,0.0,0.0,0.0,0.0,0.0,0.8333333333333334,9000,6000,6000,3000,0.3333333333333333,0,0.0,1.0,0.6666666666666666,0,0,0.0,0,0,0,0,0,,,0,0,,,600,0.16666666666666666,0,0.0,0,,,,0,0.0
missing_plane_recovery,correlation_id_only_ablation,9339,600,24,0.25,1500,600,0,0,0,0,0,0,0,600,3600,3600,3600,1200,600,0,0.0,0.0,0.0,0.0,0.0,0.8333333333333334,9000,6000,6000,3000,0.3333333333333333,0,0.0,1.0,0.6666666666666666,0,0,0.0,0,0,0,0,0,,,0,0,,,600,0.16666666666666666,0,0.0,0,,,,0,0.0
missing_plane_recovery,naive_temporal_window,9339,600,24,0.25,1500,600,0,0,0,0,0,0,0,600,3600,3600,3600,600,600,436,0.7266666666666667,0.7266666666666667,0.7266666666666667,0.7266666666666667,0.7266666666666666,0.9316666666666666,9000,9738,8262,738,0.082,1476,0.15157116451016636,0.8484288354898336,0.918,82,738,0.205,82,82,82,0,0,1.0,1.0,0,0,,,0,0.0,0,0.0,436,1275.0,1275.0,1275.0,0,0.0
collision_same_service_1pct,strict_service_plus_correlation,9339,600,24,0.25,1500,0,0,6,0,0,0,0,0,600,3600,3600,3600,660,588,588,0.98,0.98,1.0,0.98,0.98989898989899,0.9833333333333333,9000,8820,8820,180,0.02,0,0.0,1.0,0.98,6,72,0.02,0,6,6,0,0,1.0,1.0,0,0,,,72,0.02,0,0.0,588,1275.0,1275.0,1275.0,0,0.0
collision_same_service_1pct,correlation_id_only_ablation,9339,600,24,0.25,1500,0,0,6,0,0,0,0,0,600,3600,3600,3600,594,594,588,0.98,0.98,0.98989898989899,0.98,0.9849246231155778,1.0,9000,9216,9000,0,0.0,216,0.0234375,0.9765625,1.0,6,72,0.02,6,6,6,0,0,1.0,1.0,0,0,,,0,0.0,0,0.0,588,1275.0,1275.0,1275.0,0,0.0
collision_same_service_1pct,naive_temporal_window,9339,600,24,0.25,1500,0,0,6,0,0,0,0,0,600,3600,3600,3600,600,600,436,0.7266666666666667,0.7266666666666667,0.7266666666666667,0.7266666666666667,0.7266666666666666,0.9316666666666666,9000,9738,8262,738,0.082,1476,0.15157116451016636,0.8484288354898336,0.918,82,738,0.205,82,82,82,0,0,1.0,1.0,0,0,,,0,0.0,0,0.0,436,1275.0,1275.0,1275.0,0,0.0
collision_same_service_5pct,strict_service_plus_correlation,9339,600,24,0.25,1500,0,0,30,0,0,0,0,0,600,3600,3600,3600,900,540,540,0.9,0.9,1.0,0.9,0.9473684210526316,0.9166666666666666,9000,8100,8100,900,0.1,0,0.0,1.0,0.9,30,360,0.1,0,30,30,0,0,1.0,1.0,0,0,,,360,0.1,0,0.0,540,1275.0,1275.0,1275.0,0,0.0
collision_same_service_5pct,correlation_id_only_ablation,9339,600,24,0.25,1500,0,0,30,0,0,0,0,0,600,3600,3600,3600,570,570,540,0.9,0.9,0.9473684210526315,0.9,0.9230769230769231,1.0,9000,10080,9000,0,0.0,1080,0.10714285714285714,0.8928571428571429,1.0,30,360,0.1,30,30,30,0,0,1.0,1.0,0,0,,,0,0.0,0,0.0,540,1275.0,1275.0,1275.0,0,0.0
collision_same_service_5pct,naive_temporal_window,9339,600,24,0.25,1500,0,0,30,0,0,0,0,0,600,3600,3600,3600,600,600,436,0.7266666666666667,0.7266666666666667,0.7266666666666667,0.7266666666666667,0.7266666666666666,0.9316666666666666,9000,9738,8262,738,0.082,1476,0.15157116451016636,0.8484288354898336,0.918,82,738,0.205,82,82,82,0,0,1.0,1.0,0,0,,,0,0.0,0,0.0,436,1275.0,1275.0,1275.0,0,0.0
collision_same_service_10pct,strict_service_plus_correlation,9339,600,24,0.25,1500,0,0,60,0,0,0,0,0,600,3600,3600,3600,1200,480,480,0.8,0.8,1.0,0.8,0.888888888888889,0.8333333333333334,9000,7200,7200,1800,0.2,0,0.0,1.0,0.8,60,720,0.2,0,60,60,0,0,1.0,1.0,0,0,,,720,0.2,0,0.0,480,1275.0,1275.0,1275.0,0,0.0
collision_same_service_10pct,correlation_id_only_ablation,9339,600,24,0.25,1500,0,0,60,0,0,0,0,0,600,3600,3600,3600,540,540,480,0.8,0.8,0.8888888888888888,0.8,0.8421052631578948,1.0,9000,11160,9000,0,0.0,2160,0.1935483870967742,0.8064516129032258,1.0,60,720,0.2,60,60,60,0,0,1.0,1.0,0,0,,,0,0.0,0,0.0,480,1275.0,1275.0,1275.0,0,0.0
collision_same_service_10pct,naive_temporal_window,9339,600,24,0.25,1500,0,0,60,0,0,0,0,0,600,3600,3600,3600,600,600,436,0.7266666666666667,0.7266666666666667,0.7266666666666667,0.7266666666666667,0.7266666666666666,0.9316666666666666,9000,9738,8262,738,0.082,1476,0.15157116451016636,0.8484288354898336,0.918,82,738,0.205,82,82,82,0,0,1.0,1.0,0,0,,,0,0.0,0,0.0,436,1275.0,1275.0,1275.0,0,0.0
collision_cross_service_5pct,strict_service_plus_correlation,9339,600,24,0.25,1500,0,0,30,0,0,0,0,0,600,3600,3600,3600,600,600,600,1.0,1.0,1.0,1.0,1.0,1.0,9000,9000,9000,0,0.0,0,0.0,1.0,1.0,0,0,0.0,0,0,0,0,0,,,0,0,,,0,0.0,0,0.0,600,1275.0,1275.0,1275.0,0,0.0
collision_cross_service_5pct,correlation_id_only_ablation,9339,600,24,0.25,1500,0,0,30,0,0,0,0,0,600,3600,3600,3600,570,570,540,0.9,0.9,0.9473684210526315,0.9,0.9230769230769231,1.0,9000,10080,9000,0,0.0,1080,0.10714285714285714,0.8928571428571429,1.0,30,360,0.1,30,30,30,0,0,1.0,1.0,0,0,,,0,0.0,0,0.0,540,1275.0,1275.0,1275.0,0,0.0
collision_cross_service_5pct,naive_temporal_window,9339,600,24,0.25,1500,0,0,30,0,0,0,0,0,600,3600,3600,3600,600,600,436,0.7266666666666667,0.7266666666666667,0.7266666666666667,0.7266666666666667,0.7266666666666666,0.9316666666666666,9000,9738,8262,738,0.082,1476,0.15157116451016636,0.8484288354898336,0.918,82,738,0.205,82,82,82,0,0,1.0,1.0,0,0,,,0,0.0,0,0.0,436,1275.0,1275.0,1275.0,0,0.0
duplicate_exact_10pct,strict_service_plus_correlation,9339,600,24,0.25,1500,0,0,0,360,0,0,0,0,600,3600,3600,3960,600,600,600,1.0,1.0,1.0,1.0,1.0,1.0,9000,9000,9000,0,0.0,0,0.0,1.0,1.0,0,0,0.0,0,0,0,0,0,,,0,0,,,0,0.0,360,0.09090909090909091,600,1275.0,1275.0,1275.0,0,0.0
duplicate_exact_10pct,correlation_id_only_ablation,9339,600,24,0.25,1500,0,0,0,360,0,0,0,0,600,3600,3600,3960,600,600,600,1.0,1.0,1.0,1.0,1.0,1.0,9000,9000,9000,0,0.0,0,0.0,1.0,1.0,0,0,0.0,0,0,0,0,0,,,0,0,,,0,0.0,360,0.09090909090909091,600,1275.0,1275.0,1275.0,0,0.0
duplicate_exact_10pct,naive_temporal_window,9339,600,24,0.25,1500,0,0,0,360,0,0,0,0,600,3600,3600,3960,600,600,436,0.7266666666666667,0.7266666666666667,0.7266666666666667,0.7266666666666667,0.7266666666666666,0.9316666666666666,9000,9738,8262,738,0.082,1476,0.15157116451016636,0.8484288354898336,0.918,82,738,0.205,82,82,82,0,0,1.0,1.0,0,0,,,0,0.0,360,0.09090909090909091,436,1275.0,1275.0,1275.0,0,0.0
duplicate_source_conflict_5pct,strict_service_plus_correlation,9339,600,24,0.25,1500,0,0,0,0,180,0,0,0,600,3600,3600,3780,960,600,446,0.7433333333333333,0.7433333333333333,0.7433333333333333,0.7433333333333333,0.7433333333333333,0.95,9000,8129,8129,871,0.09677777777777778,0,0.0,1.0,0.9032222222222223,0,0,0.0,0,0,0,0,0,,,180,180,1.0,1.0,360,0.09523809523809523,0,0.0,446,1275.0,1275.0,1275.0,0,0.0
duplicate_source_conflict_5pct,correlation_id_only_ablation,9339,600,24,0.25,1500,0,0,0,0,180,0,0,0,600,3600,3600,3780,600,600,446,0.7433333333333333,0.7433333333333333,0.7433333333333333,0.7433333333333333,0.7433333333333333,1.0,9000,10109,9000,0,0.0,1109,0.10970422395884855,0.8902957760411514,1.0,0,0,0.0,0,154,0,154,0,0.0,,180,180,1.0,1.0,0,0.0,0,0.0,446,1275.0,1275.0,1275.0,0,0.0
duplicate_source_conflict_5pct,naive_temporal_window,9339,600,24,0.25,1500,0,0,0,0,180,0,0,0,600,3600,3600,3780,600,600,317,0.5283333333333333,0.5283333333333333,0.5283333333333333,0.5283333333333333,0.5283333333333333,0.9316666666666666,9000,10923,8262,738,0.082,2661,0.24361439165064544,0.7563856083493545,0.918,82,738,0.205,82,209,82,127,0,0.3923444976076555,1.0,180,180,1.0,1.0,0,0.0,0,0.0,317,1275.0,1275.0,1275.0,0,0.0
clock_skew_random_10pct_5s,strict_service_plus_correlation,9339,600,24,0.25,1500,0,0,0,0,0,360,0,0,600,3600,3600,3600,2065,307,307,0.5116666666666667,0.5116666666666667,1.0,0.5116666666666667,0.6769570011025359,0.5930555555555556,9000,4605,4605,4395,0.48833333333333334,0,0.0,1.0,0.5116666666666667,0,0,0.0,0,293,0,293,0,0.0,,0,0,,,1758,0.48833333333333334,0,0.0,307,1275.0,1275.0,1275.0,0,0.0
clock_skew_random_10pct_5s,correlation_id_only_ablation,9339,600,24,0.25,1500,0,0,0,0,0,360,0,0,600,3600,3600,3600,600,600,600,1.0,1.0,1.0,1.0,1.0,1.0,9000,9000,9000,0,0.0,0,0.0,1.0,1.0,0,0,0.0,0,293,0,293,0,0.0,,0,0,,,0,0.0,0,0.0,600,1275.0,1275.0,1275.0,0,0.0
clock_skew_random_10pct_5s,naive_temporal_window,9339,600,24,0.25,1500,0,0,0,0,0,360,0,0,600,3600,3600,3600,878,669,219,0.365,0.365,0.3273542600896861,0.365,0.34515366430260047,0.8441666666666666,9000,8003,6707,2293,0.25477777777777777,1296,0.16193927277271022,0.8380607272272897,0.7452222222222222,124,770,0.21388888888888888,124,104,104,0,20,1.0,0.8387096774193549,0,0,,,0,0.0,0,0.0,219,1275.0,1275.0,1275.0,0,0.0
late_arrival_10pct_30s,strict_service_plus_correlation,9339,600,24,0.25,1500,0,0,0,0,0,0,360,0,600,3600,3600,3600,600,600,600,1.0,1.0,1.0,1.0,1.0,1.0,9000,9000,9000,0,0.0,0,0.0,1.0,1.0,0,0,0.0,0,0,0,0,0,,,0,0,,,0,0.0,0,0.0,600,1275.0,31275.0,31275.0,129121,0.019931616807137786
late_arrival_10pct_30s,correlation_id_only_ablation,9339,600,24,0.25,1500,0,0,0,0,0,0,360,0,600,3600,3600,3600,600,600,600,1.0,1.0,1.0,1.0,1.0,1.0,9000,9000,9000,0,0.0,0,0.0,1.0,1.0,0,0,0.0,0,0,0,0,0,,,0,0,,,0,0.0,0,0.0,600,1275.0,31275.0,31275.0,129121,0.019931616807137786
late_arrival_10pct_30s,naive_temporal_window,9339,600,24,0.25,1500,0,0,0,0,0,0,360,0,600,3600,3600,3600,600,600,436,0.7266666666666667,0.7266666666666667,0.7266666666666667,0.7266666666666667,0.7266666666666666,0.9316666666666666,9000,9738,8262,738,0.082,1476,0.15157116451016636,0.8484288354898336,0.918,82,738,0.205,82,82,82,0,0,1.0,1.0,0,0,,,0,0.0,0,0.0,436,1275.0,31275.0,31275.0,129121,0.019931616807137786
out_of_order_jitter_3s,strict_service_plus_correlation,9339,600,24,0.25,1500,0,0,0,0,0,0,0,3600,600,3600,3600,3600,600,600,600,1.0,1.0,1.0,1.0,1.0,1.0,9000,9000,9000,0,0.0,0,0.0,1.0,1.0,0,0,0.0,0,0,0,0,0,,,0,0,,,0,0.0,0,0.0,600,3388.0,4094.1,4264.0,95239,0.014701460282177147
out_of_order_jitter_3s,correlation_id_only_ablation,9339,600,24,0.25,1500,0,0,0,0,0,0,0,3600,600,3600,3600,3600,600,600,600,1.0,1.0,1.0,1.0,1.0,1.0,9000,9000,9000,0,0.0,0,0.0,1.0,1.0,0,0,0.0,0,0,0,0,0,,,0,0,,,0,0.0,0,0.0,600,3388.0,4094.1,4264.0,95239,0.014701460282177147
out_of_order_jitter_3s,naive_temporal_window,9339,600,24,0.25,1500,0,0,0,0,0,0,0,3600,600,3600,3600,3600,600,600,436,0.7266666666666667,0.7266666666666667,0.7266666666666667,0.7266666666666667,0.7266666666666666,0.9316666666666666,9000,9738,8262,738,0.082,1476,0.15157116451016636,0.8484288354898336,0.918,82,738,0.205,82,82,82,0,0,1.0,1.0,0,0,,,0,0.0,0,0.0,436,3388.0,4099.5,4264.0,95239,0.014701460282177147
compound_adversarial,strict_service_plus_correlation,9339,600,24,0.25,1500,360,0,30,0,0,0,360,3600,600,3600,3600,3600,1227,540,279,0.465,0.465,0.5166666666666667,0.465,0.4894736842105264,0.8258333333333333,9000,6537,6537,2463,0.27366666666666667,0,0.0,1.0,0.7263333333333334,30,327,0.09083333333333334,0,30,30,0,0,1.0,1.0,0,0,,,687,0.19083333333333333,0,0.0,279,4091.0,33529.899999999994,34211.0,211870,0.03270507239665339
compound_adversarial,correlation_id_only_ablation,9339,600,24,0.25,1500,360,0,30,0,0,0,360,3600,600,3600,3600,3600,930,570,279,0.465,0.465,0.48947368421052634,0.465,0.47692307692307695,0.9,9000,8170,7278,1722,0.19133333333333333,892,0.10917992656058752,0.8908200734394125,0.8086666666666666,30,327,0.09083333333333334,30,30,30,0,0,1.0,1.0,0,0,,,360,0.1,0,0.0,279,4091.0,33529.899999999994,34211.0,211870,0.03270507239665339
compound_adversarial,naive_temporal_window,9339,600,24,0.25,1500,360,0,30,0,0,0,360,3600,600,3600,3600,3600,600,600,436,0.7266666666666667,0.7266666666666667,0.7266666666666667,0.7266666666666667,0.7266666666666666,0.9316666666666666,9000,9738,8262,738,0.082,1476,0.15157116451016636,0.8484288354898336,0.918,82,738,0.205,82,82,82,0,0,1.0,1.0,0,0,,,0,0.0,0,0.0,436,4080.0,33490.0,34211.0,211870,0.03270507239665339
control,strict_service_plus_correlation,9440,600,24,0.25,1500,0,0,0,0,0,0,0,0,600,3600,3600,3600,600,600,600,1.0,1.0,1.0,1.0,1.0,1.0,9000,9000,9000,0,0.0,0,0.0,1.0,1.0,0,0,0.0,0,0,0,0,0,,,0,0,,,0,0.0,0,0.0,600,1275.0,1275.0,1275.0,0,0.0
control,correlation_id_only_ablation,9440,600,24,0.25,1500,0,0,0,0,0,0,0,0,600,3600,3600,3600,600,600,600,1.0,1.0,1.0,1.0,1.0,1.0,9000,9000,9000,0,0.0,0,0.0,1.0,1.0,0,0,0.0,0,0,0,0,0,,,0,0,,,0,0.0,0,0.0,600,1275.0,1275.0,1275.0,0,0.0
control,naive_temporal_window,9440,600,24,0.25,1500,0,0,0,0,0,0,0,0,600,3600,3600,3600,600,600,452,0.7533333333333333,0.7533333333333333,0.7533333333333333,0.7533333333333333,0.7533333333333333,0.9383333333333334,9000,9666,8334,666,0.074,1332,0.1378026070763501,0.8621973929236499,0.926,74,666,0.185,74,74,74,0,0,1.0,1.0,0,0,,,0,0.0,0,0.0,452,1275.0,1275.0,1275.0,0,0.0
missing_random_1pct,strict_service_plus_correlation,9440,600,24,0.25,1500,36,0,0,0,0,0,0,0,600,3600,3600,3600,636,600,565,0.9416666666666667,0.9416666666666667,0.9416666666666667,0.9416666666666667,0.9416666666666667,0.99,9000,8821,8821,179,0.01988888888888889,0,0.0,1.0,0.9801111111111112,0,0,0.0,0,0,0,0,0,,,0,0,,,36,0.01,0,0.0,565,1275.0,1275.0,1275.0,0,0.0
missing_random_1pct,correlation_id_only_ablation,9440,600,24,0.25,1500,36,0,0,0,0,0,0,0,600,3600,3600,3600,636,600,565,0.9416666666666667,0.9416666666666667,0.9416666666666667,0.9416666666666667,0.9416666666666667,0.99,9000,8821,8821,179,0.01988888888888889,0,0.0,1.0,0.9801111111111112,0,0,0.0,0,0,0,0,0,,,0,0,,,36,0.01,0,0.0,565,1275.0,1275.0,1275.0,0,0.0
missing_random_1pct,naive_temporal_window,9440,600,24,0.25,1500,36,0,0,0,0,0,0,0,600,3600,3600,3600,600,600,452,0.7533333333333333,0.7533333333333333,0.7533333333333333,0.7533333333333333,0.7533333333333333,0.9383333333333334,9000,9666,8334,666,0.074,1332,0.1378026070763501,0.8621973929236499,0.926,74,666,0.185,74,74,74,0,0,1.0,1.0,0,0,,,0,0.0,0,0.0,452,1275.0,1275.0,1275.0,0,0.0
missing_random_5pct,strict_service_plus_correlation,9440,600,24,0.25,1500,180,0,0,0,0,0,0,0,600,3600,3600,3600,780,600,446,0.7433333333333333,0.7433333333333333,0.7433333333333333,0.7433333333333333,0.7433333333333333,0.95,9000,8128,8128,872,0.09688888888888889,0,0.0,1.0,0.9031111111111111,0,0,0.0,0,0,0,0,0,,,0,0,,,180,0.05,0,0.0,446,1275.0,1275.0,1275.0,0,0.0
missing_random_5pct,correlation_id_only_ablation,9440,600,24,0.25,1500,180,0,0,0,0,0,0,0,600,3600,3600,3600,780,600,446,0.7433333333333333,0.7433333333333333,0.7433333333333333,0.7433333333333333,0.7433333333333333,0.95,9000,8128,8128,872,0.09688888888888889,0,0.0,1.0,0.9031111111111111,0,0,0.0,0,0,0,0,0,,,0,0,,,180,0.05,0,0.0,446,1275.0,1275.0,1275.0,0,0.0
missing_random_5pct,naive_temporal_window,9440,600,24,0.25,1500,180,0,0,0,0,0,0,0,600,3600,3600,3600,600,600,452,0.7533333333333333,0.7533333333333333,0.7533333333333333,0.7533333333333333,0.7533333333333333,0.9383333333333334,9000,9666,8334,666,0.074,1332,0.1378026070763501,0.8621973929236499,0.926,74,666,0.185,74,74,74,0,0,1.0,1.0,0,0,,,0,0.0,0,0.0,452,1275.0,1275.0,1275.0,0,0.0
missing_random_10pct,strict_service_plus_correlation,9440,600,24,0.25,1500,360,0,0,0,0,0,0,0,600,3600,3600,3600,960,600,313,0.5216666666666666,0.5216666666666666,0.5216666666666666,0.5216666666666666,0.5216666666666666,0.9,9000,7285,7285,1715,0.19055555555555556,0,0.0,1.0,0.8094444444444444,0,0,0.0,0,0,0,0,0,,,0,0,,,360,0.1,0,0.0,313,1275.0,1275.0,1275.0,0,0.0
missing_random_10pct,correlation_id_only_ablation,9440,600,24,0.25,1500,360,0,0,0,0,0,0,0,600,3600,3600,3600,960,600,313,0.5216666666666666,0.5216666666666666,0.5216666666666666,0.5216666666666666,0.5216666666666666,0.9,9000,7285,7285,1715,0.19055555555555556,0,0.0,1.0,0.8094444444444444,0,0,0.0,0,0,0,0,0,,,0,0,,,360,0.1,0,0.0,313,1275.0,1275.0,1275.0,0,0.0
missing_random_10pct,naive_temporal_window,9440,600,24,0.25,1500,360,0,0,0,0,0,0,0,600,3600,3600,3600,600,600,452,0.7533333333333333,0.7533333333333333,0.7533333333333333,0.7533333333333333,0.7533333333333333,0.9383333333333334,9000,9666,8334,666,0.074,1332,0.1378026070763501,0.8621973929236499,0.926,74,666,0.185,74,74,74,0,0,1.0,1.0,0,0,,,0,0.0,0,0.0,452,1275.0,1275.0,1275.0,0,0.0
missing_random_20pct,strict_service_plus_correlation,9440,600,24,0.25,1500,720,0,0,0,0,0,0,0,600,3600,3600,3600,1320,599,156,0.26,0.26,0.2604340567612688,0.26,0.26021684737281064,0.8,9000,5757,5757,3243,0.36033333333333334,0,0.0,1.0,0.6396666666666667,0,0,0.0,0,0,0,0,0,,,0,0,,,720,0.2,0,0.0,156,1275.0,1275.0,1275.0,0,0.0
missing_random_20pct,correlation_id_only_ablation,9440,600,24,0.25,1500,720,0,0,0,0,0,0,0,600,3600,3600,3600,1320,599,156,0.26,0.26,0.2604340567612688,0.26,0.26021684737281064,0.8,9000,5757,5757,3243,0.36033333333333334,0,0.0,1.0,0.6396666666666667,0,0,0.0,0,0,0,0,0,,,0,0,,,720,0.2,0,0.0,156,1275.0,1275.0,1275.0,0,0.0
missing_random_20pct,naive_temporal_window,9440,600,24,0.25,1500,720,0,0,0,0,0,0,0,600,3600,3600,3600,600,600,452,0.7533333333333333,0.7533333333333333,0.7533333333333333,0.7533333333333333,0.7533333333333333,0.9383333333333334,9000,9666,8334,666,0.074,1332,0.1378026070763501,0.8621973929236499,0.926,74,666,0.185,74,74,74,0,0,1.0,1.0,0,0,,,0,0.0,0,0.0,452,1275.0,1275.0,1275.0,0,0.0
wrong_id_same_service_1pct,strict_service_plus_correlation,9440,600,24,0.25,1500,0,36,0,0,0,0,0,0,600,3600,3600,3600,805,566,531,0.885,0.885,0.9381625441696113,0.885,0.9108061749571184,0.9430555555555555,9000,8315,8315,685,0.07611111111111112,0,0.0,1.0,0.9238888888888889,34,239,0.06638888888888889,0,34,34,0,0,1.0,1.0,0,0,,,239,0.06638888888888889,0,0.0,531,1275.0,1275.0,1275.0,0,0.0
wrong_id_same_service_1pct,correlation_id_only_ablation,9440,600,24,0.25,1500,0,36,0,0,0,0,0,0,600,3600,3600,3600,600,600,531,0.885,0.885,0.885,0.885,0.885,0.99,9000,9037,8820,180,0.02,217,0.024012393493415957,0.975987606506584,0.98,34,239,0.06638888888888889,34,34,34,0,0,1.0,1.0,0,0,,,0,0.0,0,0.0,531,1275.0,1275.0,1275.0,0,0.0
wrong_id_same_service_1pct,naive_temporal_window,9440,600,24,0.25,1500,0,36,0,0,0,0,0,0,600,3600,3600,3600,600,600,452,0.7533333333333333,0.7533333333333333,0.7533333333333333,0.7533333333333333,0.7533333333333333,0.9383333333333334,9000,9666,8334,666,0.074,1332,0.1378026070763501,0.8621973929236499,0.926,74,666,0.185,74,74,74,0,0,1.0,1.0,0,0,,,0,0.0,0,0.0,452,1275.0,1275.0,1275.0,0,0.0
wrong_id_same_service_5pct,strict_service_plus_correlation,9440,600,24,0.25,1500,0,180,0,0,0,0,0,0,600,3600,3600,3600,1461,455,335,0.5583333333333333,0.5583333333333333,0.7362637362637363,0.5583333333333333,0.6350710900473934,0.7608333333333334,9000,6163,6163,2837,0.31522222222222224,0,0.0,1.0,0.6847777777777778,145,1006,0.27944444444444444,0,145,145,0,0,1.0,1.0,0,0,,,1006,0.27944444444444444,0,0.0,335,1275.0,1275.0,1275.0,0,0.0
wrong_id_same_service_5pct,correlation_id_only_ablation,9440,600,24,0.25,1500,0,180,0,0,0,0,0,0,600,3600,3600,3600,600,600,335,0.5583333333333333,0.5583333333333333,0.5583333333333333,0.5583333333333333,0.5583333333333333,0.95,9000,9193,8123,877,0.09744444444444444,1070,0.11639290764712282,0.8836070923528772,0.9025555555555556,145,1006,0.27944444444444444,145,145,145,0,0,1.0,1.0,0,0,,,0,0.0,0,0.0,335,1275.0,1275.0,1275.0,0,0.0
wrong_id_same_service_5pct,naive_temporal_window,9440,600,24,0.25,1500,0,180,0,0,0,0,0,0,600,3600,3600,3600,600,600,452,0.7533333333333333,0.7533333333333333,0.7533333333333333,0.7533333333333333,0.7533333333333333,0.9383333333333334,9000,9666,8334,666,0.074,1332,0.1378026070763501,0.8621973929236499,0.926,74,666,0.185,74,74,74,0,0,1.0,1.0,0,0,,,0,0.0,0,0.0,452,1275.0,1275.0,1275.0,0,0.0
wrong_id_same_service_10pct,strict_service_plus_correlation,9440,600,24,0.25,1500,0,360,0,0,0,0,0,0,600,3600,3600,3600,2158,329,174,0.29,0.29,0.5288753799392097,0.29,0.3745963401506997,0.5672222222222222,9000,3976,3976,5024,0.5582222222222222,0,0.0,1.0,0.44177777777777777,271,1829,0.5080555555555556,0,271,271,0,0,1.0,1.0,0,0,,,1829,0.5080555555555556,0,0.0,174,1275.0,1275.0,1275.0,0,0.0
wrong_id_same_service_10pct,correlation_id_only_ablation,9440,600,24,0.25,1500,0,360,0,0,0,0,0,0,600,3600,3600,3600,600,600,174,0.29,0.29,0.29,0.29,0.29,0.9,9000,9359,7302,1698,0.18866666666666668,2057,0.21978843893578373,0.7802115610642163,0.8113333333333334,271,1829,0.5080555555555556,271,271,271,0,0,1.0,1.0,0,0,,,0,0.0,0,0.0,174,1275.0,1275.0,1275.0,0,0.0
wrong_id_same_service_10pct,naive_temporal_window,9440,600,24,0.25,1500,0,360,0,0,0,0,0,0,600,3600,3600,3600,600,600,452,0.7533333333333333,0.7533333333333333,0.7533333333333333,0.7533333333333333,0.7533333333333333,0.9383333333333334,9000,9666,8334,666,0.074,1332,0.1378026070763501,0.8621973929236499,0.926,74,666,0.185,74,74,74,0,0,1.0,1.0,0,0,,,0,0.0,0,0.0,452,1275.0,1275.0,1275.0,0,0.0
wrong_id_same_service_20pct,strict_service_plus_correlation,9440,600,24,0.25,1500,0,720,0,0,0,0,0,0,600,3600,3600,3600,2979,166,41,0.06833333333333333,0.06833333333333333,0.2469879518072289,0.06833333333333333,0.10704960835509138,0.33916666666666667,9000,1555,1555,7445,0.8272222222222222,0,0.0,1.0,0.17277777777777778,434,2813,0.7813888888888889,0,434,434,0,0,1.0,1.0,0,0,,,2813,0.7813888888888889,0,0.0,41,1275.0,1275.0,1275.0,0,0.0
wrong_id_same_service_20pct,correlation_id_only_ablation,9440,600,24,0.25,1500,0,720,0,0,0,0,0,0,600,3600,3600,3600,600,600,41,0.06833333333333333,0.06833333333333333,0.06833333333333333,0.06833333333333333,0.06833333333333333,0.8,9000,9623,5774,3226,0.35844444444444445,3849,0.3999792164605632,0.6000207835394368,0.6415555555555555,434,2813,0.7813888888888889,434,434,434,0,0,1.0,1.0,0,0,,,0,0.0,0,0.0,41,1275.0,1275.0,1275.0,0,0.0
wrong_id_same_service_20pct,naive_temporal_window,9440,600,24,0.25,1500,0,720,0,0,0,0,0,0,600,3600,3600,3600,600,600,452,0.7533333333333333,0.7533333333333333,0.7533333333333333,0.7533333333333333,0.7533333333333333,0.9383333333333334,9000,9666,8334,666,0.074,1332,0.1378026070763501,0.8621973929236499,0.926,74,666,0.185,74,74,74,0,0,1.0,1.0,0,0,,,0,0.0,0,0.0,452,1275.0,1275.0,1275.0,0,0.0
missing_plane_deployment,strict_service_plus_correlation,9440,600,24,0.25,1500,600,0,0,0,0,0,0,0,600,3600,3600,3600,1200,600,0,0.0,0.0,0.0,0.0,0.0,0.8333333333333334,9000,6000,6000,3000,0.3333333333333333,0,0.0,1.0,0.6666666666666666,0,0,0.0,0,0,0,0,0,,,0,0,,,600,0.16666666666666666,0,0.0,0,,,,0,0.0
missing_plane_deployment,correlation_id_only_ablation,9440,600,24,0.25,1500,600,0,0,0,0,0,0,0,600,3600,3600,3600,1200,600,0,0.0,0.0,0.0,0.0,0.0,0.8333333333333334,9000,6000,6000,3000,0.3333333333333333,0,0.0,1.0,0.6666666666666666,0,0,0.0,0,0,0,0,0,,,0,0,,,600,0.16666666666666666,0,0.0,0,,,,0,0.0
missing_plane_deployment,naive_temporal_window,9440,600,24,0.25,1500,600,0,0,0,0,0,0,0,600,3600,3600,3600,600,600,452,0.7533333333333333,0.7533333333333333,0.7533333333333333,0.7533333333333333,0.7533333333333333,0.9383333333333334,9000,9666,8334,666,0.074,1332,0.1378026070763501,0.8621973929236499,0.926,74,666,0.185,74,74,74,0,0,1.0,1.0,0,0,,,0,0.0,0,0.0,452,1275.0,1275.0,1275.0,0,0.0
missing_plane_identity,strict_service_plus_correlation,9440,600,24,0.25,1500,600,0,0,0,0,0,0,0,600,3600,3600,3600,1200,600,0,0.0,0.0,0.0,0.0,0.0,0.8333333333333334,9000,6000,6000,3000,0.3333333333333333,0,0.0,1.0,0.6666666666666666,0,0,0.0,0,0,0,0,0,,,0,0,,,600,0.16666666666666666,0,0.0,0,,,,0,0.0
missing_plane_identity,correlation_id_only_ablation,9440,600,24,0.25,1500,600,0,0,0,0,0,0,0,600,3600,3600,3600,1200,600,0,0.0,0.0,0.0,0.0,0.0,0.8333333333333334,9000,6000,6000,3000,0.3333333333333333,0,0.0,1.0,0.6666666666666666,0,0,0.0,0,0,0,0,0,,,0,0,,,600,0.16666666666666666,0,0.0,0,,,,0,0.0
missing_plane_identity,naive_temporal_window,9440,600,24,0.25,1500,600,0,0,0,0,0,0,0,600,3600,3600,3600,600,600,452,0.7533333333333333,0.7533333333333333,0.7533333333333333,0.7533333333333333,0.7533333333333333,0.9383333333333334,9000,9666,8334,666,0.074,1332,0.1378026070763501,0.8621973929236499,0.926,74,666,0.185,74,74,74,0,0,1.0,1.0,0,0,,,0,0.0,0,0.0,452,1275.0,1275.0,1275.0,0,0.0
missing_plane_policy,strict_service_plus_correlation,9440,600,24,0.25,1500,600,0,0,0,0,0,0,0,600,3600,3600,3600,1200,600,0,0.0,0.0,0.0,0.0,0.0,0.8333333333333334,9000,6000,6000,3000,0.3333333333333333,0,0.0,1.0,0.6666666666666666,0,0,0.0,0,0,0,0,0,,,0,0,,,600,0.16666666666666666,0,0.0,0,,,,0,0.0
missing_plane_policy,correlation_id_only_ablation,9440,600,24,0.25,1500,600,0,0,0,0,0,0,0,600,3600,3600,3600,1200,600,0,0.0,0.0,0.0,0.0,0.0,0.8333333333333334,9000,6000,6000,3000,0.3333333333333333,0,0.0,1.0,0.6666666666666666,0,0,0.0,0,0,0,0,0,,,0,0,,,600,0.16666666666666666,0,0.0,0,,,,0,0.0
missing_plane_policy,naive_temporal_window,9440,600,24,0.25,1500,600,0,0,0,0,0,0,0,600,3600,3600,3600,600,600,452,0.7533333333333333,0.7533333333333333,0.7533333333333333,0.7533333333333333,0.7533333333333333,0.9383333333333334,9000,9666,8334,666,0.074,1332,0.1378026070763501,0.8621973929236499,0.926,74,666,0.185,74,74,74,0,0,1.0,1.0,0,0,,,0,0.0,0,0.0,452,1275.0,1275.0,1275.0,0,0.0
missing_plane_telemetry,strict_service_plus_correlation,9440,600,24,0.25,1500,600,0,0,0,0,0,0,0,600,3600,3600,3600,1200,600,0,0.0,0.0,0.0,0.0,0.0,0.8333333333333334,9000,6000,6000,3000,0.3333333333333333,0,0.0,1.0,0.6666666666666666,0,0,0.0,0,0,0,0,0,,,0,0,,,600,0.16666666666666666,0,0.0,0,,,,0,0.0
missing_plane_telemetry,correlation_id_only_ablation,9440,600,24,0.25,1500,600,0,0,0,0,0,0,0,600,3600,3600,3600,1200,600,0,0.0,0.0,0.0,0.0,0.0,0.8333333333333334,9000,6000,6000,3000,0.3333333333333333,0,0.0,1.0,0.6666666666666666,0,0,0.0,0,0,0,0,0,,,0,0,,,600,0.16666666666666666,0,0.0,0,,,,0,0.0
missing_plane_telemetry,naive_temporal_window,9440,600,24,0.25,1500,600,0,0,0,0,0,0,0,600,3600,3600,3600,600,600,452,0.7533333333333333,0.7533333333333333,0.7533333333333333,0.7533333333333333,0.7533333333333333,0.9383333333333334,9000,9666,8334,666,0.074,1332,0.1378026070763501,0.8621973929236499,0.926,74,666,0.185,74,74,74,0,0,1.0,1.0,0,0,,,0,0.0,0,0.0,452,1275.0,1275.0,1275.0,0,0.0
missing_plane_incident,strict_service_plus_correlation,9440,600,24,0.25,1500,600,0,0,0,0,0,0,0,600,3600,3600,3600,1200,600,0,0.0,0.0,0.0,0.0,0.0,0.8333333333333334,9000,6000,6000,3000,0.3333333333333333,0,0.0,1.0,0.6666666666666666,0,0,0.0,0,0,0,0,0,,,0,0,,,600,0.16666666666666666,0,0.0,0,,,,0,0.0
missing_plane_incident,correlation_id_only_ablation,9440,600,24,0.25,1500,600,0,0,0,0,0,0,0,600,3600,3600,3600,1200,600,0,0.0,0.0,0.0,0.0,0.0,0.8333333333333334,9000,6000,6000,3000,0.3333333333333333,0,0.0,1.0,0.6666666666666666,0,0,0.0,0,0,0,0,0,,,0,0,,,600,0.16666666666666666,0,0.0,0,,,,0,0.0
missing_plane_incident,naive_temporal_window,9440,600,24,0.25,1500,600,0,0,0,0,0,0,0,600,3600,3600,3600,600,600,452,0.7533333333333333,0.7533333333333333,0.7533333333333333,0.7533333333333333,0.7533333333333333,0.9383333333333334,9000,9666,8334,666,0.074,1332,0.1378026070763501,0.8621973929236499,0.926,74,666,0.185,74,74,74,0,0,1.0,1.0,0,0,,,0,0.0,0,0.0,452,1275.0,1275.0,1275.0,0,0.0
missing_plane_recovery,strict_service_plus_correlation,9440,600,24,0.25,1500,600,0,0,0,0,0,0,0,600,3600,3600,3600,1200,600,0,0.0,0.0,0.0,0.0,0.0,0.8333333333333334,9000,6000,6000,3000,0.3333333333333333,0,0.0,1.0,0.6666666666666666,0,0,0.0,0,0,0,0,0,,,0,0,,,600,0.16666666666666666,0,0.0,0,,,,0,0.0
missing_plane_recovery,correlation_id_only_ablation,9440,600,24,0.25,1500,600,0,0,0,0,0,0,0,600,3600,3600,3600,1200,600,0,0.0,0.0,0.0,0.0,0.0,0.8333333333333334,9000,6000,6000,3000,0.3333333333333333,0,0.0,1.0,0.6666666666666666,0,0,0.0,0,0,0,0,0,,,0,0,,,600,0.16666666666666666,0,0.0,0,,,,0,0.0
missing_plane_recovery,naive_temporal_window,9440,600,24,0.25,1500,600,0,0,0,0,0,0,0,600,3600,3600,3600,600,600,452,0.7533333333333333,0.7533333333333333,0.7533333333333333,0.7533333333333333,0.7533333333333333,0.9383333333333334,9000,9666,8334,666,0.074,1332,0.1378026070763501,0.8621973929236499,0.926,74,666,0.185,74,74,74,0,0,1.0,1.0,0,0,,,0,0.0,0,0.0,452,1275.0,1275.0,1275.0,0,0.0
collision_same_service_1pct,strict_service_plus_correlation,9440,600,24,0.25,1500,0,0,6,0,0,0,0,0,600,3600,3600,3600,660,588,588,0.98,0.98,1.0,0.98,0.98989898989899,0.9833333333333333,9000,8820,8820,180,0.02,0,0.0,1.0,0.98,6,72,0.02,0,6,6,0,0,1.0,1.0,0,0,,,72,0.02,0,0.0,588,1275.0,1275.0,1275.0,0,0.0
collision_same_service_1pct,correlation_id_only_ablation,9440,600,24,0.25,1500,0,0,6,0,0,0,0,0,600,3600,3600,3600,594,594,588,0.98,0.98,0.98989898989899,0.98,0.9849246231155778,1.0,9000,9216,9000,0,0.0,216,0.0234375,0.9765625,1.0,6,72,0.02,6,6,6,0,0,1.0,1.0,0,0,,,0,0.0,0,0.0,588,1275.0,1275.0,1275.0,0,0.0
collision_same_service_1pct,naive_temporal_window,9440,600,24,0.25,1500,0,0,6,0,0,0,0,0,600,3600,3600,3600,600,600,452,0.7533333333333333,0.7533333333333333,0.7533333333333333,0.7533333333333333,0.7533333333333333,0.9383333333333334,9000,9666,8334,666,0.074,1332,0.1378026070763501,0.8621973929236499,0.926,74,666,0.185,74,74,74,0,0,1.0,1.0,0,0,,,0,0.0,0,0.0,452,1275.0,1275.0,1275.0,0,0.0
collision_same_service_5pct,strict_service_plus_correlation,9440,600,24,0.25,1500,0,0,30,0,0,0,0,0,600,3600,3600,3600,900,540,540,0.9,0.9,1.0,0.9,0.9473684210526316,0.9166666666666666,9000,8100,8100,900,0.1,0,0.0,1.0,0.9,30,360,0.1,0,30,30,0,0,1.0,1.0,0,0,,,360,0.1,0,0.0,540,1275.0,1275.0,1275.0,0,0.0
collision_same_service_5pct,correlation_id_only_ablation,9440,600,24,0.25,1500,0,0,30,0,0,0,0,0,600,3600,3600,3600,570,570,540,0.9,0.9,0.9473684210526315,0.9,0.9230769230769231,1.0,9000,10080,9000,0,0.0,1080,0.10714285714285714,0.8928571428571429,1.0,30,360,0.1,30,30,30,0,0,1.0,1.0,0,0,,,0,0.0,0,0.0,540,1275.0,1275.0,1275.0,0,0.0
collision_same_service_5pct,naive_temporal_window,9440,600,24,0.25,1500,0,0,30,0,0,0,0,0,600,3600,3600,3600,600,600,452,0.7533333333333333,0.7533333333333333,0.7533333333333333,0.7533333333333333,0.7533333333333333,0.9383333333333334,9000,9666,8334,666,0.074,1332,0.1378026070763501,0.8621973929236499,0.926,74,666,0.185,74,74,74,0,0,1.0,1.0,0,0,,,0,0.0,0,0.0,452,1275.0,1275.0,1275.0,0,0.0
collision_same_service_10pct,strict_service_plus_correlation,9440,600,24,0.25,1500,0,0,60,0,0,0,0,0,600,3600,3600,3600,1200,480,480,0.8,0.8,1.0,0.8,0.888888888888889,0.8333333333333334,9000,7200,7200,1800,0.2,0,0.0,1.0,0.8,60,720,0.2,0,60,60,0,0,1.0,1.0,0,0,,,720,0.2,0,0.0,480,1275.0,1275.0,1275.0,0,0.0
collision_same_service_10pct,correlation_id_only_ablation,9440,600,24,0.25,1500,0,0,60,0,0,0,0,0,600,3600,3600,3600,540,540,480,0.8,0.8,0.8888888888888888,0.8,0.8421052631578948,1.0,9000,11160,9000,0,0.0,2160,0.1935483870967742,0.8064516129032258,1.0,60,720,0.2,60,60,60,0,0,1.0,1.0,0,0,,,0,0.0,0,0.0,480,1275.0,1275.0,1275.0,0,0.0
collision_same_service_10pct,naive_temporal_window,9440,600,24,0.25,1500,0,0,60,0,0,0,0,0,600,3600,3600,3600,600,600,452,0.7533333333333333,0.7533333333333333,0.7533333333333333,0.7533333333333333,0.7533333333333333,0.9383333333333334,9000,9666,8334,666,0.074,1332,0.1378026070763501,0.8621973929236499,0.926,74,666,0.185,74,74,74,0,0,1.0,1.0,0,0,,,0,0.0,0,0.0,452,1275.0,1275.0,1275.0,0,0.0
collision_cross_service_5pct,strict_service_plus_correlation,9440,600,24,0.25,1500,0,0,30,0,0,0,0,0,600,3600,3600,3600,600,600,600,1.0,1.0,1.0,1.0,1.0,1.0,9000,9000,9000,0,0.0,0,0.0,1.0,1.0,0,0,0.0,0,0,0,0,0,,,0,0,,,0,0.0,0,0.0,600,1275.0,1275.0,1275.0,0,0.0
collision_cross_service_5pct,correlation_id_only_ablation,9440,600,24,0.25,1500,0,0,30,0,0,0,0,0,600,3600,3600,3600,570,570,540,0.9,0.9,0.9473684210526315,0.9,0.9230769230769231,1.0,9000,10080,9000,0,0.0,1080,0.10714285714285714,0.8928571428571429,1.0,30,360,0.1,30,30,30,0,0,1.0,1.0,0,0,,,0,0.0,0,0.0,540,1275.0,1275.0,1275.0,0,0.0
collision_cross_service_5pct,naive_temporal_window,9440,600,24,0.25,1500,0,0,30,0,0,0,0,0,600,3600,3600,3600,600,600,452,0.7533333333333333,0.7533333333333333,0.7533333333333333,0.7533333333333333,0.7533333333333333,0.9383333333333334,9000,9666,8334,666,0.074,1332,0.1378026070763501,0.8621973929236499,0.926,74,666,0.185,74,74,74,0,0,1.0,1.0,0,0,,,0,0.0,0,0.0,452,1275.0,1275.0,1275.0,0,0.0
duplicate_exact_10pct,strict_service_plus_correlation,9440,600,24,0.25,1500,0,0,0,360,0,0,0,0,600,3600,3600,3960,600,600,600,1.0,1.0,1.0,1.0,1.0,1.0,9000,9000,9000,0,0.0,0,0.0,1.0,1.0,0,0,0.0,0,0,0,0,0,,,0,0,,,0,0.0,360,0.09090909090909091,600,1275.0,1275.0,1275.0,0,0.0
duplicate_exact_10pct,correlation_id_only_ablation,9440,600,24,0.25,1500,0,0,0,360,0,0,0,0,600,3600,3600,3960,600,600,600,1.0,1.0,1.0,1.0,1.0,1.0,9000,9000,9000,0,0.0,0,0.0,1.0,1.0,0,0,0.0,0,0,0,0,0,,,0,0,,,0,0.0,360,0.09090909090909091,600,1275.0,1275.0,1275.0,0,0.0
duplicate_exact_10pct,naive_temporal_window,9440,600,24,0.25,1500,0,0,0,360,0,0,0,0,600,3600,3600,3960,600,600,452,0.7533333333333333,0.7533333333333333,0.7533333333333333,0.7533333333333333,0.7533333333333333,0.9383333333333334,9000,9666,8334,666,0.074,1332,0.1378026070763501,0.8621973929236499,0.926,74,666,0.185,74,74,74,0,0,1.0,1.0,0,0,,,0,0.0,360,0.09090909090909091,452,1275.0,1275.0,1275.0,0,0.0
duplicate_source_conflict_5pct,strict_service_plus_correlation,9440,600,24,0.25,1500,0,0,0,0,180,0,0,0,600,3600,3600,3780,960,600,444,0.74,0.74,0.74,0.74,0.74,0.95,9000,8127,8127,873,0.097,0,0.0,1.0,0.903,0,0,0.0,0,0,0,0,0,,,180,180,1.0,1.0,360,0.09523809523809523,0,0.0,444,1275.0,1275.0,1275.0,0,0.0
duplicate_source_conflict_5pct,correlation_id_only_ablation,9440,600,24,0.25,1500,0,0,0,0,180,0,0,0,600,3600,3600,3780,600,600,444,0.74,0.74,0.74,0.74,0.74,1.0,9000,10107,9000,0,0.0,1107,0.10952804986642921,0.8904719501335708,1.0,0,0,0.0,0,156,0,156,0,0.0,,180,180,1.0,1.0,0,0.0,0,0.0,444,1275.0,1275.0,1275.0,0,0.0
duplicate_source_conflict_5pct,naive_temporal_window,9440,600,24,0.25,1500,0,0,0,0,180,0,0,0,600,3600,3600,3780,600,600,336,0.56,0.56,0.56,0.56,0.56,0.9383333333333334,9000,10854,8334,666,0.074,2520,0.23217247097844113,0.7678275290215588,0.926,74,666,0.185,74,199,74,125,0,0.37185929648241206,1.0,180,180,1.0,1.0,0,0.0,0,0.0,336,1275.0,1275.0,1275.0,0,0.0
clock_skew_random_10pct_5s,strict_service_plus_correlation,9440,600,24,0.25,1500,0,0,0,0,0,360,0,0,600,3600,3600,3600,1955,329,329,0.5483333333333333,0.5483333333333333,1.0,0.5483333333333333,0.7082884822389667,0.6236111111111111,9000,4935,4935,4065,0.45166666666666666,0,0.0,1.0,0.5483333333333333,0,0,0.0,0,271,0,271,0,0.0,,0,0,,,1626,0.45166666666666666,0,0.0,329,1275.0,1275.0,1275.0,0,0.0
clock_skew_random_10pct_5s,correlation_id_only_ablation,9440,600,24,0.25,1500,0,0,0,0,0,360,0,0,600,3600,3600,3600,600,600,600,1.0,1.0,1.0,1.0,1.0,1.0,9000,9000,9000,0,0.0,0,0.0,1.0,1.0,0,0,0.0,0,271,0,271,0,0.0,,0,0,,,0,0.0,0,0.0,600,1275.0,1275.0,1275.0,0,0.0
clock_skew_random_10pct_5s,naive_temporal_window,9440,600,24,0.25,1500,0,0,0,0,0,360,0,0,600,3600,3600,3600,869,666,246,0.41,0.41,0.36936936936936937,0.41,0.38862559241706157,0.8502777777777778,9000,7991,6821,2179,0.2421111111111111,1170,0.14641471655612565,0.8535852834438744,0.7578888888888888,111,695,0.19305555555555556,111,91,91,0,20,1.0,0.8198198198198198,0,0,,,0,0.0,0,0.0,246,1275.0,1275.0,1275.0,0,0.0
late_arrival_10pct_30s,strict_service_plus_correlation,9440,600,24,0.25,1500,0,0,0,0,0,0,360,0,600,3600,3600,3600,600,600,600,1.0,1.0,1.0,1.0,1.0,1.0,9000,9000,9000,0,0.0,0,0.0,1.0,1.0,0,0,0.0,0,0,0,0,0,,,0,0,,,0,0.0,0,0.0,600,1275.0,31275.0,31275.0,132983,0.020527770059584453
late_arrival_10pct_30s,correlation_id_only_ablation,9440,600,24,0.25,1500,0,0,0,0,0,0,360,0,600,3600,3600,3600,600,600,600,1.0,1.0,1.0,1.0,1.0,1.0,9000,9000,9000,0,0.0,0,0.0,1.0,1.0,0,0,0.0,0,0,0,0,0,,,0,0,,,0,0.0,0,0.0,600,1275.0,31275.0,31275.0,132983,0.020527770059584453
late_arrival_10pct_30s,naive_temporal_window,9440,600,24,0.25,1500,0,0,0,0,0,0,360,0,600,3600,3600,3600,600,600,452,0.7533333333333333,0.7533333333333333,0.7533333333333333,0.7533333333333333,0.7533333333333333,0.9383333333333334,9000,9666,8334,666,0.074,1332,0.1378026070763501,0.8621973929236499,0.926,74,666,0.185,74,74,74,0,0,1.0,1.0,0,0,,,0,0.0,0,0.0,452,1275.0,31275.0,31275.0,132983,0.020527770059584453
out_of_order_jitter_3s,strict_service_plus_correlation,9440,600,24,0.25,1500,0,0,0,0,0,0,0,3600,600,3600,3600,3600,600,600,600,1.0,1.0,1.0,1.0,1.0,1.0,9000,9000,9000,0,0.0,0,0.0,1.0,1.0,0,0,0.0,0,0,0,0,0,,,0,0,,,0,0.0,0,0.0,600,3443.5,4125.25,4274.0,91144,0.014069340248834553
out_of_order_jitter_3s,correlation_id_only_ablation,9440,600,24,0.25,1500,0,0,0,0,0,0,0,3600,600,3600,3600,3600,600,600,600,1.0,1.0,1.0,1.0,1.0,1.0,9000,9000,9000,0,0.0,0,0.0,1.0,1.0,0,0,0.0,0,0,0,0,0,,,0,0,,,0,0.0,0,0.0,600,3443.5,4125.25,4274.0,91144,0.014069340248834553
out_of_order_jitter_3s,naive_temporal_window,9440,600,24,0.25,1500,0,0,0,0,0,0,0,3600,600,3600,3600,3600,600,600,452,0.7533333333333333,0.7533333333333333,0.7533333333333333,0.7533333333333333,0.7533333333333333,0.9383333333333334,9000,9666,8334,666,0.074,1332,0.1378026070763501,0.8621973929236499,0.926,74,666,0.185,74,74,74,0,0,1.0,1.0,0,0,,,0,0.0,0,0.0,452,3446.0,4119.7,4274.0,91144,0.014069340248834553
compound_adversarial,strict_service_plus_correlation,9440,600,24,0.25,1500,360,0,30,0,0,0,360,3600,600,3600,3600,3600,1229,540,285,0.475,0.475,0.5277777777777778,0.475,0.5,0.8252777777777778,9000,6540,6540,2460,0.2733333333333333,0,0.0,1.0,0.7266666666666667,30,329,0.0913888888888889,0,30,30,0,0,1.0,1.0,0,0,,,689,0.1913888888888889,0,0.0,285,4054.0,33434.6,34018.0,205858,0.03177703683121855
compound_adversarial,correlation_id_only_ablation,9440,600,24,0.25,1500,360,0,30,0,0,0,360,3600,600,3600,3600,3600,930,570,285,0.475,0.475,0.5,0.475,0.48717948717948717,0.9,9000,8193,7293,1707,0.18966666666666668,900,0.10984987184181619,0.8901501281581838,0.8103333333333333,30,329,0.0913888888888889,30,30,30,0,0,1.0,1.0,0,0,,,360,0.1,0,0.0,285,4054.0,33434.6,34018.0,205858,0.03177703683121855
compound_adversarial,naive_temporal_window,9440,600,24,0.25,1500,360,0,30,0,0,0,360,3600,600,3600,3600,3600,600,600,452,0.7533333333333333,0.7533333333333333,0.7533333333333333,0.7533333333333333,0.7533333333333333,0.9383333333333334,9000,9666,8334,666,0.074,1332,0.1378026070763501,0.8621973929236499,0.926,74,666,0.185,74,74,74,0,0,1.0,1.0,0,0,,,0,0.0,0,0.0,452,4061.0,33432.15,34181.0,205858,0.03177703683121855
control,strict_service_plus_correlation,9541,600,24,0.25,1500,0,0,0,0,0,0,0,0,600,3600,3600,3600,600,600,600,1.0,1.0,1.0,1.0,1.0,1.0,9000,9000,9000,0,0.0,0,0.0,1.0,1.0,0,0,0.0,0,0,0,0,0,,,0,0,,,0,0.0,0,0.0,600,1275.0,1275.0,1275.0,0,0.0
control,correlation_id_only_ablation,9541,600,24,0.25,1500,0,0,0,0,0,0,0,0,600,3600,3600,3600,600,600,600,1.0,1.0,1.0,1.0,1.0,1.0,9000,9000,9000,0,0.0,0,0.0,1.0,1.0,0,0,0.0,0,0,0,0,0,,,0,0,,,0,0.0,0,0.0,600,1275.0,1275.0,1275.0,0,0.0
control,naive_temporal_window,9541,600,24,0.25,1500,0,0,0,0,0,0,0,0,600,3600,3600,3600,600,600,478,0.7966666666666666,0.7966666666666666,0.7966666666666666,0.7966666666666666,0.7966666666666665,0.9491666666666667,9000,9549,8451,549,0.061,1098,0.11498586239396795,0.8850141376060321,0.939,61,549,0.1525,61,61,61,0,0,1.0,1.0,0,0,,,0,0.0,0,0.0,478,1275.0,1275.0,1275.0,0,0.0
missing_random_1pct,strict_service_plus_correlation,9541,600,24,0.25,1500,36,0,0,0,0,0,0,0,600,3600,3600,3600,636,600,564,0.94,0.94,0.94,0.94,0.94,0.99,9000,8820,8820,180,0.02,0,0.0,1.0,0.98,0,0,0.0,0,0,0,0,0,,,0,0,,,36,0.01,0,0.0,564,1275.0,1275.0,1275.0,0,0.0
missing_random_1pct,correlation_id_only_ablation,9541,600,24,0.25,1500,36,0,0,0,0,0,0,0,600,3600,3600,3600,636,600,564,0.94,0.94,0.94,0.94,0.94,0.99,9000,8820,8820,180,0.02,0,0.0,1.0,0.98,0,0,0.0,0,0,0,0,0,,,0,0,,,36,0.01,0,0.0,564,1275.0,1275.0,1275.0,0,0.0
missing_random_1pct,naive_temporal_window,9541,600,24,0.25,1500,36,0,0,0,0,0,0,0,600,3600,3600,3600,600,600,478,0.7966666666666666,0.7966666666666666,0.7966666666666666,0.7966666666666666,0.7966666666666665,0.9491666666666667,9000,9549,8451,549,0.061,1098,0.11498586239396795,0.8850141376060321,0.939,61,549,0.1525,61,61,61,0,0,1.0,1.0,0,0,,,0,0.0,0,0.0,478,1275.0,1275.0,1275.0,0,0.0
missing_random_5pct,strict_service_plus_correlation,9541,600,24,0.25,1500,180,0,0,0,0,0,0,0,600,3600,3600,3600,780,600,440,0.7333333333333333,0.7333333333333333,0.7333333333333333,0.7333333333333333,0.7333333333333333,0.95,9000,8123,8123,877,0.09744444444444444,0,0.0,1.0,0.9025555555555556,0,0,0.0,0,0,0,0,0,,,0,0,,,180,0.05,0,0.0,440,1275.0,1275.0,1275.0,0,0.0
missing_random_5pct,correlation_id_only_ablation,9541,600,24,0.25,1500,180,0,0,0,0,0,0,0,600,3600,3600,3600,780,600,440,0.7333333333333333,0.7333333333333333,0.7333333333333333,0.7333333333333333,0.7333333333333333,0.95,9000,8123,8123,877,0.09744444444444444,0,0.0,1.0,0.9025555555555556,0,0,0.0,0,0,0,0,0,,,0,0,,,180,0.05,0,0.0,440,1275.0,1275.0,1275.0,0,0.0
missing_random_5pct,naive_temporal_window,9541,600,24,0.25,1500,180,0,0,0,0,0,0,0,600,3600,3600,3600,600,600,478,0.7966666666666666,0.7966666666666666,0.7966666666666666,0.7966666666666666,0.7966666666666665,0.9491666666666667,9000,9549,8451,549,0.061,1098,0.11498586239396795,0.8850141376060321,0.939,61,549,0.1525,61,61,61,0,0,1.0,1.0,0,0,,,0,0.0,0,0.0,478,1275.0,1275.0,1275.0,0,0.0
missing_random_10pct,strict_service_plus_correlation,9541,600,24,0.25,1500,360,0,0,0,0,0,0,0,600,3600,3600,3600,960,600,307,0.5116666666666667,0.5116666666666667,0.5116666666666667,0.5116666666666667,0.5116666666666667,0.9,9000,7277,7277,1723,0.19144444444444444,0,0.0,1.0,0.8085555555555556,0,0,0.0,0,0,0,0,0,,,0,0,,,360,0.1,0,0.0,307,1275.0,1275.0,1275.0,0,0.0
missing_random_10pct,correlation_id_only_ablation,9541,600,24,0.25,1500,360,0,0,0,0,0,0,0,600,3600,3600,3600,960,600,307,0.5116666666666667,0.5116666666666667,0.5116666666666667,0.5116666666666667,0.5116666666666667,0.9,9000,7277,7277,1723,0.19144444444444444,0,0.0,1.0,0.8085555555555556,0,0,0.0,0,0,0,0,0,,,0,0,,,360,0.1,0,0.0,307,1275.0,1275.0,1275.0,0,0.0
missing_random_10pct,naive_temporal_window,9541,600,24,0.25,1500,360,0,0,0,0,0,0,0,600,3600,3600,3600,600,600,478,0.7966666666666666,0.7966666666666666,0.7966666666666666,0.7966666666666666,0.7966666666666665,0.9491666666666667,9000,9549,8451,549,0.061,1098,0.11498586239396795,0.8850141376060321,0.939,61,549,0.1525,61,61,61,0,0,1.0,1.0,0,0,,,0,0.0,0,0.0,478,1275.0,1275.0,1275.0,0,0.0
missing_random_20pct,strict_service_plus_correlation,9541,600,24,0.25,1500,720,0,0,0,0,0,0,0,600,3600,3600,3600,1320,598,167,0.2783333333333333,0.2783333333333333,0.2792642140468227,0.2783333333333333,0.27879799666110183,0.8,9000,5786,5786,3214,0.3571111111111111,0,0.0,1.0,0.6428888888888888,0,0,0.0,0,0,0,0,0,,,0,0,,,720,0.2,0,0.0,167,1275.0,1275.0,1275.0,0,0.0
missing_random_20pct,correlation_id_only_ablation,9541,600,24,0.25,1500,720,0,0,0,0,0,0,0,600,3600,3600,3600,1320,598,167,0.2783333333333333,0.2783333333333333,0.2792642140468227,0.2783333333333333,0.27879799666110183,0.8,9000,5786,5786,3214,0.3571111111111111,0,0.0,1.0,0.6428888888888888,0,0,0.0,0,0,0,0,0,,,0,0,,,720,0.2,0,0.0,167,1275.0,1275.0,1275.0,0,0.0
missing_random_20pct,naive_temporal_window,9541,600,24,0.25,1500,720,0,0,0,0,0,0,0,600,3600,3600,3600,600,600,478,0.7966666666666666,0.7966666666666666,0.7966666666666666,0.7966666666666666,0.7966666666666665,0.9491666666666667,9000,9549,8451,549,0.061,1098,0.11498586239396795,0.8850141376060321,0.939,61,549,0.1525,61,61,61,0,0,1.0,1.0,0,0,,,0,0.0,0,0.0,478,1275.0,1275.0,1275.0,0,0.0
wrong_id_same_service_1pct,strict_service_plus_correlation,9541,600,24,0.25,1500,0,36,0,0,0,0,0,0,600,3600,3600,3600,809,565,532,0.8866666666666667,0.8866666666666667,0.9415929203539823,0.8866666666666667,0.9133047210300429,0.9419444444444445,9000,8306,8306,694,0.07711111111111112,0,0.0,1.0,0.9228888888888889,35,244,0.06777777777777778,0,35,35,0,0,1.0,1.0,0,0,,,244,0.06777777777777778,0,0.0,532,1275.0,1275.0,1275.0,0,0.0
wrong_id_same_service_1pct,correlation_id_only_ablation,9541,600,24,0.25,1500,0,36,0,0,0,0,0,0,600,3600,3600,3600,600,600,532,0.8866666666666667,0.8866666666666667,0.8866666666666667,0.8866666666666667,0.8866666666666667,0.99,9000,9036,8821,179,0.01988888888888889,215,0.023793714032757856,0.9762062859672421,0.9801111111111112,35,244,0.06777777777777778,35,35,35,0,0,1.0,1.0,0,0,,,0,0.0,0,0.0,532,1275.0,1275.0,1275.0,0,0.0
wrong_id_same_service_1pct,naive_temporal_window,9541,600,24,0.25,1500,0,36,0,0,0,0,0,0,600,3600,3600,3600,600,600,478,0.7966666666666666,0.7966666666666666,0.7966666666666666,0.7966666666666666,0.7966666666666665,0.9491666666666667,9000,9549,8451,549,0.061,1098,0.11498586239396795,0.8850141376060321,0.939,61,549,0.1525,61,61,61,0,0,1.0,1.0,0,0,,,0,0.0,0,0.0,478,1275.0,1275.0,1275.0,0,0.0
wrong_id_same_service_5pct,strict_service_plus_correlation,9541,600,24,0.25,1500,0,180,0,0,0,0,0,0,600,3600,3600,3600,1487,448,337,0.5616666666666666,0.5616666666666666,0.7522321428571429,0.5616666666666666,0.6431297709923663,0.7536111111111111,9000,6103,6103,2897,0.3218888888888889,0,0.0,1.0,0.6781111111111111,152,1039,0.2886111111111111,0,152,152,0,0,1.0,1.0,0,0,,,1039,0.2886111111111111,0,0.0,337,1275.0,1275.0,1275.0,0,0.0
wrong_id_same_service_5pct,correlation_id_only_ablation,9541,600,24,0.25,1500,0,180,0,0,0,0,0,0,600,3600,3600,3600,600,600,337,0.5616666666666666,0.5616666666666666,0.5616666666666666,0.5616666666666666,0.5616666666666666,0.95,9000,9179,8129,871,0.09677777777777778,1050,0.11439154592003486,0.8856084540799651,0.9032222222222223,152,1039,0.2886111111111111,152,152,152,0,0,1.0,1.0,0,0,,,0,0.0,0,0.0,337,1275.0,1275.0,1275.0,0,0.0
wrong_id_same_service_5pct,naive_temporal_window,9541,600,24,0.25,1500,0,180,0,0,0,0,0,0,600,3600,3600,3600,600,600,478,0.7966666666666666,0.7966666666666666,0.7966666666666666,0.7966666666666666,0.7966666666666665,0.9491666666666667,9000,9549,8451,549,0.061,1098,0.11498586239396795,0.8850141376060321,0.939,61,549,0.1525,61,61,61,0,0,1.0,1.0,0,0,,,0,0.0,0,0.0,478,1275.0,1275.0,1275.0,0,0.0
wrong_id_same_service_10pct,strict_service_plus_correlation,9541,600,24,0.25,1500,0,360,0,0,0,0,0,0,600,3600,3600,3600,2173,323,182,0.30333333333333334,0.30333333333333334,0.5634674922600619,0.30333333333333334,0.39436619718309857,0.5630555555555555,9000,3962,3962,5038,0.5597777777777778,0,0.0,1.0,0.44022222222222224,277,1850,0.5138888888888888,0,277,277,0,0,1.0,1.0,0,0,,,1850,0.5138888888888888,0,0.0,182,1275.0,1275.0,1275.0,0,0.0
wrong_id_same_service_10pct,correlation_id_only_ablation,9541,600,24,0.25,1500,0,360,0,0,0,0,0,0,600,3600,3600,3600,600,600,182,0.30333333333333334,0.30333333333333334,0.30333333333333334,0.30333333333333334,0.30333333333333334,0.9,9000,9329,7305,1695,0.18833333333333332,2024,0.2169578732983171,0.7830421267016829,0.8116666666666666,277,1850,0.5138888888888888,277,277,277,0,0,1.0,1.0,0,0,,,0,0.0,0,0.0,182,1275.0,1275.0,1275.0,0,0.0
wrong_id_same_service_10pct,naive_temporal_window,9541,600,24,0.25,1500,0,360,0,0,0,0,0,0,600,3600,3600,3600,600,600,478,0.7966666666666666,0.7966666666666666,0.7966666666666666,0.7966666666666666,0.7966666666666665,0.9491666666666667,9000,9549,8451,549,0.061,1098,0.11498586239396795,0.8850141376060321,0.939,61,549,0.1525,61,61,61,0,0,1.0,1.0,0,0,,,0,0.0,0,0.0,478,1275.0,1275.0,1275.0,0,0.0
wrong_id_same_service_20pct,strict_service_plus_correlation,9541,600,24,0.25,1500,0,720,0,0,0,0,0,0,600,3600,3600,3600,2892,194,36,0.06,0.06,0.18556701030927836,0.06,0.0906801007556675,0.36333333333333334,9000,1737,1737,7263,0.807,0,0.0,1.0,0.193,406,2698,0.7494444444444445,0,406,406,0,0,1.0,1.0,0,0,,,2698,0.7494444444444445,0,0.0,36,1275.0,1275.0,1275.0,0,0.0
wrong_id_same_service_20pct,correlation_id_only_ablation,9541,600,24,0.25,1500,0,720,0,0,0,0,0,0,600,3600,3600,3600,600,600,36,0.06,0.06,0.06,0.06,0.06,0.8,9000,9738,5779,3221,0.35788888888888887,3959,0.40655165331690285,0.5934483466830971,0.6421111111111111,406,2698,0.7494444444444445,406,406,406,0,0,1.0,1.0,0,0,,,0,0.0,0,0.0,36,1275.0,1275.0,1275.0,0,0.0
wrong_id_same_service_20pct,naive_temporal_window,9541,600,24,0.25,1500,0,720,0,0,0,0,0,0,600,3600,3600,3600,600,600,478,0.7966666666666666,0.7966666666666666,0.7966666666666666,0.7966666666666666,0.7966666666666665,0.9491666666666667,9000,9549,8451,549,0.061,1098,0.11498586239396795,0.8850141376060321,0.939,61,549,0.1525,61,61,61,0,0,1.0,1.0,0,0,,,0,0.0,0,0.0,478,1275.0,1275.0,1275.0,0,0.0
missing_plane_deployment,strict_service_plus_correlation,9541,600,24,0.25,1500,600,0,0,0,0,0,0,0,600,3600,3600,3600,1200,600,0,0.0,0.0,0.0,0.0,0.0,0.8333333333333334,9000,6000,6000,3000,0.3333333333333333,0,0.0,1.0,0.6666666666666666,0,0,0.0,0,0,0,0,0,,,0,0,,,600,0.16666666666666666,0,0.0,0,,,,0,0.0
missing_plane_deployment,correlation_id_only_ablation,9541,600,24,0.25,1500,600,0,0,0,0,0,0,0,600,3600,3600,3600,1200,600,0,0.0,0.0,0.0,0.0,0.0,0.8333333333333334,9000,6000,6000,3000,0.3333333333333333,0,0.0,1.0,0.6666666666666666,0,0,0.0,0,0,0,0,0,,,0,0,,,600,0.16666666666666666,0,0.0,0,,,,0,0.0
missing_plane_deployment,naive_temporal_window,9541,600,24,0.25,1500,600,0,0,0,0,0,0,0,600,3600,3600,3600,600,600,478,0.7966666666666666,0.7966666666666666,0.7966666666666666,0.7966666666666666,0.7966666666666665,0.9491666666666667,9000,9549,8451,549,0.061,1098,0.11498586239396795,0.8850141376060321,0.939,61,549,0.1525,61,61,61,0,0,1.0,1.0,0,0,,,0,0.0,0,0.0,478,1275.0,1275.0,1275.0,0,0.0
missing_plane_identity,strict_service_plus_correlation,9541,600,24,0.25,1500,600,0,0,0,0,0,0,0,600,3600,3600,3600,1200,600,0,0.0,0.0,0.0,0.0,0.0,0.8333333333333334,9000,6000,6000,3000,0.3333333333333333,0,0.0,1.0,0.6666666666666666,0,0,0.0,0,0,0,0,0,,,0,0,,,600,0.16666666666666666,0,0.0,0,,,,0,0.0
missing_plane_identity,correlation_id_only_ablation,9541,600,24,0.25,1500,600,0,0,0,0,0,0,0,600,3600,3600,3600,1200,600,0,0.0,0.0,0.0,0.0,0.0,0.8333333333333334,9000,6000,6000,3000,0.3333333333333333,0,0.0,1.0,0.6666666666666666,0,0,0.0,0,0,0,0,0,,,0,0,,,600,0.16666666666666666,0,0.0,0,,,,0,0.0
missing_plane_identity,naive_temporal_window,9541,600,24,0.25,1500,600,0,0,0,0,0,0,0,600,3600,3600,3600,600,600,478,0.7966666666666666,0.7966666666666666,0.7966666666666666,0.7966666666666666,0.7966666666666665,0.9491666666666667,9000,9549,8451,549,0.061,1098,0.11498586239396795,0.8850141376060321,0.939,61,549,0.1525,61,61,61,0,0,1.0,1.0,0,0,,,0,0.0,0,0.0,478,1275.0,1275.0,1275.0,0,0.0
missing_plane_policy,strict_service_plus_correlation,9541,600,24,0.25,1500,600,0,0,0,0,0,0,0,600,3600,3600,3600,1200,600,0,0.0,0.0,0.0,0.0,0.0,0.8333333333333334,9000,6000,6000,3000,0.3333333333333333,0,0.0,1.0,0.6666666666666666,0,0,0.0,0,0,0,0,0,,,0,0,,,600,0.16666666666666666,0,0.0,0,,,,0,0.0
missing_plane_policy,correlation_id_only_ablation,9541,600,24,0.25,1500,600,0,0,0,0,0,0,0,600,3600,3600,3600,1200,600,0,0.0,0.0,0.0,0.0,0.0,0.8333333333333334,9000,6000,6000,3000,0.3333333333333333,0,0.0,1.0,0.6666666666666666,0,0,0.0,0,0,0,0,0,,,0,0,,,600,0.16666666666666666,0,0.0,0,,,,0,0.0
missing_plane_policy,naive_temporal_window,9541,600,24,0.25,1500,600,0,0,0,0,0,0,0,600,3600,3600,3600,600,600,478,0.7966666666666666,0.7966666666666666,0.7966666666666666,0.7966666666666666,0.7966666666666665,0.9491666666666667,9000,9549,8451,549,0.061,1098,0.11498586239396795,0.8850141376060321,0.939,61,549,0.1525,61,61,61,0,0,1.0,1.0,0,0,,,0,0.0,0,0.0,478,1275.0,1275.0,1275.0,0,0.0
missing_plane_telemetry,strict_service_plus_correlation,9541,600,24,0.25,1500,600,0,0,0,0,0,0,0,600,3600,3600,3600,1200,600,0,0.0,0.0,0.0,0.0,0.0,0.8333333333333334,9000,6000,6000,3000,0.3333333333333333,0,0.0,1.0,0.6666666666666666,0,0,0.0,0,0,0,0,0,,,0,0,,,600,0.16666666666666666,0,0.0,0,,,,0,0.0
missing_plane_telemetry,correlation_id_only_ablation,9541,600,24,0.25,1500,600,0,0,0,0,0,0,0,600,3600,3600,3600,1200,600,0,0.0,0.0,0.0,0.0,0.0,0.8333333333333334,9000,6000,6000,3000,0.3333333333333333,0,0.0,1.0,0.6666666666666666,0,0,0.0,0,0,0,0,0,,,0,0,,,600,0.16666666666666666,0,0.0,0,,,,0,0.0
missing_plane_telemetry,naive_temporal_window,9541,600,24,0.25,1500,600,0,0,0,0,0,0,0,600,3600,3600,3600,600,600,478,0.7966666666666666,0.7966666666666666,0.7966666666666666,0.7966666666666666,0.7966666666666665,0.9491666666666667,9000,9549,8451,549,0.061,1098,0.11498586239396795,0.8850141376060321,0.939,61,549,0.1525,61,61,61,0,0,1.0,1.0,0,0,,,0,0.0,0,0.0,478,1275.0,1275.0,1275.0,0,0.0
missing_plane_incident,strict_service_plus_correlation,9541,600,24,0.25,1500,600,0,0,0,0,0,0,0,600,3600,3600,3600,1200,600,0,0.0,0.0,0.0,0.0,0.0,0.8333333333333334,9000,6000,6000,3000,0.3333333333333333,0,0.0,1.0,0.6666666666666666,0,0,0.0,0,0,0,0,0,,,0,0,,,600,0.16666666666666666,0,0.0,0,,,,0,0.0
missing_plane_incident,correlation_id_only_ablation,9541,600,24,0.25,1500,600,0,0,0,0,0,0,0,600,3600,3600,3600,1200,600,0,0.0,0.0,0.0,0.0,0.0,0.8333333333333334,9000,6000,6000,3000,0.3333333333333333,0,0.0,1.0,0.6666666666666666,0,0,0.0,0,0,0,0,0,,,0,0,,,600,0.16666666666666666,0,0.0,0,,,,0,0.0
missing_plane_incident,naive_temporal_window,9541,600,24,0.25,1500,600,0,0,0,0,0,0,0,600,3600,3600,3600,600,600,478,0.7966666666666666,0.7966666666666666,0.7966666666666666,0.7966666666666666,0.7966666666666665,0.9491666666666667,9000,9549,8451,549,0.061,1098,0.11498586239396795,0.8850141376060321,0.939,61,549,0.1525,61,61,61,0,0,1.0,1.0,0,0,,,0,0.0,0,0.0,478,1275.0,1275.0,1275.0,0,0.0
missing_plane_recovery,strict_service_plus_correlation,9541,600,24,0.25,1500,600,0,0,0,0,0,0,0,600,3600,3600,3600,1200,600,0,0.0,0.0,0.0,0.0,0.0,0.8333333333333334,9000,6000,6000,3000,0.3333333333333333,0,0.0,1.0,0.6666666666666666,0,0,0.0,0,0,0,0,0,,,0,0,,,600,0.16666666666666666,0,0.0,0,,,,0,0.0
missing_plane_recovery,correlation_id_only_ablation,9541,600,24,0.25,1500,600,0,0,0,0,0,0,0,600,3600,3600,3600,1200,600,0,0.0,0.0,0.0,0.0,0.0,0.8333333333333334,9000,6000,6000,3000,0.3333333333333333,0,0.0,1.0,0.6666666666666666,0,0,0.0,0,0,0,0,0,,,0,0,,,600,0.16666666666666666,0,0.0,0,,,,0,0.0
missing_plane_recovery,naive_temporal_window,9541,600,24,0.25,1500,600,0,0,0,0,0,0,0,600,3600,3600,3600,600,600,478,0.7966666666666666,0.7966666666666666,0.7966666666666666,0.7966666666666666,0.7966666666666665,0.9491666666666667,9000,9549,8451,549,0.061,1098,0.11498586239396795,0.8850141376060321,0.939,61,549,0.1525,61,61,61,0,0,1.0,1.0,0,0,,,0,0.0,0,0.0,478,1275.0,1275.0,1275.0,0,0.0
collision_same_service_1pct,strict_service_plus_correlation,9541,600,24,0.25,1500,0,0,6,0,0,0,0,0,600,3600,3600,3600,660,588,588,0.98,0.98,1.0,0.98,0.98989898989899,0.9833333333333333,9000,8820,8820,180,0.02,0,0.0,1.0,0.98,6,72,0.02,0,6,6,0,0,1.0,1.0,0,0,,,72,0.02,0,0.0,588,1275.0,1275.0,1275.0,0,0.0
collision_same_service_1pct,correlation_id_only_ablation,9541,600,24,0.25,1500,0,0,6,0,0,0,0,0,600,3600,3600,3600,594,594,588,0.98,0.98,0.98989898989899,0.98,0.9849246231155778,1.0,9000,9216,9000,0,0.0,216,0.0234375,0.9765625,1.0,6,72,0.02,6,6,6,0,0,1.0,1.0,0,0,,,0,0.0,0,0.0,588,1275.0,1275.0,1275.0,0,0.0
collision_same_service_1pct,naive_temporal_window,9541,600,24,0.25,1500,0,0,6,0,0,0,0,0,600,3600,3600,3600,600,600,478,0.7966666666666666,0.7966666666666666,0.7966666666666666,0.7966666666666666,0.7966666666666665,0.9491666666666667,9000,9549,8451,549,0.061,1098,0.11498586239396795,0.8850141376060321,0.939,61,549,0.1525,61,61,61,0,0,1.0,1.0,0,0,,,0,0.0,0,0.0,478,1275.0,1275.0,1275.0,0,0.0
collision_same_service_5pct,strict_service_plus_correlation,9541,600,24,0.25,1500,0,0,30,0,0,0,0,0,600,3600,3600,3600,900,540,540,0.9,0.9,1.0,0.9,0.9473684210526316,0.9166666666666666,9000,8100,8100,900,0.1,0,0.0,1.0,0.9,30,360,0.1,0,30,30,0,0,1.0,1.0,0,0,,,360,0.1,0,0.0,540,1275.0,1275.0,1275.0,0,0.0
collision_same_service_5pct,correlation_id_only_ablation,9541,600,24,0.25,1500,0,0,30,0,0,0,0,0,600,3600,3600,3600,570,570,540,0.9,0.9,0.9473684210526315,0.9,0.9230769230769231,1.0,9000,10080,9000,0,0.0,1080,0.10714285714285714,0.8928571428571429,1.0,30,360,0.1,30,30,30,0,0,1.0,1.0,0,0,,,0,0.0,0,0.0,540,1275.0,1275.0,1275.0,0,0.0
collision_same_service_5pct,naive_temporal_window,9541,600,24,0.25,1500,0,0,30,0,0,0,0,0,600,3600,3600,3600,600,600,478,0.7966666666666666,0.7966666666666666,0.7966666666666666,0.7966666666666666,0.7966666666666665,0.9491666666666667,9000,9549,8451,549,0.061,1098,0.11498586239396795,0.8850141376060321,0.939,61,549,0.1525,61,61,61,0,0,1.0,1.0,0,0,,,0,0.0,0,0.0,478,1275.0,1275.0,1275.0,0,0.0
collision_same_service_10pct,strict_service_plus_correlation,9541,600,24,0.25,1500,0,0,60,0,0,0,0,0,600,3600,3600,3600,1200,480,480,0.8,0.8,1.0,0.8,0.888888888888889,0.8333333333333334,9000,7200,7200,1800,0.2,0,0.0,1.0,0.8,60,720,0.2,0,60,60,0,0,1.0,1.0,0,0,,,720,0.2,0,0.0,480,1275.0,1275.0,1275.0,0,0.0
collision_same_service_10pct,correlation_id_only_ablation,9541,600,24,0.25,1500,0,0,60,0,0,0,0,0,600,3600,3600,3600,540,540,480,0.8,0.8,0.8888888888888888,0.8,0.8421052631578948,1.0,9000,11160,9000,0,0.0,2160,0.1935483870967742,0.8064516129032258,1.0,60,720,0.2,60,60,60,0,0,1.0,1.0,0,0,,,0,0.0,0,0.0,480,1275.0,1275.0,1275.0,0,0.0
collision_same_service_10pct,naive_temporal_window,9541,600,24,0.25,1500,0,0,60,0,0,0,0,0,600,3600,3600,3600,600,600,478,0.7966666666666666,0.7966666666666666,0.7966666666666666,0.7966666666666666,0.7966666666666665,0.9491666666666667,9000,9549,8451,549,0.061,1098,0.11498586239396795,0.8850141376060321,0.939,61,549,0.1525,61,61,61,0,0,1.0,1.0,0,0,,,0,0.0,0,0.0,478,1275.0,1275.0,1275.0,0,0.0
collision_cross_service_5pct,strict_service_plus_correlation,9541,600,24,0.25,1500,0,0,30,0,0,0,0,0,600,3600,3600,3600,600,600,600,1.0,1.0,1.0,1.0,1.0,1.0,9000,9000,9000,0,0.0,0,0.0,1.0,1.0,0,0,0.0,0,0,0,0,0,,,0,0,,,0,0.0,0,0.0,600,1275.0,1275.0,1275.0,0,0.0
collision_cross_service_5pct,correlation_id_only_ablation,9541,600,24,0.25,1500,0,0,30,0,0,0,0,0,600,3600,3600,3600,570,570,540,0.9,0.9,0.9473684210526315,0.9,0.9230769230769231,1.0,9000,10080,9000,0,0.0,1080,0.10714285714285714,0.8928571428571429,1.0,30,360,0.1,30,30,30,0,0,1.0,1.0,0,0,,,0,0.0,0,0.0,540,1275.0,1275.0,1275.0,0,0.0
collision_cross_service_5pct,naive_temporal_window,9541,600,24,0.25,1500,0,0,30,0,0,0,0,0,600,3600,3600,3600,600,600,478,0.7966666666666666,0.7966666666666666,0.7966666666666666,0.7966666666666666,0.7966666666666665,0.9491666666666667,9000,9549,8451,549,0.061,1098,0.11498586239396795,0.8850141376060321,0.939,61,549,0.1525,61,61,61,0,0,1.0,1.0,0,0,,,0,0.0,0,0.0,478,1275.0,1275.0,1275.0,0,0.0
duplicate_exact_10pct,strict_service_plus_correlation,9541,600,24,0.25,1500,0,0,0,360,0,0,0,0,600,3600,3600,3960,600,600,600,1.0,1.0,1.0,1.0,1.0,1.0,9000,9000,9000,0,0.0,0,0.0,1.0,1.0,0,0,0.0,0,0,0,0,0,,,0,0,,,0,0.0,360,0.09090909090909091,600,1275.0,1275.0,1275.0,0,0.0
duplicate_exact_10pct,correlation_id_only_ablation,9541,600,24,0.25,1500,0,0,0,360,0,0,0,0,600,3600,3600,3960,600,600,600,1.0,1.0,1.0,1.0,1.0,1.0,9000,9000,9000,0,0.0,0,0.0,1.0,1.0,0,0,0.0,0,0,0,0,0,,,0,0,,,0,0.0,360,0.09090909090909091,600,1275.0,1275.0,1275.0,0,0.0
duplicate_exact_10pct,naive_temporal_window,9541,600,24,0.25,1500,0,0,0,360,0,0,0,0,600,3600,3600,3960,600,600,478,0.7966666666666666,0.7966666666666666,0.7966666666666666,0.7966666666666666,0.7966666666666665,0.9491666666666667,9000,9549,8451,549,0.061,1098,0.11498586239396795,0.8850141376060321,0.939,61,549,0.1525,61,61,61,0,0,1.0,1.0,0,0,,,0,0.0,360,0.09090909090909091,478,1275.0,1275.0,1275.0,0,0.0
duplicate_source_conflict_5pct,strict_service_plus_correlation,9541,600,24,0.25,1500,0,0,0,0,180,0,0,0,600,3600,3600,3780,960,600,442,0.7366666666666667,0.7366666666666667,0.7366666666666667,0.7366666666666667,0.7366666666666667,0.95,9000,8123,8123,877,0.09744444444444444,0,0.0,1.0,0.9025555555555556,0,0,0.0,0,0,0,0,0,,,180,180,1.0,1.0,360,0.09523809523809523,0,0.0,442,1275.0,1275.0,1275.0,0,0.0
duplicate_source_conflict_5pct,correlation_id_only_ablation,9541,600,24,0.25,1500,0,0,0,0,180,0,0,0,600,3600,3600,3780,600,600,442,0.7366666666666667,0.7366666666666667,0.7366666666666667,0.7366666666666667,0.7366666666666667,1.0,9000,10103,9000,0,0.0,1103,0.10917549242799168,0.8908245075720083,1.0,0,0,0.0,0,158,0,158,0,0.0,,180,180,1.0,1.0,0,0.0,0,0.0,442,1275.0,1275.0,1275.0,0,0.0
duplicate_source_conflict_5pct,naive_temporal_window,9541,600,24,0.25,1500,0,0,0,0,180,0,0,0,600,3600,3600,3780,600,600,352,0.5866666666666667,0.5866666666666667,0.5866666666666667,0.5866666666666667,0.5866666666666667,0.9491666666666667,9000,10657,8451,549,0.061,2206,0.207000093835038,0.792999906164962,0.939,61,549,0.1525,61,203,61,142,0,0.30049261083743845,1.0,180,180,1.0,1.0,0,0.0,0,0.0,352,1275.0,1275.0,1275.0,0,0.0
clock_skew_random_10pct_5s,strict_service_plus_correlation,9541,600,24,0.25,1500,0,0,0,0,0,360,0,0,600,3600,3600,3600,1940,332,332,0.5533333333333333,0.5533333333333333,1.0,0.5533333333333333,0.7124463519313305,0.6277777777777778,9000,4980,4980,4020,0.44666666666666666,0,0.0,1.0,0.5533333333333333,0,0,0.0,0,268,0,268,0,0.0,,0,0,,,1608,0.44666666666666666,0,0.0,332,1275.0,1275.0,1275.0,0,0.0
clock_skew_random_10pct_5s,correlation_id_only_ablation,9541,600,24,0.25,1500,0,0,0,0,0,360,0,0,600,3600,3600,3600,600,600,600,1.0,1.0,1.0,1.0,1.0,1.0,9000,9000,9000,0,0.0,0,0.0,1.0,1.0,0,0,0.0,0,268,0,268,0,0.0,,0,0,,,0,0.0,0,0.0,600,1275.0,1275.0,1275.0,0,0.0
clock_skew_random_10pct_5s,naive_temporal_window,9541,600,24,0.25,1500,0,0,0,0,0,360,0,0,600,3600,3600,3600,880,668,269,0.4483333333333333,0.4483333333333333,0.4026946107784431,0.4483333333333333,0.4242902208201893,0.8597222222222223,9000,7896,6904,2096,0.2328888888888889,992,0.12563323201621074,0.8743667679837892,0.7671111111111111,102,595,0.16527777777777777,102,75,75,0,27,1.0,0.7352941176470589,0,0,,,0,0.0,0,0.0,269,1275.0,1275.0,1275.0,0,0.0
late_arrival_10pct_30s,strict_service_plus_correlation,9541,600,24,0.25,1500,0,0,0,0,0,0,360,0,600,3600,3600,3600,600,600,600,1.0,1.0,1.0,1.0,1.0,1.0,9000,9000,9000,0,0.0,0,0.0,1.0,1.0,0,0,0.0,0,0,0,0,0,,,0,0,,,0,0.0,0,0.0,600,1275.0,31275.0,31275.0,132049,0.020383594208267727
late_arrival_10pct_30s,correlation_id_only_ablation,9541,600,24,0.25,1500,0,0,0,0,0,0,360,0,600,3600,3600,3600,600,600,600,1.0,1.0,1.0,1.0,1.0,1.0,9000,9000,9000,0,0.0,0,0.0,1.0,1.0,0,0,0.0,0,0,0,0,0,,,0,0,,,0,0.0,0,0.0,600,1275.0,31275.0,31275.0,132049,0.020383594208267727
late_arrival_10pct_30s,naive_temporal_window,9541,600,24,0.25,1500,0,0,0,0,0,0,360,0,600,3600,3600,3600,600,600,478,0.7966666666666666,0.7966666666666666,0.7966666666666666,0.7966666666666666,0.7966666666666665,0.9491666666666667,9000,9549,8451,549,0.061,1098,0.11498586239396795,0.8850141376060321,0.939,61,549,0.1525,61,61,61,0,0,1.0,1.0,0,0,,,0,0.0,0,0.0,478,1275.0,31275.0,31275.0,132049,0.020383594208267727
out_of_order_jitter_3s,strict_service_plus_correlation,9541,600,24,0.25,1500,0,0,0,0,0,0,0,3600,600,3600,3600,3600,600,600,600,1.0,1.0,1.0,1.0,1.0,1.0,9000,9000,9000,0,0.0,0,0.0,1.0,1.0,0,0,0.0,0,0,0,0,0,,,0,0,,,0,0.0,0,0.0,600,3448.5,4121.049999999999,4275.0,92075,0.014213053008551758
out_of_order_jitter_3s,correlation_id_only_ablation,9541,600,24,0.25,1500,0,0,0,0,0,0,0,3600,600,3600,3600,3600,600,600,600,1.0,1.0,1.0,1.0,1.0,1.0,9000,9000,9000,0,0.0,0,0.0,1.0,1.0,0,0,0.0,0,0,0,0,0,,,0,0,,,0,0.0,0,0.0,600,3448.5,4121.049999999999,4275.0,92075,0.014213053008551758
out_of_order_jitter_3s,naive_temporal_window,9541,600,24,0.25,1500,0,0,0,0,0,0,0,3600,600,3600,3600,3600,600,600,478,0.7966666666666666,0.7966666666666666,0.7966666666666666,0.7966666666666666,0.7966666666666665,0.9491666666666667,9000,9549,8451,549,0.061,1098,0.11498586239396795,0.8850141376060321,0.939,61,549,0.1525,61,61,61,0,0,1.0,1.0,0,0,,,0,0.0,0,0.0,478,3468.0,4138.049999999999,4275.0,92075,0.014213053008551758
compound_adversarial,strict_service_plus_correlation,9541,600,24,0.25,1500,360,0,30,0,0,0,360,3600,600,3600,3600,3600,1218,540,286,0.4766666666666667,0.4766666666666667,0.5296296296296297,0.4766666666666667,0.5017543859649124,0.8283333333333334,9000,6582,6582,2418,0.26866666666666666,0,0.0,1.0,0.7313333333333333,30,318,0.08833333333333333,0,30,30,0,0,1.0,1.0,0,0,,,678,0.18833333333333332,0,0.0,286,3936.5,33548.75,34240.0,210379,0.03247491587169275
compound_adversarial,correlation_id_only_ablation,9541,600,24,0.25,1500,360,0,30,0,0,0,360,3600,600,3600,3600,3600,930,570,286,0.4766666666666667,0.4766666666666667,0.5017543859649123,0.4766666666666667,0.48888888888888893,0.9,9000,8121,7281,1719,0.191,840,0.10343553749538234,0.8965644625046176,0.809,30,318,0.08833333333333333,30,30,30,0,0,1.0,1.0,0,0,,,360,0.1,0,0.0,286,3936.5,33548.75,34240.0,210379,0.03247491587169275
compound_adversarial,naive_temporal_window,9541,600,24,0.25,1500,360,0,30,0,0,0,360,3600,600,3600,3600,3600,600,600,478,0.7966666666666666,0.7966666666666666,0.7966666666666666,0.7966666666666666,0.7966666666666665,0.9491666666666667,9000,9549,8451,549,0.061,1098,0.11498586239396795,0.8850141376060321,0.939,61,549,0.1525,61,61,61,0,0,1.0,1.0,0,0,,,0,0.0,0,0.0,478,4002.0,33510.35,34240.0,210379,0.03247491587169275
control,strict_service_plus_correlation,9642,600,24,0.25,1500,0,0,0,0,0,0,0,0,600,3600,3600,3600,600,600,600,1.0,1.0,1.0,1.0,1.0,1.0,9000,9000,9000,0,0.0,0,0.0,1.0,1.0,0,0,0.0,0,0,0,0,0,,,0,0,,,0,0.0,0,0.0,600,1275.0,1275.0,1275.0,0,0.0
control,correlation_id_only_ablation,9642,600,24,0.25,1500,0,0,0,0,0,0,0,0,600,3600,3600,3600,600,600,600,1.0,1.0,1.0,1.0,1.0,1.0,9000,9000,9000,0,0.0,0,0.0,1.0,1.0,0,0,0.0,0,0,0,0,0,,,0,0,,,0,0.0,0,0.0,600,1275.0,1275.0,1275.0,0,0.0
control,naive_temporal_window,9642,600,24,0.25,1500,0,0,0,0,0,0,0,0,600,3600,3600,3600,600,600,464,0.7733333333333333,0.7733333333333333,0.7733333333333333,0.7733333333333333,0.7733333333333333,0.9433333333333334,9000,9612,8388,612,0.068,1224,0.12734082397003746,0.8726591760299626,0.932,68,612,0.17,68,68,68,0,0,1.0,1.0,0,0,,,0,0.0,0,0.0,464,1275.0,1275.0,1275.0,0,0.0
missing_random_1pct,strict_service_plus_correlation,9642,600,24,0.25,1500,36,0,0,0,0,0,0,0,600,3600,3600,3600,636,600,565,0.9416666666666667,0.9416666666666667,0.9416666666666667,0.9416666666666667,0.9416666666666667,0.99,9000,8821,8821,179,0.01988888888888889,0,0.0,1.0,0.9801111111111112,0,0,0.0,0,0,0,0,0,,,0,0,,,36,0.01,0,0.0,565,1275.0,1275.0,1275.0,0,0.0
missing_random_1pct,correlation_id_only_ablation,9642,600,24,0.25,1500,36,0,0,0,0,0,0,0,600,3600,3600,3600,636,600,565,0.9416666666666667,0.9416666666666667,0.9416666666666667,0.9416666666666667,0.9416666666666667,0.99,9000,8821,8821,179,0.01988888888888889,0,0.0,1.0,0.9801111111111112,0,0,0.0,0,0,0,0,0,,,0,0,,,36,0.01,0,0.0,565,1275.0,1275.0,1275.0,0,0.0
missing_random_1pct,naive_temporal_window,9642,600,24,0.25,1500,36,0,0,0,0,0,0,0,600,3600,3600,3600,600,600,464,0.7733333333333333,0.7733333333333333,0.7733333333333333,0.7733333333333333,0.7733333333333333,0.9433333333333334,9000,9612,8388,612,0.068,1224,0.12734082397003746,0.8726591760299626,0.932,68,612,0.17,68,68,68,0,0,1.0,1.0,0,0,,,0,0.0,0,0.0,464,1275.0,1275.0,1275.0,0,0.0
missing_random_5pct,strict_service_plus_correlation,9642,600,24,0.25,1500,180,0,0,0,0,0,0,0,600,3600,3600,3600,780,600,435,0.725,0.725,0.725,0.725,0.7250000000000001,0.95,9000,8115,8115,885,0.09833333333333333,0,0.0,1.0,0.9016666666666666,0,0,0.0,0,0,0,0,0,,,0,0,,,180,0.05,0,0.0,435,1275.0,1275.0,1275.0,0,0.0
missing_random_5pct,correlation_id_only_ablation,9642,600,24,0.25,1500,180,0,0,0,0,0,0,0,600,3600,3600,3600,780,600,435,0.725,0.725,0.725,0.725,0.7250000000000001,0.95,9000,8115,8115,885,0.09833333333333333,0,0.0,1.0,0.9016666666666666,0,0,0.0,0,0,0,0,0,,,0,0,,,180,0.05,0,0.0,435,1275.0,1275.0,1275.0,0,0.0
missing_random_5pct,naive_temporal_window,9642,600,24,0.25,1500,180,0,0,0,0,0,0,0,600,3600,3600,3600,600,600,464,0.7733333333333333,0.7733333333333333,0.7733333333333333,0.7733333333333333,0.7733333333333333,0.9433333333333334,9000,9612,8388,612,0.068,1224,0.12734082397003746,0.8726591760299626,0.932,68,612,0.17,68,68,68,0,0,1.0,1.0,0,0,,,0,0.0,0,0.0,464,1275.0,1275.0,1275.0,0,0.0
missing_random_10pct,strict_service_plus_correlation,9642,600,24,0.25,1500,360,0,0,0,0,0,0,0,600,3600,3600,3600,960,600,316,0.5266666666666666,0.5266666666666666,0.5266666666666666,0.5266666666666666,0.5266666666666666,0.9,9000,7293,7293,1707,0.18966666666666668,0,0.0,1.0,0.8103333333333333,0,0,0.0,0,0,0,0,0,,,0,0,,,360,0.1,0,0.0,316,1275.0,1275.0,1275.0,0,0.0
missing_random_10pct,correlation_id_only_ablation,9642,600,24,0.25,1500,360,0,0,0,0,0,0,0,600,3600,3600,3600,960,600,316,0.5266666666666666,0.5266666666666666,0.5266666666666666,0.5266666666666666,0.5266666666666666,0.9,9000,7293,7293,1707,0.18966666666666668,0,0.0,1.0,0.8103333333333333,0,0,0.0,0,0,0,0,0,,,0,0,,,360,0.1,0,0.0,316,1275.0,1275.0,1275.0,0,0.0
missing_random_10pct,naive_temporal_window,9642,600,24,0.25,1500,360,0,0,0,0,0,0,0,600,3600,3600,3600,600,600,464,0.7733333333333333,0.7733333333333333,0.7733333333333333,0.7733333333333333,0.7733333333333333,0.9433333333333334,9000,9612,8388,612,0.068,1224,0.12734082397003746,0.8726591760299626,0.932,68,612,0.17,68,68,68,0,0,1.0,1.0,0,0,,,0,0.0,0,0.0,464,1275.0,1275.0,1275.0,0,0.0
missing_random_20pct,strict_service_plus_correlation,9642,600,24,0.25,1500,720,0,0,0,0,0,0,0,600,3600,3600,3600,1320,600,145,0.24166666666666667,0.24166666666666667,0.24166666666666667,0.24166666666666667,0.24166666666666667,0.8,9000,5732,5732,3268,0.3631111111111111,0,0.0,1.0,0.6368888888888888,0,0,0.0,0,0,0,0,0,,,0,0,,,720,0.2,0,0.0,145,1275.0,1275.0,1275.0,0,0.0
missing_random_20pct,correlation_id_only_ablation,9642,600,24,0.25,1500,720,0,0,0,0,0,0,0,600,3600,3600,3600,1320,600,145,0.24166666666666667,0.24166666666666667,0.24166666666666667,0.24166666666666667,0.24166666666666667,0.8,9000,5732,5732,3268,0.3631111111111111,0,0.0,1.0,0.6368888888888888,0,0,0.0,0,0,0,0,0,,,0,0,,,720,0.2,0,0.0,145,1275.0,1275.0,1275.0,0,0.0
missing_random_20pct,naive_temporal_window,9642,600,24,0.25,1500,720,0,0,0,0,0,0,0,600,3600,3600,3600,600,600,464,0.7733333333333333,0.7733333333333333,0.7733333333333333,0.7733333333333333,0.7733333333333333,0.9433333333333334,9000,9612,8388,612,0.068,1224,0.12734082397003746,0.8726591760299626,0.932,68,612,0.17,68,68,68,0,0,1.0,1.0,0,0,,,0,0.0,0,0.0,464,1275.0,1275.0,1275.0,0,0.0
wrong_id_same_service_1pct,strict_service_plus_correlation,9642,600,24,0.25,1500,0,36,0,0,0,0,0,0,600,3600,3600,3600,814,564,531,0.885,0.885,0.9414893617021277,0.885,0.9123711340206185,0.9405555555555556,9000,8291,8291,709,0.07877777777777778,0,0.0,1.0,0.9212222222222223,36,250,0.06944444444444445,0,36,36,0,0,1.0,1.0,0,0,,,250,0.06944444444444445,0,0.0,531,1275.0,1275.0,1275.0,0,0.0
wrong_id_same_service_1pct,correlation_id_only_ablation,9642,600,24,0.25,1500,0,36,0,0,0,0,0,0,600,3600,3600,3600,600,600,531,0.885,0.885,0.885,0.885,0.885,0.99,9000,9035,8821,179,0.01988888888888889,214,0.023685666851134476,0.9763143331488655,0.9801111111111112,36,250,0.06944444444444445,36,36,36,0,0,1.0,1.0,0,0,,,0,0.0,0,0.0,531,1275.0,1275.0,1275.0,0,0.0
wrong_id_same_service_1pct,naive_temporal_window,9642,600,24,0.25,1500,0,36,0,0,0,0,0,0,600,3600,3600,3600,600,600,464,0.7733333333333333,0.7733333333333333,0.7733333333333333,0.7733333333333333,0.7733333333333333,0.9433333333333334,9000,9612,8388,612,0.068,1224,0.12734082397003746,0.8726591760299626,0.932,68,612,0.17,68,68,68,0,0,1.0,1.0,0,0,,,0,0.0,0,0.0,464,1275.0,1275.0,1275.0,0,0.0
wrong_id_same_service_5pct,strict_service_plus_correlation,9642,600,24,0.25,1500,0,180,0,0,0,0,0,0,600,3600,3600,3600,1494,449,329,0.5483333333333333,0.5483333333333333,0.732739420935412,0.5483333333333333,0.6272640610104863,0.7516666666666667,9000,6059,6059,2941,0.3267777777777778,0,0.0,1.0,0.6732222222222223,151,1045,0.2902777777777778,0,151,151,0,0,1.0,1.0,0,0,,,1045,0.2902777777777778,0,0.0,329,1275.0,1275.0,1275.0,0,0.0
wrong_id_same_service_5pct,correlation_id_only_ablation,9642,600,24,0.25,1500,0,180,0,0,0,0,0,0,600,3600,3600,3600,600,600,329,0.5483333333333333,0.5483333333333333,0.5483333333333333,0.5483333333333333,0.5483333333333333,0.95,9000,9186,8123,877,0.09744444444444444,1063,0.1157195732636621,0.8842804267363379,0.9025555555555556,151,1045,0.2902777777777778,151,151,151,0,0,1.0,1.0,0,0,,,0,0.0,0,0.0,329,1275.0,1275.0,1275.0,0,0.0
wrong_id_same_service_5pct,naive_temporal_window,9642,600,24,0.25,1500,0,180,0,0,0,0,0,0,600,3600,3600,3600,600,600,464,0.7733333333333333,0.7733333333333333,0.7733333333333333,0.7733333333333333,0.7733333333333333,0.9433333333333334,9000,9612,8388,612,0.068,1224,0.12734082397003746,0.8726591760299626,0.932,68,612,0.17,68,68,68,0,0,1.0,1.0,0,0,,,0,0.0,0,0.0,464,1275.0,1275.0,1275.0,0,0.0
wrong_id_same_service_10pct,strict_service_plus_correlation,9642,600,24,0.25,1500,0,360,0,0,0,0,0,0,600,3600,3600,3600,2167,323,172,0.2866666666666667,0.2866666666666667,0.5325077399380805,0.2866666666666667,0.37269772481040087,0.5647222222222222,9000,3970,3970,5030,0.5588888888888889,0,0.0,1.0,0.4411111111111111,277,1844,0.5122222222222222,0,277,277,0,0,1.0,1.0,0,0,,,1844,0.5122222222222222,0,0.0,172,1275.0,1275.0,1275.0,0,0.0
wrong_id_same_service_10pct,correlation_id_only_ablation,9642,600,24,0.25,1500,0,360,0,0,0,0,0,0,600,3600,3600,3600,600,600,172,0.2866666666666667,0.2866666666666667,0.2866666666666667,0.2866666666666667,0.2866666666666667,0.9,9000,9301,7282,1718,0.19088888888888889,2019,0.2170734329641974,0.7829265670358027,0.8091111111111111,277,1844,0.5122222222222222,277,277,277,0,0,1.0,1.0,0,0,,,0,0.0,0,0.0,172,1275.0,1275.0,1275.0,0,0.0
wrong_id_same_service_10pct,naive_temporal_window,9642,600,24,0.25,1500,0,360,0,0,0,0,0,0,600,3600,3600,3600,600,600,464,0.7733333333333333,0.7733333333333333,0.7733333333333333,0.7733333333333333,0.7733333333333333,0.9433333333333334,9000,9612,8388,612,0.068,1224,0.12734082397003746,0.8726591760299626,0.932,68,612,0.17,68,68,68,0,0,1.0,1.0,0,0,,,0,0.0,0,0.0,464,1275.0,1275.0,1275.0,0,0.0
wrong_id_same_service_20pct,strict_service_plus_correlation,9642,600,24,0.25,1500,0,720,0,0,0,0,0,0,600,3600,3600,3600,2958,174,36,0.06,0.06,0.20689655172413793,0.06,0.09302325581395347,0.345,9000,1586,1586,7414,0.8237777777777778,0,0.0,1.0,0.17622222222222222,426,2784,0.7733333333333333,0,426,426,0,0,1.0,1.0,0,0,,,2784,0.7733333333333333,0,0.0,36,1275.0,1275.0,1275.0,0,0.0
wrong_id_same_service_20pct,correlation_id_only_ablation,9642,600,24,0.25,1500,0,720,0,0,0,0,0,0,600,3600,3600,3600,600,600,36,0.06,0.06,0.06,0.06,0.06,0.8,9000,9657,5758,3242,0.3602222222222222,3899,0.40374857616236925,0.5962514238376307,0.6397777777777778,426,2784,0.7733333333333333,426,426,426,0,0,1.0,1.0,0,0,,,0,0.0,0,0.0,36,1275.0,1275.0,1275.0,0,0.0
wrong_id_same_service_20pct,naive_temporal_window,9642,600,24,0.25,1500,0,720,0,0,0,0,0,0,600,3600,3600,3600,600,600,464,0.7733333333333333,0.7733333333333333,0.7733333333333333,0.7733333333333333,0.7733333333333333,0.9433333333333334,9000,9612,8388,612,0.068,1224,0.12734082397003746,0.8726591760299626,0.932,68,612,0.17,68,68,68,0,0,1.0,1.0,0,0,,,0,0.0,0,0.0,464,1275.0,1275.0,1275.0,0,0.0
missing_plane_deployment,strict_service_plus_correlation,9642,600,24,0.25,1500,600,0,0,0,0,0,0,0,600,3600,3600,3600,1200,600,0,0.0,0.0,0.0,0.0,0.0,0.8333333333333334,9000,6000,6000,3000,0.3333333333333333,0,0.0,1.0,0.6666666666666666,0,0,0.0,0,0,0,0,0,,,0,0,,,600,0.16666666666666666,0,0.0,0,,,,0,0.0
missing_plane_deployment,correlation_id_only_ablation,9642,600,24,0.25,1500,600,0,0,0,0,0,0,0,600,3600,3600,3600,1200,600,0,0.0,0.0,0.0,0.0,0.0,0.8333333333333334,9000,6000,6000,3000,0.3333333333333333,0,0.0,1.0,0.6666666666666666,0,0,0.0,0,0,0,0,0,,,0,0,,,600,0.16666666666666666,0,0.0,0,,,,0,0.0
missing_plane_deployment,naive_temporal_window,9642,600,24,0.25,1500,600,0,0,0,0,0,0,0,600,3600,3600,3600,600,600,464,0.7733333333333333,0.7733333333333333,0.7733333333333333,0.7733333333333333,0.7733333333333333,0.9433333333333334,9000,9612,8388,612,0.068,1224,0.12734082397003746,0.8726591760299626,0.932,68,612,0.17,68,68,68,0,0,1.0,1.0,0,0,,,0,0.0,0,0.0,464,1275.0,1275.0,1275.0,0,0.0
missing_plane_identity,strict_service_plus_correlation,9642,600,24,0.25,1500,600,0,0,0,0,0,0,0,600,3600,3600,3600,1200,600,0,0.0,0.0,0.0,0.0,0.0,0.8333333333333334,9000,6000,6000,3000,0.3333333333333333,0,0.0,1.0,0.6666666666666666,0,0,0.0,0,0,0,0,0,,,0,0,,,600,0.16666666666666666,0,0.0,0,,,,0,0.0
missing_plane_identity,correlation_id_only_ablation,9642,600,24,0.25,1500,600,0,0,0,0,0,0,0,600,3600,3600,3600,1200,600,0,0.0,0.0,0.0,0.0,0.0,0.8333333333333334,9000,6000,6000,3000,0.3333333333333333,0,0.0,1.0,0.6666666666666666,0,0,0.0,0,0,0,0,0,,,0,0,,,600,0.16666666666666666,0,0.0,0,,,,0,0.0
missing_plane_identity,naive_temporal_window,9642,600,24,0.25,1500,600,0,0,0,0,0,0,0,600,3600,3600,3600,600,600,464,0.7733333333333333,0.7733333333333333,0.7733333333333333,0.7733333333333333,0.7733333333333333,0.9433333333333334,9000,9612,8388,612,0.068,1224,0.12734082397003746,0.8726591760299626,0.932,68,612,0.17,68,68,68,0,0,1.0,1.0,0,0,,,0,0.0,0,0.0,464,1275.0,1275.0,1275.0,0,0.0
missing_plane_policy,strict_service_plus_correlation,9642,600,24,0.25,1500,600,0,0,0,0,0,0,0,600,3600,3600,3600,1200,600,0,0.0,0.0,0.0,0.0,0.0,0.8333333333333334,9000,6000,6000,3000,0.3333333333333333,0,0.0,1.0,0.6666666666666666,0,0,0.0,0,0,0,0,0,,,0,0,,,600,0.16666666666666666,0,0.0,0,,,,0,0.0
missing_plane_policy,correlation_id_only_ablation,9642,600,24,0.25,1500,600,0,0,0,0,0,0,0,600,3600,3600,3600,1200,600,0,0.0,0.0,0.0,0.0,0.0,0.8333333333333334,9000,6000,6000,3000,0.3333333333333333,0,0.0,1.0,0.6666666666666666,0,0,0.0,0,0,0,0,0,,,0,0,,,600,0.16666666666666666,0,0.0,0,,,,0,0.0
missing_plane_policy,naive_temporal_window,9642,600,24,0.25,1500,600,0,0,0,0,0,0,0,600,3600,3600,3600,600,600,464,0.7733333333333333,0.7733333333333333,0.7733333333333333,0.7733333333333333,0.7733333333333333,0.9433333333333334,9000,9612,8388,612,0.068,1224,0.12734082397003746,0.8726591760299626,0.932,68,612,0.17,68,68,68,0,0,1.0,1.0,0,0,,,0,0.0,0,0.0,464,1275.0,1275.0,1275.0,0,0.0
missing_plane_telemetry,strict_service_plus_correlation,9642,600,24,0.25,1500,600,0,0,0,0,0,0,0,600,3600,3600,3600,1200,600,0,0.0,0.0,0.0,0.0,0.0,0.8333333333333334,9000,6000,6000,3000,0.3333333333333333,0,0.0,1.0,0.6666666666666666,0,0,0.0,0,0,0,0,0,,,0,0,,,600,0.16666666666666666,0,0.0,0,,,,0,0.0
missing_plane_telemetry,correlation_id_only_ablation,9642,600,24,0.25,1500,600,0,0,0,0,0,0,0,600,3600,3600,3600,1200,600,0,0.0,0.0,0.0,0.0,0.0,0.8333333333333334,9000,6000,6000,3000,0.3333333333333333,0,0.0,1.0,0.6666666666666666,0,0,0.0,0,0,0,0,0,,,0,0,,,600,0.16666666666666666,0,0.0,0,,,,0,0.0
missing_plane_telemetry,naive_temporal_window,9642,600,24,0.25,1500,600,0,0,0,0,0,0,0,600,3600,3600,3600,600,600,464,0.7733333333333333,0.7733333333333333,0.7733333333333333,0.7733333333333333,0.7733333333333333,0.9433333333333334,9000,9612,8388,612,0.068,1224,0.12734082397003746,0.8726591760299626,0.932,68,612,0.17,68,68,68,0,0,1.0,1.0,0,0,,,0,0.0,0,0.0,464,1275.0,1275.0,1275.0,0,0.0
missing_plane_incident,strict_service_plus_correlation,9642,600,24,0.25,1500,600,0,0,0,0,0,0,0,600,3600,3600,3600,1200,600,0,0.0,0.0,0.0,0.0,0.0,0.8333333333333334,9000,6000,6000,3000,0.3333333333333333,0,0.0,1.0,0.6666666666666666,0,0,0.0,0,0,0,0,0,,,0,0,,,600,0.16666666666666666,0,0.0,0,,,,0,0.0
missing_plane_incident,correlation_id_only_ablation,9642,600,24,0.25,1500,600,0,0,0,0,0,0,0,600,3600,3600,3600,1200,600,0,0.0,0.0,0.0,0.0,0.0,0.8333333333333334,9000,6000,6000,3000,0.3333333333333333,0,0.0,1.0,0.6666666666666666,0,0,0.0,0,0,0,0,0,,,0,0,,,600,0.16666666666666666,0,0.0,0,,,,0,0.0
missing_plane_incident,naive_temporal_window,9642,600,24,0.25,1500,600,0,0,0,0,0,0,0,600,3600,3600,3600,600,600,464,0.7733333333333333,0.7733333333333333,0.7733333333333333,0.7733333333333333,0.7733333333333333,0.9433333333333334,9000,9612,8388,612,0.068,1224,0.12734082397003746,0.8726591760299626,0.932,68,612,0.17,68,68,68,0,0,1.0,1.0,0,0,,,0,0.0,0,0.0,464,1275.0,1275.0,1275.0,0,0.0
missing_plane_recovery,strict_service_plus_correlation,9642,600,24,0.25,1500,600,0,0,0,0,0,0,0,600,3600,3600,3600,1200,600,0,0.0,0.0,0.0,0.0,0.0,0.8333333333333334,9000,6000,6000,3000,0.3333333333333333,0,0.0,1.0,0.6666666666666666,0,0,0.0,0,0,0,0,0,,,0,0,,,600,0.16666666666666666,0,0.0,0,,,,0,0.0
missing_plane_recovery,correlation_id_only_ablation,9642,600,24,0.25,1500,600,0,0,0,0,0,0,0,600,3600,3600,3600,1200,600,0,0.0,0.0,0.0,0.0,0.0,0.8333333333333334,9000,6000,6000,3000,0.3333333333333333,0,0.0,1.0,0.6666666666666666,0,0,0.0,0,0,0,0,0,,,0,0,,,600,0.16666666666666666,0,0.0,0,,,,0,0.0
missing_plane_recovery,naive_temporal_window,9642,600,24,0.25,1500,600,0,0,0,0,0,0,0,600,3600,3600,3600,600,600,464,0.7733333333333333,0.7733333333333333,0.7733333333333333,0.7733333333333333,0.7733333333333333,0.9433333333333334,9000,9612,8388,612,0.068,1224,0.12734082397003746,0.8726591760299626,0.932,68,612,0.17,68,68,68,0,0,1.0,1.0,0,0,,,0,0.0,0,0.0,464,1275.0,1275.0,1275.0,0,0.0
collision_same_service_1pct,strict_service_plus_correlation,9642,600,24,0.25,1500,0,0,6,0,0,0,0,0,600,3600,3600,3600,660,588,588,0.98,0.98,1.0,0.98,0.98989898989899,0.9833333333333333,9000,8820,8820,180,0.02,0,0.0,1.0,0.98,6,72,0.02,0,6,6,0,0,1.0,1.0,0,0,,,72,0.02,0,0.0,588,1275.0,1275.0,1275.0,0,0.0
collision_same_service_1pct,correlation_id_only_ablation,9642,600,24,0.25,1500,0,0,6,0,0,0,0,0,600,3600,3600,3600,594,594,588,0.98,0.98,0.98989898989899,0.98,0.9849246231155778,1.0,9000,9216,9000,0,0.0,216,0.0234375,0.9765625,1.0,6,72,0.02,6,6,6,0,0,1.0,1.0,0,0,,,0,0.0,0,0.0,588,1275.0,1275.0,1275.0,0,0.0
collision_same_service_1pct,naive_temporal_window,9642,600,24,0.25,1500,0,0,6,0,0,0,0,0,600,3600,3600,3600,600,600,464,0.7733333333333333,0.7733333333333333,0.7733333333333333,0.7733333333333333,0.7733333333333333,0.9433333333333334,9000,9612,8388,612,0.068,1224,0.12734082397003746,0.8726591760299626,0.932,68,612,0.17,68,68,68,0,0,1.0,1.0,0,0,,,0,0.0,0,0.0,464,1275.0,1275.0,1275.0,0,0.0
collision_same_service_5pct,strict_service_plus_correlation,9642,600,24,0.25,1500,0,0,30,0,0,0,0,0,600,3600,3600,3600,900,540,540,0.9,0.9,1.0,0.9,0.9473684210526316,0.9166666666666666,9000,8100,8100,900,0.1,0,0.0,1.0,0.9,30,360,0.1,0,30,30,0,0,1.0,1.0,0,0,,,360,0.1,0,0.0,540,1275.0,1275.0,1275.0,0,0.0
collision_same_service_5pct,correlation_id_only_ablation,9642,600,24,0.25,1500,0,0,30,0,0,0,0,0,600,3600,3600,3600,570,570,540,0.9,0.9,0.9473684210526315,0.9,0.9230769230769231,1.0,9000,10080,9000,0,0.0,1080,0.10714285714285714,0.8928571428571429,1.0,30,360,0.1,30,30,30,0,0,1.0,1.0,0,0,,,0,0.0,0,0.0,540,1275.0,1275.0,1275.0,0,0.0
collision_same_service_5pct,naive_temporal_window,9642,600,24,0.25,1500,0,0,30,0,0,0,0,0,600,3600,3600,3600,600,600,464,0.7733333333333333,0.7733333333333333,0.7733333333333333,0.7733333333333333,0.7733333333333333,0.9433333333333334,9000,9612,8388,612,0.068,1224,0.12734082397003746,0.8726591760299626,0.932,68,612,0.17,68,68,68,0,0,1.0,1.0,0,0,,,0,0.0,0,0.0,464,1275.0,1275.0,1275.0,0,0.0
collision_same_service_10pct,strict_service_plus_correlation,9642,600,24,0.25,1500,0,0,60,0,0,0,0,0,600,3600,3600,3600,1200,480,480,0.8,0.8,1.0,0.8,0.888888888888889,0.8333333333333334,9000,7200,7200,1800,0.2,0,0.0,1.0,0.8,60,720,0.2,0,60,60,0,0,1.0,1.0,0,0,,,720,0.2,0,0.0,480,1275.0,1275.0,1275.0,0,0.0
collision_same_service_10pct,correlation_id_only_ablation,9642,600,24,0.25,1500,0,0,60,0,0,0,0,0,600,3600,3600,3600,540,540,480,0.8,0.8,0.8888888888888888,0.8,0.8421052631578948,1.0,9000,11160,9000,0,0.0,2160,0.1935483870967742,0.8064516129032258,1.0,60,720,0.2,60,60,60,0,0,1.0,1.0,0,0,,,0,0.0,0,0.0,480,1275.0,1275.0,1275.0,0,0.0
collision_same_service_10pct,naive_temporal_window,9642,600,24,0.25,1500,0,0,60,0,0,0,0,0,600,3600,3600,3600,600,600,464,0.7733333333333333,0.7733333333333333,0.7733333333333333,0.7733333333333333,0.7733333333333333,0.9433333333333334,9000,9612,8388,612,0.068,1224,0.12734082397003746,0.8726591760299626,0.932,68,612,0.17,68,68,68,0,0,1.0,1.0,0,0,,,0,0.0,0,0.0,464,1275.0,1275.0,1275.0,0,0.0
collision_cross_service_5pct,strict_service_plus_correlation,9642,600,24,0.25,1500,0,0,30,0,0,0,0,0,600,3600,3600,3600,600,600,600,1.0,1.0,1.0,1.0,1.0,1.0,9000,9000,9000,0,0.0,0,0.0,1.0,1.0,0,0,0.0,0,0,0,0,0,,,0,0,,,0,0.0,0,0.0,600,1275.0,1275.0,1275.0,0,0.0
collision_cross_service_5pct,correlation_id_only_ablation,9642,600,24,0.25,1500,0,0,30,0,0,0,0,0,600,3600,3600,3600,570,570,540,0.9,0.9,0.9473684210526315,0.9,0.9230769230769231,1.0,9000,10080,9000,0,0.0,1080,0.10714285714285714,0.8928571428571429,1.0,30,360,0.1,30,30,30,0,0,1.0,1.0,0,0,,,0,0.0,0,0.0,540,1275.0,1275.0,1275.0,0,0.0
collision_cross_service_5pct,naive_temporal_window,9642,600,24,0.25,1500,0,0,30,0,0,0,0,0,600,3600,3600,3600,600,600,464,0.7733333333333333,0.7733333333333333,0.7733333333333333,0.7733333333333333,0.7733333333333333,0.9433333333333334,9000,9612,8388,612,0.068,1224,0.12734082397003746,0.8726591760299626,0.932,68,612,0.17,68,68,68,0,0,1.0,1.0,0,0,,,0,0.0,0,0.0,464,1275.0,1275.0,1275.0,0,0.0
duplicate_exact_10pct,strict_service_plus_correlation,9642,600,24,0.25,1500,0,0,0,360,0,0,0,0,600,3600,3600,3960,600,600,600,1.0,1.0,1.0,1.0,1.0,1.0,9000,9000,9000,0,0.0,0,0.0,1.0,1.0,0,0,0.0,0,0,0,0,0,,,0,0,,,0,0.0,360,0.09090909090909091,600,1275.0,1275.0,1275.0,0,0.0
duplicate_exact_10pct,correlation_id_only_ablation,9642,600,24,0.25,1500,0,0,0,360,0,0,0,0,600,3600,3600,3960,600,600,600,1.0,1.0,1.0,1.0,1.0,1.0,9000,9000,9000,0,0.0,0,0.0,1.0,1.0,0,0,0.0,0,0,0,0,0,,,0,0,,,0,0.0,360,0.09090909090909091,600,1275.0,1275.0,1275.0,0,0.0
duplicate_exact_10pct,naive_temporal_window,9642,600,24,0.25,1500,0,0,0,360,0,0,0,0,600,3600,3600,3960,600,600,464,0.7733333333333333,0.7733333333333333,0.7733333333333333,0.7733333333333333,0.7733333333333333,0.9433333333333334,9000,9612,8388,612,0.068,1224,0.12734082397003746,0.8726591760299626,0.932,68,612,0.17,68,68,68,0,0,1.0,1.0,0,0,,,0,0.0,360,0.09090909090909091,464,1275.0,1275.0,1275.0,0,0.0
duplicate_source_conflict_5pct,strict_service_plus_correlation,9642,600,24,0.25,1500,0,0,0,0,180,0,0,0,600,3600,3600,3780,960,600,441,0.735,0.735,0.735,0.735,0.735,0.95,9000,8122,8122,878,0.09755555555555556,0,0.0,1.0,0.9024444444444445,0,0,0.0,0,0,0,0,0,,,180,180,1.0,1.0,360,0.09523809523809523,0,0.0,441,1275.0,1275.0,1275.0,0,0.0
duplicate_source_conflict_5pct,correlation_id_only_ablation,9642,600,24,0.25,1500,0,0,0,0,180,0,0,0,600,3600,3600,3780,600,600,441,0.735,0.735,0.735,0.735,0.735,1.0,9000,10102,9000,0,0.0,1102,0.10908730944367452,0.8909126905563255,1.0,0,0,0.0,0,159,0,159,0,0.0,,180,180,1.0,1.0,0,0.0,0,0.0,441,1275.0,1275.0,1275.0,0,0.0
duplicate_source_conflict_5pct,naive_temporal_window,9642,600,24,0.25,1500,0,0,0,0,180,0,0,0,600,3600,3600,3780,600,600,343,0.5716666666666667,0.5716666666666667,0.5716666666666667,0.5716666666666667,0.5716666666666667,0.9433333333333334,9000,10746,8388,612,0.068,2358,0.21943048576214405,0.7805695142378559,0.932,68,612,0.17,68,203,68,135,0,0.33497536945812806,1.0,180,180,1.0,1.0,0,0.0,0,0.0,343,1275.0,1275.0,1275.0,0,0.0
clock_skew_random_10pct_5s,strict_service_plus_correlation,9642,600,24,0.25,1500,0,0,0,0,0,360,0,0,600,3600,3600,3600,2010,318,318,0.53,0.53,1.0,0.53,0.6928104575163399,0.6083333333333333,9000,4770,4770,4230,0.47,0,0.0,1.0,0.53,0,0,0.0,0,282,0,282,0,0.0,,0,0,,,1692,0.47,0,0.0,318,1275.0,1275.0,1275.0,0,0.0
clock_skew_random_10pct_5s,correlation_id_only_ablation,9642,600,24,0.25,1500,0,0,0,0,0,360,0,0,600,3600,3600,3600,600,600,600,1.0,1.0,1.0,1.0,1.0,1.0,9000,9000,9000,0,0.0,0,0.0,1.0,1.0,0,0,0.0,0,282,0,282,0,0.0,,0,0,,,0,0.0,0,0.0,600,1275.0,1275.0,1275.0,0,0.0
clock_skew_random_10pct_5s,naive_temporal_window,9642,600,24,0.25,1500,0,0,0,0,0,360,0,0,600,3600,3600,3600,882,662,243,0.405,0.405,0.36706948640483383,0.405,0.3851030110935024,0.8541666666666666,9000,7934,6832,2168,0.2408888888888889,1102,0.1388958911015881,0.8611041088984119,0.7591111111111111,105,652,0.1811111111111111,105,83,83,0,22,1.0,0.7904761904761904,0,0,,,0,0.0,0,0.0,243,1275.0,1275.0,1275.0,0,0.0
late_arrival_10pct_30s,strict_service_plus_correlation,9642,600,24,0.25,1500,0,0,0,0,0,0,360,0,600,3600,3600,3600,600,600,600,1.0,1.0,1.0,1.0,1.0,1.0,9000,9000,9000,0,0.0,0,0.0,1.0,1.0,0,0,0.0,0,0,0,0,0,,,0,0,,,0,0.0,0,0.0,600,1275.0,31275.0,31275.0,128311,0.019806582075267823
late_arrival_10pct_30s,correlation_id_only_ablation,9642,600,24,0.25,1500,0,0,0,0,0,0,360,0,600,3600,3600,3600,600,600,600,1.0,1.0,1.0,1.0,1.0,1.0,9000,9000,9000,0,0.0,0,0.0,1.0,1.0,0,0,0.0,0,0,0,0,0,,,0,0,,,0,0.0,0,0.0,600,1275.0,31275.0,31275.0,128311,0.019806582075267823
late_arrival_10pct_30s,naive_temporal_window,9642,600,24,0.25,1500,0,0,0,0,0,0,360,0,600,3600,3600,3600,600,600,464,0.7733333333333333,0.7733333333333333,0.7733333333333333,0.7733333333333333,0.7733333333333333,0.9433333333333334,9000,9612,8388,612,0.068,1224,0.12734082397003746,0.8726591760299626,0.932,68,612,0.17,68,68,68,0,0,1.0,1.0,0,0,,,0,0.0,0,0.0,464,1275.0,31275.0,31275.0,128311,0.019806582075267823
out_of_order_jitter_3s,strict_service_plus_correlation,9642,600,24,0.25,1500,0,0,0,0,0,0,0,3600,600,3600,3600,3600,600,600,600,1.0,1.0,1.0,1.0,1.0,1.0,9000,9000,9000,0,0.0,0,0.0,1.0,1.0,0,0,0.0,0,0,0,0,0,,,0,0,,,0,0.0,0,0.0,600,3403.5,4093.0499999999997,4266.0,94354,0.014564848260319225
out_of_order_jitter_3s,correlation_id_only_ablation,9642,600,24,0.25,1500,0,0,0,0,0,0,0,3600,600,3600,3600,3600,600,600,600,1.0,1.0,1.0,1.0,1.0,1.0,9000,9000,9000,0,0.0,0,0.0,1.0,1.0,0,0,0.0,0,0,0,0,0,,,0,0,,,0,0.0,0,0.0,600,3403.5,4093.0499999999997,4266.0,94354,0.014564848260319225
out_of_order_jitter_3s,naive_temporal_window,9642,600,24,0.25,1500,0,0,0,0,0,0,0,3600,600,3600,3600,3600,600,600,464,0.7733333333333333,0.7733333333333333,0.7733333333333333,0.7733333333333333,0.7733333333333333,0.9433333333333334,9000,9612,8388,612,0.068,1224,0.12734082397003746,0.8726591760299626,0.932,68,612,0.17,68,68,68,0,0,1.0,1.0,0,0,,,0,0.0,0,0.0,464,3385.0,4085.1,4266.0,94354,0.014564848260319225
compound_adversarial,strict_service_plus_correlation,9642,600,24,0.25,1500,360,0,30,0,0,0,360,3600,600,3600,3600,3600,1225,540,280,0.4666666666666667,0.4666666666666667,0.5185185185185185,0.4666666666666667,0.4912280701754386,0.826388888888889,9000,6543,6543,2457,0.273,0,0.0,1.0,0.727,30,325,0.09027777777777778,0,30,30,0,0,1.0,1.0,0,0,,,685,0.19027777777777777,0,0.0,280,4061.5,33503.05,34267.0,207198,0.03198388441233676
compound_adversarial,correlation_id_only_ablation,9642,600,24,0.25,1500,360,0,30,0,0,0,360,3600,600,3600,3600,3600,930,570,280,0.4666666666666667,0.4666666666666667,0.49122807017543857,0.4666666666666667,0.4786324786324786,0.9,9000,8152,7275,1725,0.19166666666666668,877,0.10758096172718351,0.8924190382728164,0.8083333333333333,30,325,0.09027777777777778,30,30,30,0,0,1.0,1.0,0,0,,,360,0.1,0,0.0,280,4061.5,33503.05,34267.0,207198,0.03198388441233676
compound_adversarial,naive_temporal_window,9642,600,24,0.25,1500,360,0,30,0,0,0,360,3600,600,3600,3600,3600,600,600,464,0.7733333333333333,0.7733333333333333,0.7733333333333333,0.7733333333333333,0.7733333333333333,0.9433333333333334,9000,9612,8388,612,0.068,1224,0.12734082397003746,0.8726591760299626,0.932,68,612,0.17,68,68,68,0,0,1.0,1.0,0,0,,,0,0.0,0,0.0,464,3988.5,33501.25,34267.0,207198,0.03198388441233676
control,strict_service_plus_correlation,9743,600,24,0.25,1500,0,0,0,0,0,0,0,0,600,3600,3600,3600,600,600,600,1.0,1.0,1.0,1.0,1.0,1.0,9000,9000,9000,0,0.0,0,0.0,1.0,1.0,0,0,0.0,0,0,0,0,0,,,0,0,,,0,0.0,0,0.0,600,1275.0,1275.0,1275.0,0,0.0
control,correlation_id_only_ablation,9743,600,24,0.25,1500,0,0,0,0,0,0,0,0,600,3600,3600,3600,600,600,600,1.0,1.0,1.0,1.0,1.0,1.0,9000,9000,9000,0,0.0,0,0.0,1.0,1.0,0,0,0.0,0,0,0,0,0,,,0,0,,,0,0.0,0,0.0,600,1275.0,1275.0,1275.0,0,0.0
control,naive_temporal_window,9743,600,24,0.25,1500,0,0,0,0,0,0,0,0,600,3600,3600,3600,600,600,466,0.7766666666666666,0.7766666666666666,0.7766666666666666,0.7766666666666666,0.7766666666666666,0.9441666666666667,9000,9603,8397,603,0.067,1206,0.12558575445173384,0.8744142455482662,0.933,67,603,0.1675,67,67,67,0,0,1.0,1.0,0,0,,,0,0.0,0,0.0,466,1275.0,1275.0,1275.0,0,0.0
missing_random_1pct,strict_service_plus_correlation,9743,600,24,0.25,1500,36,0,0,0,0,0,0,0,600,3600,3600,3600,636,600,564,0.94,0.94,0.94,0.94,0.94,0.99,9000,8820,8820,180,0.02,0,0.0,1.0,0.98,0,0,0.0,0,0,0,0,0,,,0,0,,,36,0.01,0,0.0,564,1275.0,1275.0,1275.0,0,0.0
missing_random_1pct,correlation_id_only_ablation,9743,600,24,0.25,1500,36,0,0,0,0,0,0,0,600,3600,3600,3600,636,600,564,0.94,0.94,0.94,0.94,0.94,0.99,9000,8820,8820,180,0.02,0,0.0,1.0,0.98,0,0,0.0,0,0,0,0,0,,,0,0,,,36,0.01,0,0.0,564,1275.0,1275.0,1275.0,0,0.0
missing_random_1pct,naive_temporal_window,9743,600,24,0.25,1500,36,0,0,0,0,0,0,0,600,3600,3600,3600,600,600,466,0.7766666666666666,0.7766666666666666,0.7766666666666666,0.7766666666666666,0.7766666666666666,0.9441666666666667,9000,9603,8397,603,0.067,1206,0.12558575445173384,0.8744142455482662,0.933,67,603,0.1675,67,67,67,0,0,1.0,1.0,0,0,,,0,0.0,0,0.0,466,1275.0,1275.0,1275.0,0,0.0
missing_random_5pct,strict_service_plus_correlation,9743,600,24,0.25,1500,180,0,0,0,0,0,0,0,600,3600,3600,3600,780,600,441,0.735,0.735,0.735,0.735,0.735,0.95,9000,8121,8121,879,0.09766666666666667,0,0.0,1.0,0.9023333333333333,0,0,0.0,0,0,0,0,0,,,0,0,,,180,0.05,0,0.0,441,1275.0,1275.0,1275.0,0,0.0
missing_random_5pct,correlation_id_only_ablation,9743,600,24,0.25,1500,180,0,0,0,0,0,0,0,600,3600,3600,3600,780,600,441,0.735,0.735,0.735,0.735,0.735,0.95,9000,8121,8121,879,0.09766666666666667,0,0.0,1.0,0.9023333333333333,0,0,0.0,0,0,0,0,0,,,0,0,,,180,0.05,0,0.0,441,1275.0,1275.0,1275.0,0,0.0
missing_random_5pct,naive_temporal_window,9743,600,24,0.25,1500,180,0,0,0,0,0,0,0,600,3600,3600,3600,600,600,466,0.7766666666666666,0.7766666666666666,0.7766666666666666,0.7766666666666666,0.7766666666666666,0.9441666666666667,9000,9603,8397,603,0.067,1206,0.12558575445173384,0.8744142455482662,0.933,67,603,0.1675,67,67,67,0,0,1.0,1.0,0,0,,,0,0.0,0,0.0,466,1275.0,1275.0,1275.0,0,0.0
missing_random_10pct,strict_service_plus_correlation,9743,600,24,0.25,1500,360,0,0,0,0,0,0,0,600,3600,3600,3600,960,599,330,0.55,0.55,0.5509181969949917,0.55,0.5504587155963303,0.9,9000,7308,7308,1692,0.188,0,0.0,1.0,0.812,0,0,0.0,0,0,0,0,0,,,0,0,,,360,0.1,0,0.0,330,1275.0,1275.0,1275.0,0,0.0
missing_random_10pct,correlation_id_only_ablation,9743,600,24,0.25,1500,360,0,0,0,0,0,0,0,600,3600,3600,3600,960,599,330,0.55,0.55,0.5509181969949917,0.55,0.5504587155963303,0.9,9000,7308,7308,1692,0.188,0,0.0,1.0,0.812,0,0,0.0,0,0,0,0,0,,,0,0,,,360,0.1,0,0.0,330,1275.0,1275.0,1275.0,0,0.0
missing_random_10pct,naive_temporal_window,9743,600,24,0.25,1500,360,0,0,0,0,0,0,0,600,3600,3600,3600,600,600,466,0.7766666666666666,0.7766666666666666,0.7766666666666666,0.7766666666666666,0.7766666666666666,0.9441666666666667,9000,9603,8397,603,0.067,1206,0.12558575445173384,0.8744142455482662,0.933,67,603,0.1675,67,67,67,0,0,1.0,1.0,0,0,,,0,0.0,0,0.0,466,1275.0,1275.0,1275.0,0,0.0
missing_random_20pct,strict_service_plus_correlation,9743,600,24,0.25,1500,720,0,0,0,0,0,0,0,600,3600,3600,3600,1320,599,142,0.23666666666666666,0.23666666666666666,0.2370617696160267,0.23666666666666666,0.23686405337781488,0.8,9000,5731,5731,3269,0.3632222222222222,0,0.0,1.0,0.6367777777777778,0,0,0.0,0,0,0,0,0,,,0,0,,,720,0.2,0,0.0,142,1275.0,1275.0,1275.0,0,0.0
missing_random_20pct,correlation_id_only_ablation,9743,600,24,0.25,1500,720,0,0,0,0,0,0,0,600,3600,3600,3600,1320,599,142,0.23666666666666666,0.23666666666666666,0.2370617696160267,0.23666666666666666,0.23686405337781488,0.8,9000,5731,5731,3269,0.3632222222222222,0,0.0,1.0,0.6367777777777778,0,0,0.0,0,0,0,0,0,,,0,0,,,720,0.2,0,0.0,142,1275.0,1275.0,1275.0,0,0.0
missing_random_20pct,naive_temporal_window,9743,600,24,0.25,1500,720,0,0,0,0,0,0,0,600,3600,3600,3600,600,600,466,0.7766666666666666,0.7766666666666666,0.7766666666666666,0.7766666666666666,0.7766666666666666,0.9441666666666667,9000,9603,8397,603,0.067,1206,0.12558575445173384,0.8744142455482662,0.933,67,603,0.1675,67,67,67,0,0,1.0,1.0,0,0,,,0,0.0,0,0.0,466,1275.0,1275.0,1275.0,0,0.0
wrong_id_same_service_1pct,strict_service_plus_correlation,9743,600,24,0.25,1500,0,36,0,0,0,0,0,0,600,3600,3600,3600,809,565,532,0.8866666666666667,0.8866666666666667,0.9415929203539823,0.8866666666666667,0.9133047210300429,0.9419444444444445,9000,8306,8306,694,0.07711111111111112,0,0.0,1.0,0.9228888888888889,35,244,0.06777777777777778,0,35,35,0,0,1.0,1.0,0,0,,,244,0.06777777777777778,0,0.0,532,1275.0,1275.0,1275.0,0,0.0
wrong_id_same_service_1pct,correlation_id_only_ablation,9743,600,24,0.25,1500,0,36,0,0,0,0,0,0,600,3600,3600,3600,600,600,532,0.8866666666666667,0.8866666666666667,0.8866666666666667,0.8866666666666667,0.8866666666666667,0.99,9000,9036,8821,179,0.01988888888888889,215,0.023793714032757856,0.9762062859672421,0.9801111111111112,35,244,0.06777777777777778,35,35,35,0,0,1.0,1.0,0,0,,,0,0.0,0,0.0,532,1275.0,1275.0,1275.0,0,0.0
wrong_id_same_service_1pct,naive_temporal_window,9743,600,24,0.25,1500,0,36,0,0,0,0,0,0,600,3600,3600,3600,600,600,466,0.7766666666666666,0.7766666666666666,0.7766666666666666,0.7766666666666666,0.7766666666666666,0.9441666666666667,9000,9603,8397,603,0.067,1206,0.12558575445173384,0.8744142455482662,0.933,67,603,0.1675,67,67,67,0,0,1.0,1.0,0,0,,,0,0.0,0,0.0,466,1275.0,1275.0,1275.0,0,0.0
wrong_id_same_service_5pct,strict_service_plus_correlation,9743,600,24,0.25,1500,0,180,0,0,0,0,0,0,600,3600,3600,3600,1532,442,316,0.5266666666666666,0.5266666666666666,0.7149321266968326,0.5266666666666666,0.6065259117082533,0.7411111111111112,9000,5937,5937,3063,0.3403333333333333,0,0.0,1.0,0.6596666666666666,158,1090,0.30277777777777776,0,158,158,0,0,1.0,1.0,0,0,,,1090,0.30277777777777776,0,0.0,316,1275.0,1275.0,1275.0,0,0.0
wrong_id_same_service_5pct,correlation_id_only_ablation,9743,600,24,0.25,1500,0,180,0,0,0,0,0,0,600,3600,3600,3600,600,600,316,0.5266666666666666,0.5266666666666666,0.5266666666666666,0.5266666666666666,0.5266666666666666,0.95,9000,9184,8119,881,0.09788888888888889,1065,0.11596254355400697,0.8840374564459931,0.9021111111111111,158,1090,0.30277777777777776,158,158,158,0,0,1.0,1.0,0,0,,,0,0.0,0,0.0,316,1275.0,1275.0,1275.0,0,0.0
wrong_id_same_service_5pct,naive_temporal_window,9743,600,24,0.25,1500,0,180,0,0,0,0,0,0,600,3600,3600,3600,600,600,466,0.7766666666666666,0.7766666666666666,0.7766666666666666,0.7766666666666666,0.7766666666666666,0.9441666666666667,9000,9603,8397,603,0.067,1206,0.12558575445173384,0.8744142455482662,0.933,67,603,0.1675,67,67,67,0,0,1.0,1.0,0,0,,,0,0.0,0,0.0,466,1275.0,1275.0,1275.0,0,0.0
wrong_id_same_service_10pct,strict_service_plus_correlation,9743,600,24,0.25,1500,0,360,0,0,0,0,0,0,600,3600,3600,3600,2181,329,158,0.2633333333333333,0.2633333333333333,0.48024316109422494,0.2633333333333333,0.34015069967707207,0.5608333333333333,9000,3868,3868,5132,0.5702222222222222,0,0.0,1.0,0.42977777777777776,271,1852,0.5144444444444445,0,271,271,0,0,1.0,1.0,0,0,,,1852,0.5144444444444445,0,0.0,158,1275.0,1275.0,1275.0,0,0.0
wrong_id_same_service_10pct,correlation_id_only_ablation,9743,600,24,0.25,1500,0,360,0,0,0,0,0,0,600,3600,3600,3600,600,600,158,0.2633333333333333,0.2633333333333333,0.2633333333333333,0.2633333333333333,0.2633333333333333,0.9,9000,9375,7296,1704,0.18933333333333333,2079,0.22176,0.77824,0.8106666666666666,271,1852,0.5144444444444445,271,271,271,0,0,1.0,1.0,0,0,,,0,0.0,0,0.0,158,1275.0,1275.0,1275.0,0,0.0
wrong_id_same_service_10pct,naive_temporal_window,9743,600,24,0.25,1500,0,360,0,0,0,0,0,0,600,3600,3600,3600,600,600,466,0.7766666666666666,0.7766666666666666,0.7766666666666666,0.7766666666666666,0.7766666666666666,0.9441666666666667,9000,9603,8397,603,0.067,1206,0.12558575445173384,0.8744142455482662,0.933,67,603,0.1675,67,67,67,0,0,1.0,1.0,0,0,,,0,0.0,0,0.0,466,1275.0,1275.0,1275.0,0,0.0
wrong_id_same_service_20pct,strict_service_plus_correlation,9743,600,24,0.25,1500,0,720,0,0,0,0,0,0,600,3600,3600,3600,2931,172,52,0.08666666666666667,0.08666666666666667,0.3023255813953488,0.08666666666666667,0.13471502590673576,0.3525,9000,1711,1711,7289,0.8098888888888889,0,0.0,1.0,0.19011111111111112,427,2758,0.7661111111111111,0,427,427,0,0,1.0,1.0,0,0,,,2758,0.7661111111111111,0,0.0,52,1275.0,1275.0,1275.0,0,0.0
wrong_id_same_service_20pct,correlation_id_only_ablation,9743,600,24,0.25,1500,0,720,0,0,0,0,0,0,600,3600,3600,3600,600,599,52,0.08666666666666667,0.08666666666666667,0.08681135225375626,0.08666666666666667,0.08673894912427023,0.8,9000,9603,5769,3231,0.359,3834,0.3992502343017807,0.6007497656982193,0.641,427,2758,0.7661111111111111,427,427,427,0,0,1.0,1.0,0,0,,,0,0.0,0,0.0,52,1275.0,1275.0,1275.0,0,0.0
wrong_id_same_service_20pct,naive_temporal_window,9743,600,24,0.25,1500,0,720,0,0,0,0,0,0,600,3600,3600,3600,600,600,466,0.7766666666666666,0.7766666666666666,0.7766666666666666,0.7766666666666666,0.7766666666666666,0.9441666666666667,9000,9603,8397,603,0.067,1206,0.12558575445173384,0.8744142455482662,0.933,67,603,0.1675,67,67,67,0,0,1.0,1.0,0,0,,,0,0.0,0,0.0,466,1275.0,1275.0,1275.0,0,0.0
missing_plane_deployment,strict_service_plus_correlation,9743,600,24,0.25,1500,600,0,0,0,0,0,0,0,600,3600,3600,3600,1200,600,0,0.0,0.0,0.0,0.0,0.0,0.8333333333333334,9000,6000,6000,3000,0.3333333333333333,0,0.0,1.0,0.6666666666666666,0,0,0.0,0,0,0,0,0,,,0,0,,,600,0.16666666666666666,0,0.0,0,,,,0,0.0
missing_plane_deployment,correlation_id_only_ablation,9743,600,24,0.25,1500,600,0,0,0,0,0,0,0,600,3600,3600,3600,1200,600,0,0.0,0.0,0.0,0.0,0.0,0.8333333333333334,9000,6000,6000,3000,0.3333333333333333,0,0.0,1.0,0.6666666666666666,0,0,0.0,0,0,0,0,0,,,0,0,,,600,0.16666666666666666,0,0.0,0,,,,0,0.0
missing_plane_deployment,naive_temporal_window,9743,600,24,0.25,1500,600,0,0,0,0,0,0,0,600,3600,3600,3600,600,600,466,0.7766666666666666,0.7766666666666666,0.7766666666666666,0.7766666666666666,0.7766666666666666,0.9441666666666667,9000,9603,8397,603,0.067,1206,0.12558575445173384,0.8744142455482662,0.933,67,603,0.1675,67,67,67,0,0,1.0,1.0,0,0,,,0,0.0,0,0.0,466,1275.0,1275.0,1275.0,0,0.0
missing_plane_identity,strict_service_plus_correlation,9743,600,24,0.25,1500,600,0,0,0,0,0,0,0,600,3600,3600,3600,1200,600,0,0.0,0.0,0.0,0.0,0.0,0.8333333333333334,9000,6000,6000,3000,0.3333333333333333,0,0.0,1.0,0.6666666666666666,0,0,0.0,0,0,0,0,0,,,0,0,,,600,0.16666666666666666,0,0.0,0,,,,0,0.0
missing_plane_identity,correlation_id_only_ablation,9743,600,24,0.25,1500,600,0,0,0,0,0,0,0,600,3600,3600,3600,1200,600,0,0.0,0.0,0.0,0.0,0.0,0.8333333333333334,9000,6000,6000,3000,0.3333333333333333,0,0.0,1.0,0.6666666666666666,0,0,0.0,0,0,0,0,0,,,0,0,,,600,0.16666666666666666,0,0.0,0,,,,0,0.0
missing_plane_identity,naive_temporal_window,9743,600,24,0.25,1500,600,0,0,0,0,0,0,0,600,3600,3600,3600,600,600,466,0.7766666666666666,0.7766666666666666,0.7766666666666666,0.7766666666666666,0.7766666666666666,0.9441666666666667,9000,9603,8397,603,0.067,1206,0.12558575445173384,0.8744142455482662,0.933,67,603,0.1675,67,67,67,0,0,1.0,1.0,0,0,,,0,0.0,0,0.0,466,1275.0,1275.0,1275.0,0,0.0
missing_plane_policy,strict_service_plus_correlation,9743,600,24,0.25,1500,600,0,0,0,0,0,0,0,600,3600,3600,3600,1200,600,0,0.0,0.0,0.0,0.0,0.0,0.8333333333333334,9000,6000,6000,3000,0.3333333333333333,0,0.0,1.0,0.6666666666666666,0,0,0.0,0,0,0,0,0,,,0,0,,,600,0.16666666666666666,0,0.0,0,,,,0,0.0
missing_plane_policy,correlation_id_only_ablation,9743,600,24,0.25,1500,600,0,0,0,0,0,0,0,600,3600,3600,3600,1200,600,0,0.0,0.0,0.0,0.0,0.0,0.8333333333333334,9000,6000,6000,3000,0.3333333333333333,0,0.0,1.0,0.6666666666666666,0,0,0.0,0,0,0,0,0,,,0,0,,,600,0.16666666666666666,0,0.0,0,,,,0,0.0
missing_plane_policy,naive_temporal_window,9743,600,24,0.25,1500,600,0,0,0,0,0,0,0,600,3600,3600,3600,600,600,466,0.7766666666666666,0.7766666666666666,0.7766666666666666,0.7766666666666666,0.7766666666666666,0.9441666666666667,9000,9603,8397,603,0.067,1206,0.12558575445173384,0.8744142455482662,0.933,67,603,0.1675,67,67,67,0,0,1.0,1.0,0,0,,,0,0.0,0,0.0,466,1275.0,1275.0,1275.0,0,0.0
missing_plane_telemetry,strict_service_plus_correlation,9743,600,24,0.25,1500,600,0,0,0,0,0,0,0,600,3600,3600,3600,1200,600,0,0.0,0.0,0.0,0.0,0.0,0.8333333333333334,9000,6000,6000,3000,0.3333333333333333,0,0.0,1.0,0.6666666666666666,0,0,0.0,0,0,0,0,0,,,0,0,,,600,0.16666666666666666,0,0.0,0,,,,0,0.0
missing_plane_telemetry,correlation_id_only_ablation,9743,600,24,0.25,1500,600,0,0,0,0,0,0,0,600,3600,3600,3600,1200,600,0,0.0,0.0,0.0,0.0,0.0,0.8333333333333334,9000,6000,6000,3000,0.3333333333333333,0,0.0,1.0,0.6666666666666666,0,0,0.0,0,0,0,0,0,,,0,0,,,600,0.16666666666666666,0,0.0,0,,,,0,0.0
missing_plane_telemetry,naive_temporal_window,9743,600,24,0.25,1500,600,0,0,0,0,0,0,0,600,3600,3600,3600,600,600,466,0.7766666666666666,0.7766666666666666,0.7766666666666666,0.7766666666666666,0.7766666666666666,0.9441666666666667,9000,9603,8397,603,0.067,1206,0.12558575445173384,0.8744142455482662,0.933,67,603,0.1675,67,67,67,0,0,1.0,1.0,0,0,,,0,0.0,0,0.0,466,1275.0,1275.0,1275.0,0,0.0
missing_plane_incident,strict_service_plus_correlation,9743,600,24,0.25,1500,600,0,0,0,0,0,0,0,600,3600,3600,3600,1200,600,0,0.0,0.0,0.0,0.0,0.0,0.8333333333333334,9000,6000,6000,3000,0.3333333333333333,0,0.0,1.0,0.6666666666666666,0,0,0.0,0,0,0,0,0,,,0,0,,,600,0.16666666666666666,0,0.0,0,,,,0,0.0
missing_plane_incident,correlation_id_only_ablation,9743,600,24,0.25,1500,600,0,0,0,0,0,0,0,600,3600,3600,3600,1200,600,0,0.0,0.0,0.0,0.0,0.0,0.8333333333333334,9000,6000,6000,3000,0.3333333333333333,0,0.0,1.0,0.6666666666666666,0,0,0.0,0,0,0,0,0,,,0,0,,,600,0.16666666666666666,0,0.0,0,,,,0,0.0
missing_plane_incident,naive_temporal_window,9743,600,24,0.25,1500,600,0,0,0,0,0,0,0,600,3600,3600,3600,600,600,466,0.7766666666666666,0.7766666666666666,0.7766666666666666,0.7766666666666666,0.7766666666666666,0.9441666666666667,9000,9603,8397,603,0.067,1206,0.12558575445173384,0.8744142455482662,0.933,67,603,0.1675,67,67,67,0,0,1.0,1.0,0,0,,,0,0.0,0,0.0,466,1275.0,1275.0,1275.0,0,0.0
missing_plane_recovery,strict_service_plus_correlation,9743,600,24,0.25,1500,600,0,0,0,0,0,0,0,600,3600,3600,3600,1200,600,0,0.0,0.0,0.0,0.0,0.0,0.8333333333333334,9000,6000,6000,3000,0.3333333333333333,0,0.0,1.0,0.6666666666666666,0,0,0.0,0,0,0,0,0,,,0,0,,,600,0.16666666666666666,0,0.0,0,,,,0,0.0
missing_plane_recovery,correlation_id_only_ablation,9743,600,24,0.25,1500,600,0,0,0,0,0,0,0,600,3600,3600,3600,1200,600,0,0.0,0.0,0.0,0.0,0.0,0.8333333333333334,9000,6000,6000,3000,0.3333333333333333,0,0.0,1.0,0.6666666666666666,0,0,0.0,0,0,0,0,0,,,0,0,,,600,0.16666666666666666,0,0.0,0,,,,0,0.0
missing_plane_recovery,naive_temporal_window,9743,600,24,0.25,1500,600,0,0,0,0,0,0,0,600,3600,3600,3600,600,600,466,0.7766666666666666,0.7766666666666666,0.7766666666666666,0.7766666666666666,0.7766666666666666,0.9441666666666667,9000,9603,8397,603,0.067,1206,0.12558575445173384,0.8744142455482662,0.933,67,603,0.1675,67,67,67,0,0,1.0,1.0,0,0,,,0,0.0,0,0.0,466,1275.0,1275.0,1275.0,0,0.0
collision_same_service_1pct,strict_service_plus_correlation,9743,600,24,0.25,1500,0,0,6,0,0,0,0,0,600,3600,3600,3600,660,588,588,0.98,0.98,1.0,0.98,0.98989898989899,0.9833333333333333,9000,8820,8820,180,0.02,0,0.0,1.0,0.98,6,72,0.02,0,6,6,0,0,1.0,1.0,0,0,,,72,0.02,0,0.0,588,1275.0,1275.0,1275.0,0,0.0
collision_same_service_1pct,correlation_id_only_ablation,9743,600,24,0.25,1500,0,0,6,0,0,0,0,0,600,3600,3600,3600,594,594,588,0.98,0.98,0.98989898989899,0.98,0.9849246231155778,1.0,9000,9216,9000,0,0.0,216,0.0234375,0.9765625,1.0,6,72,0.02,6,6,6,0,0,1.0,1.0,0,0,,,0,0.0,0,0.0,588,1275.0,1275.0,1275.0,0,0.0
collision_same_service_1pct,naive_temporal_window,9743,600,24,0.25,1500,0,0,6,0,0,0,0,0,600,3600,3600,3600,600,600,466,0.7766666666666666,0.7766666666666666,0.7766666666666666,0.7766666666666666,0.7766666666666666,0.9441666666666667,9000,9603,8397,603,0.067,1206,0.12558575445173384,0.8744142455482662,0.933,67,603,0.1675,67,67,67,0,0,1.0,1.0,0,0,,,0,0.0,0,0.0,466,1275.0,1275.0,1275.0,0,0.0
collision_same_service_5pct,strict_service_plus_correlation,9743,600,24,0.25,1500,0,0,30,0,0,0,0,0,600,3600,3600,3600,900,540,540,0.9,0.9,1.0,0.9,0.9473684210526316,0.9166666666666666,9000,8100,8100,900,0.1,0,0.0,1.0,0.9,30,360,0.1,0,30,30,0,0,1.0,1.0,0,0,,,360,0.1,0,0.0,540,1275.0,1275.0,1275.0,0,0.0
collision_same_service_5pct,correlation_id_only_ablation,9743,600,24,0.25,1500,0,0,30,0,0,0,0,0,600,3600,3600,3600,570,570,540,0.9,0.9,0.9473684210526315,0.9,0.9230769230769231,1.0,9000,10080,9000,0,0.0,1080,0.10714285714285714,0.8928571428571429,1.0,30,360,0.1,30,30,30,0,0,1.0,1.0,0,0,,,0,0.0,0,0.0,540,1275.0,1275.0,1275.0,0,0.0
collision_same_service_5pct,naive_temporal_window,9743,600,24,0.25,1500,0,0,30,0,0,0,0,0,600,3600,3600,3600,600,600,466,0.7766666666666666,0.7766666666666666,0.7766666666666666,0.7766666666666666,0.7766666666666666,0.9441666666666667,9000,9603,8397,603,0.067,1206,0.12558575445173384,0.8744142455482662,0.933,67,603,0.1675,67,67,67,0,0,1.0,1.0,0,0,,,0,0.0,0,0.0,466,1275.0,1275.0,1275.0,0,0.0
collision_same_service_10pct,strict_service_plus_correlation,9743,600,24,0.25,1500,0,0,60,0,0,0,0,0,600,3600,3600,3600,1200,480,480,0.8,0.8,1.0,0.8,0.888888888888889,0.8333333333333334,9000,7200,7200,1800,0.2,0,0.0,1.0,0.8,60,720,0.2,0,60,60,0,0,1.0,1.0,0,0,,,720,0.2,0,0.0,480,1275.0,1275.0,1275.0,0,0.0
collision_same_service_10pct,correlation_id_only_ablation,9743,600,24,0.25,1500,0,0,60,0,0,0,0,0,600,3600,3600,3600,540,540,480,0.8,0.8,0.8888888888888888,0.8,0.8421052631578948,1.0,9000,11160,9000,0,0.0,2160,0.1935483870967742,0.8064516129032258,1.0,60,720,0.2,60,60,60,0,0,1.0,1.0,0,0,,,0,0.0,0,0.0,480,1275.0,1275.0,1275.0,0,0.0
collision_same_service_10pct,naive_temporal_window,9743,600,24,0.25,1500,0,0,60,0,0,0,0,0,600,3600,3600,3600,600,600,466,0.7766666666666666,0.7766666666666666,0.7766666666666666,0.7766666666666666,0.7766666666666666,0.9441666666666667,9000,9603,8397,603,0.067,1206,0.12558575445173384,0.8744142455482662,0.933,67,603,0.1675,67,67,67,0,0,1.0,1.0,0,0,,,0,0.0,0,0.0,466,1275.0,1275.0,1275.0,0,0.0
collision_cross_service_5pct,strict_service_plus_correlation,9743,600,24,0.25,1500,0,0,30,0,0,0,0,0,600,3600,3600,3600,600,600,600,1.0,1.0,1.0,1.0,1.0,1.0,9000,9000,9000,0,0.0,0,0.0,1.0,1.0,0,0,0.0,0,0,0,0,0,,,0,0,,,0,0.0,0,0.0,600,1275.0,1275.0,1275.0,0,0.0
collision_cross_service_5pct,correlation_id_only_ablation,9743,600,24,0.25,1500,0,0,30,0,0,0,0,0,600,3600,3600,3600,570,570,540,0.9,0.9,0.9473684210526315,0.9,0.9230769230769231,1.0,9000,10080,9000,0,0.0,1080,0.10714285714285714,0.8928571428571429,1.0,30,360,0.1,30,30,30,0,0,1.0,1.0,0,0,,,0,0.0,0,0.0,540,1275.0,1275.0,1275.0,0,0.0
collision_cross_service_5pct,naive_temporal_window,9743,600,24,0.25,1500,0,0,30,0,0,0,0,0,600,3600,3600,3600,600,600,466,0.7766666666666666,0.7766666666666666,0.7766666666666666,0.7766666666666666,0.7766666666666666,0.9441666666666667,9000,9603,8397,603,0.067,1206,0.12558575445173384,0.8744142455482662,0.933,67,603,0.1675,67,67,67,0,0,1.0,1.0,0,0,,,0,0.0,0,0.0,466,1275.0,1275.0,1275.0,0,0.0
duplicate_exact_10pct,strict_service_plus_correlation,9743,600,24,0.25,1500,0,0,0,360,0,0,0,0,600,3600,3600,3960,600,600,600,1.0,1.0,1.0,1.0,1.0,1.0,9000,9000,9000,0,0.0,0,0.0,1.0,1.0,0,0,0.0,0,0,0,0,0,,,0,0,,,0,0.0,360,0.09090909090909091,600,1275.0,1275.0,1275.0,0,0.0
duplicate_exact_10pct,correlation_id_only_ablation,9743,600,24,0.25,1500,0,0,0,360,0,0,0,0,600,3600,3600,3960,600,600,600,1.0,1.0,1.0,1.0,1.0,1.0,9000,9000,9000,0,0.0,0,0.0,1.0,1.0,0,0,0.0,0,0,0,0,0,,,0,0,,,0,0.0,360,0.09090909090909091,600,1275.0,1275.0,1275.0,0,0.0
duplicate_exact_10pct,naive_temporal_window,9743,600,24,0.25,1500,0,0,0,360,0,0,0,0,600,3600,3600,3960,600,600,466,0.7766666666666666,0.7766666666666666,0.7766666666666666,0.7766666666666666,0.7766666666666666,0.9441666666666667,9000,9603,8397,603,0.067,1206,0.12558575445173384,0.8744142455482662,0.933,67,603,0.1675,67,67,67,0,0,1.0,1.0,0,0,,,0,0.0,360,0.09090909090909091,466,1275.0,1275.0,1275.0,0,0.0
duplicate_source_conflict_5pct,strict_service_plus_correlation,9743,600,24,0.25,1500,0,0,0,0,180,0,0,0,600,3600,3600,3780,960,600,446,0.7433333333333333,0.7433333333333333,0.7433333333333333,0.7433333333333333,0.7433333333333333,0.95,9000,8127,8127,873,0.097,0,0.0,1.0,0.903,0,0,0.0,0,0,0,0,0,,,180,180,1.0,1.0,360,0.09523809523809523,0,0.0,446,1275.0,1275.0,1275.0,0,0.0
duplicate_source_conflict_5pct,correlation_id_only_ablation,9743,600,24,0.25,1500,0,0,0,0,180,0,0,0,600,3600,3600,3780,600,600,446,0.7433333333333333,0.7433333333333333,0.7433333333333333,0.7433333333333333,0.7433333333333333,1.0,9000,10107,9000,0,0.0,1107,0.10952804986642921,0.8904719501335708,1.0,0,0,0.0,0,154,0,154,0,0.0,,180,180,1.0,1.0,0,0.0,0,0.0,446,1275.0,1275.0,1275.0,0,0.0
duplicate_source_conflict_5pct,naive_temporal_window,9743,600,24,0.25,1500,0,0,0,0,180,0,0,0,600,3600,3600,3780,600,600,350,0.5833333333333334,0.5833333333333334,0.5833333333333334,0.5833333333333334,0.5833333333333334,0.9441666666666667,9000,10772,8397,603,0.067,2375,0.22047901968065356,0.7795209803193465,0.933,67,603,0.1675,67,193,67,126,0,0.3471502590673575,1.0,180,180,1.0,1.0,0,0.0,0,0.0,350,1275.0,1275.0,1275.0,0,0.0
clock_skew_random_10pct_5s,strict_service_plus_correlation,9743,600,24,0.25,1500,0,0,0,0,0,360,0,0,600,3600,3600,3600,2005,319,319,0.5316666666666666,0.5316666666666666,1.0,0.5316666666666666,0.6942328618063112,0.6097222222222222,9000,4785,4785,4215,0.4683333333333333,0,0.0,1.0,0.5316666666666666,0,0,0.0,0,281,0,281,0,0.0,,0,0,,,1686,0.4683333333333333,0,0.0,319,1275.0,1275.0,1275.0,0,0.0
clock_skew_random_10pct_5s,correlation_id_only_ablation,9743,600,24,0.25,1500,0,0,0,0,0,360,0,0,600,3600,3600,3600,600,600,600,1.0,1.0,1.0,1.0,1.0,1.0,9000,9000,9000,0,0.0,0,0.0,1.0,1.0,0,0,0.0,0,281,0,281,0,0.0,,0,0,,,0,0.0,0,0.0,600,1275.0,1275.0,1275.0,0,0.0
clock_skew_random_10pct_5s,naive_temporal_window,9743,600,24,0.25,1500,0,0,0,0,0,360,0,0,600,3600,3600,3600,883,661,252,0.42,0.42,0.3812405446293495,0.42,0.3996827914353687,0.8577777777777778,9000,7928,6880,2120,0.23555555555555555,1048,0.13218970736629668,0.8678102926337034,0.7644444444444445,104,633,0.17583333333333334,104,87,87,0,17,1.0,0.8365384615384616,0,0,,,0,0.0,0,0.0,252,1275.0,1275.0,1275.0,0,0.0
late_arrival_10pct_30s,strict_service_plus_correlation,9743,600,24,0.25,1500,0,0,0,0,0,0,360,0,600,3600,3600,3600,600,600,600,1.0,1.0,1.0,1.0,1.0,1.0,9000,9000,9000,0,0.0,0,0.0,1.0,1.0,0,0,0.0,0,0,0,0,0,,,0,0,,,0,0.0,0,0.0,600,1275.0,31275.0,31275.0,131678,0.020326325213793954
late_arrival_10pct_30s,correlation_id_only_ablation,9743,600,24,0.25,1500,0,0,0,0,0,0,360,0,600,3600,3600,3600,600,600,600,1.0,1.0,1.0,1.0,1.0,1.0,9000,9000,9000,0,0.0,0,0.0,1.0,1.0,0,0,0.0,0,0,0,0,0,,,0,0,,,0,0.0,0,0.0,600,1275.0,31275.0,31275.0,131678,0.020326325213793954
late_arrival_10pct_30s,naive_temporal_window,9743,600,24,0.25,1500,0,0,0,0,0,0,360,0,600,3600,3600,3600,600,600,466,0.7766666666666666,0.7766666666666666,0.7766666666666666,0.7766666666666666,0.7766666666666666,0.9441666666666667,9000,9603,8397,603,0.067,1206,0.12558575445173384,0.8744142455482662,0.933,67,603,0.1675,67,67,67,0,0,1.0,1.0,0,0,,,0,0.0,0,0.0,466,1275.0,31275.0,31275.0,131678,0.020326325213793954
out_of_order_jitter_3s,strict_service_plus_correlation,9743,600,24,0.25,1500,0,0,0,0,0,0,0,3600,600,3600,3600,3600,600,600,600,1.0,1.0,1.0,1.0,1.0,1.0,9000,9000,9000,0,0.0,0,0.0,1.0,1.0,0,0,0.0,0,0,0,0,0,,,0,0,,,0,0.0,0,0.0,600,3452.0,4131.25,4270.0,92259,0.014241455959988885
out_of_order_jitter_3s,correlation_id_only_ablation,9743,600,24,0.25,1500,0,0,0,0,0,0,0,3600,600,3600,3600,3600,600,600,600,1.0,1.0,1.0,1.0,1.0,1.0,9000,9000,9000,0,0.0,0,0.0,1.0,1.0,0,0,0.0,0,0,0,0,0,,,0,0,,,0,0.0,0,0.0,600,3452.0,4131.25,4270.0,92259,0.014241455959988885
out_of_order_jitter_3s,naive_temporal_window,9743,600,24,0.25,1500,0,0,0,0,0,0,0,3600,600,3600,3600,3600,600,600,466,0.7766666666666666,0.7766666666666666,0.7766666666666666,0.7766666666666666,0.7766666666666666,0.9441666666666667,9000,9603,8397,603,0.067,1206,0.12558575445173384,0.8744142455482662,0.933,67,603,0.1675,67,67,67,0,0,1.0,1.0,0,0,,,0,0.0,0,0.0,466,3458.5,4109.0,4261.0,92259,0.014241455959988885
compound_adversarial,strict_service_plus_correlation,9743,600,24,0.25,1500,360,0,30,0,0,0,360,3600,600,3600,3600,3600,1230,540,288,0.48,0.48,0.5333333333333333,0.48,0.505263157894737,0.825,9000,6538,6538,2462,0.27355555555555555,0,0.0,1.0,0.7264444444444444,30,330,0.09166666666666666,0,30,30,0,0,1.0,1.0,0,0,,,690,0.19166666666666668,0,0.0,288,30244.0,33661.3,34221.0,207539,0.03203652249081535
compound_adversarial,correlation_id_only_ablation,9743,600,24,0.25,1500,360,0,30,0,0,0,360,3600,600,3600,3600,3600,930,570,288,0.48,0.48,0.5052631578947369,0.48,0.4923076923076923,0.9,9000,8204,7299,1701,0.189,905,0.11031204290589956,0.8896879570941004,0.811,30,330,0.09166666666666666,30,30,30,0,0,1.0,1.0,0,0,,,360,0.1,0,0.0,288,30244.0,33661.3,34221.0,207539,0.03203652249081535
compound_adversarial,naive_temporal_window,9743,600,24,0.25,1500,360,0,30,0,0,0,360,3600,600,3600,3600,3600,600,600,466,0.7766666666666666,0.7766666666666666,0.7766666666666666,0.7766666666666666,0.7766666666666666,0.9441666666666667,9000,9603,8397,603,0.067,1206,0.12558575445173384,0.8744142455482662,0.933,67,603,0.1675,67,67,67,0,0,1.0,1.0,0,0,,,0,0.0,0,0.0,466,4273.5,33650.0,34221.0,207539,0.03203652249081535
control,strict_service_plus_correlation,9844,600,24,0.25,1500,0,0,0,0,0,0,0,0,600,3600,3600,3600,600,600,600,1.0,1.0,1.0,1.0,1.0,1.0,9000,9000,9000,0,0.0,0,0.0,1.0,1.0,0,0,0.0,0,0,0,0,0,,,0,0,,,0,0.0,0,0.0,600,1275.0,1275.0,1275.0,0,0.0
control,correlation_id_only_ablation,9844,600,24,0.25,1500,0,0,0,0,0,0,0,0,600,3600,3600,3600,600,600,600,1.0,1.0,1.0,1.0,1.0,1.0,9000,9000,9000,0,0.0,0,0.0,1.0,1.0,0,0,0.0,0,0,0,0,0,,,0,0,,,0,0.0,0,0.0,600,1275.0,1275.0,1275.0,0,0.0
control,naive_temporal_window,9844,600,24,0.25,1500,0,0,0,0,0,0,0,0,600,3600,3600,3600,600,600,468,0.78,0.78,0.78,0.78,0.78,0.945,9000,9594,8406,594,0.066,1188,0.12382739212007504,0.8761726078799249,0.934,66,594,0.165,66,66,66,0,0,1.0,1.0,0,0,,,0,0.0,0,0.0,468,1275.0,1275.0,1275.0,0,0.0
missing_random_1pct,strict_service_plus_correlation,9844,600,24,0.25,1500,36,0,0,0,0,0,0,0,600,3600,3600,3600,636,600,564,0.94,0.94,0.94,0.94,0.94,0.99,9000,8820,8820,180,0.02,0,0.0,1.0,0.98,0,0,0.0,0,0,0,0,0,,,0,0,,,36,0.01,0,0.0,564,1275.0,1275.0,1275.0,0,0.0
missing_random_1pct,correlation_id_only_ablation,9844,600,24,0.25,1500,36,0,0,0,0,0,0,0,600,3600,3600,3600,636,600,564,0.94,0.94,0.94,0.94,0.94,0.99,9000,8820,8820,180,0.02,0,0.0,1.0,0.98,0,0,0.0,0,0,0,0,0,,,0,0,,,36,0.01,0,0.0,564,1275.0,1275.0,1275.0,0,0.0
missing_random_1pct,naive_temporal_window,9844,600,24,0.25,1500,36,0,0,0,0,0,0,0,600,3600,3600,3600,600,600,468,0.78,0.78,0.78,0.78,0.78,0.945,9000,9594,8406,594,0.066,1188,0.12382739212007504,0.8761726078799249,0.934,66,594,0.165,66,66,66,0,0,1.0,1.0,0,0,,,0,0.0,0,0.0,468,1275.0,1275.0,1275.0,0,0.0
missing_random_5pct,strict_service_plus_correlation,9844,600,24,0.25,1500,180,0,0,0,0,0,0,0,600,3600,3600,3600,780,600,441,0.735,0.735,0.735,0.735,0.735,0.95,9000,8122,8122,878,0.09755555555555556,0,0.0,1.0,0.9024444444444445,0,0,0.0,0,0,0,0,0,,,0,0,,,180,0.05,0,0.0,441,1275.0,1275.0,1275.0,0,0.0
missing_random_5pct,correlation_id_only_ablation,9844,600,24,0.25,1500,180,0,0,0,0,0,0,0,600,3600,3600,3600,780,600,441,0.735,0.735,0.735,0.735,0.735,0.95,9000,8122,8122,878,0.09755555555555556,0,0.0,1.0,0.9024444444444445,0,0,0.0,0,0,0,0,0,,,0,0,,,180,0.05,0,0.0,441,1275.0,1275.0,1275.0,0,0.0
missing_random_5pct,naive_temporal_window,9844,600,24,0.25,1500,180,0,0,0,0,0,0,0,600,3600,3600,3600,600,600,468,0.78,0.78,0.78,0.78,0.78,0.945,9000,9594,8406,594,0.066,1188,0.12382739212007504,0.8761726078799249,0.934,66,594,0.165,66,66,66,0,0,1.0,1.0,0,0,,,0,0.0,0,0.0,468,1275.0,1275.0,1275.0,0,0.0
missing_random_10pct,strict_service_plus_correlation,9844,600,24,0.25,1500,360,0,0,0,0,0,0,0,600,3600,3600,3600,960,600,310,0.5166666666666667,0.5166666666666667,0.5166666666666667,0.5166666666666667,0.5166666666666667,0.9,9000,7275,7275,1725,0.19166666666666668,0,0.0,1.0,0.8083333333333333,0,0,0.0,0,0,0,0,0,,,0,0,,,360,0.1,0,0.0,310,1275.0,1275.0,1275.0,0,0.0
missing_random_10pct,correlation_id_only_ablation,9844,600,24,0.25,1500,360,0,0,0,0,0,0,0,600,3600,3600,3600,960,600,310,0.5166666666666667,0.5166666666666667,0.5166666666666667,0.5166666666666667,0.5166666666666667,0.9,9000,7275,7275,1725,0.19166666666666668,0,0.0,1.0,0.8083333333333333,0,0,0.0,0,0,0,0,0,,,0,0,,,360,0.1,0,0.0,310,1275.0,1275.0,1275.0,0,0.0
missing_random_10pct,naive_temporal_window,9844,600,24,0.25,1500,360,0,0,0,0,0,0,0,600,3600,3600,3600,600,600,468,0.78,0.78,0.78,0.78,0.78,0.945,9000,9594,8406,594,0.066,1188,0.12382739212007504,0.8761726078799249,0.934,66,594,0.165,66,66,66,0,0,1.0,1.0,0,0,,,0,0.0,0,0.0,468,1275.0,1275.0,1275.0,0,0.0
missing_random_20pct,strict_service_plus_correlation,9844,600,24,0.25,1500,720,0,0,0,0,0,0,0,600,3600,3600,3600,1320,600,161,0.2683333333333333,0.2683333333333333,0.2683333333333333,0.2683333333333333,0.2683333333333333,0.8,9000,5764,5764,3236,0.3595555555555556,0,0.0,1.0,0.6404444444444445,0,0,0.0,0,0,0,0,0,,,0,0,,,720,0.2,0,0.0,161,1275.0,1275.0,1275.0,0,0.0
missing_random_20pct,correlation_id_only_ablation,9844,600,24,0.25,1500,720,0,0,0,0,0,0,0,600,3600,3600,3600,1320,600,161,0.2683333333333333,0.2683333333333333,0.2683333333333333,0.2683333333333333,0.2683333333333333,0.8,9000,5764,5764,3236,0.3595555555555556,0,0.0,1.0,0.6404444444444445,0,0,0.0,0,0,0,0,0,,,0,0,,,720,0.2,0,0.0,161,1275.0,1275.0,1275.0,0,0.0
missing_random_20pct,naive_temporal_window,9844,600,24,0.25,1500,720,0,0,0,0,0,0,0,600,3600,3600,3600,600,600,468,0.78,0.78,0.78,0.78,0.78,0.945,9000,9594,8406,594,0.066,1188,0.12382739212007504,0.8761726078799249,0.934,66,594,0.165,66,66,66,0,0,1.0,1.0,0,0,,,0,0.0,0,0.0,468,1275.0,1275.0,1275.0,0,0.0
wrong_id_same_service_1pct,strict_service_plus_correlation,9844,600,24,0.25,1500,0,36,0,0,0,0,0,0,600,3600,3600,3600,808,565,532,0.8866666666666667,0.8866666666666667,0.9415929203539823,0.8866666666666667,0.9133047210300429,0.9422222222222222,9000,8310,8310,690,0.07666666666666666,0,0.0,1.0,0.9233333333333333,35,243,0.0675,0,35,35,0,0,1.0,1.0,0,0,,,243,0.0675,0,0.0,532,1275.0,1275.0,1275.0,0,0.0
wrong_id_same_service_1pct,correlation_id_only_ablation,9844,600,24,0.25,1500,0,36,0,0,0,0,0,0,600,3600,3600,3600,600,600,532,0.8866666666666667,0.8866666666666667,0.8866666666666667,0.8866666666666667,0.8866666666666667,0.99,9000,9034,8820,180,0.02,214,0.023688288687181758,0.9763117113128182,0.98,35,243,0.0675,35,35,35,0,0,1.0,1.0,0,0,,,0,0.0,0,0.0,532,1275.0,1275.0,1275.0,0,0.0
wrong_id_same_service_1pct,naive_temporal_window,9844,600,24,0.25,1500,0,36,0,0,0,0,0,0,600,3600,3600,3600,600,600,468,0.78,0.78,0.78,0.78,0.78,0.945,9000,9594,8406,594,0.066,1188,0.12382739212007504,0.8761726078799249,0.934,66,594,0.165,66,66,66,0,0,1.0,1.0,0,0,,,0,0.0,0,0.0,468,1275.0,1275.0,1275.0,0,0.0
wrong_id_same_service_5pct,strict_service_plus_correlation,9844,600,24,0.25,1500,0,180,0,0,0,0,0,0,600,3600,3600,3600,1509,445,323,0.5383333333333333,0.5383333333333333,0.7258426966292135,0.5383333333333333,0.6181818181818182,0.7475,9000,6017,6017,2983,0.33144444444444443,0,0.0,1.0,0.6685555555555556,155,1064,0.29555555555555557,0,155,155,0,0,1.0,1.0,0,0,,,1064,0.29555555555555557,0,0.0,323,1275.0,1275.0,1275.0,0,0.0
wrong_id_same_service_5pct,correlation_id_only_ablation,9844,600,24,0.25,1500,0,180,0,0,0,0,0,0,600,3600,3600,3600,600,600,323,0.5383333333333333,0.5383333333333333,0.5383333333333333,0.5383333333333333,0.5383333333333333,0.95,9000,9170,8116,884,0.09822222222222222,1054,0.11494002181025081,0.8850599781897491,0.9017777777777778,155,1064,0.29555555555555557,155,155,155,0,0,1.0,1.0,0,0,,,0,0.0,0,0.0,323,1275.0,1275.0,1275.0,0,0.0
wrong_id_same_service_5pct,naive_temporal_window,9844,600,24,0.25,1500,0,180,0,0,0,0,0,0,600,3600,3600,3600,600,600,468,0.78,0.78,0.78,0.78,0.78,0.945,9000,9594,8406,594,0.066,1188,0.12382739212007504,0.8761726078799249,0.934,66,594,0.165,66,66,66,0,0,1.0,1.0,0,0,,,0,0.0,0,0.0,468,1275.0,1275.0,1275.0,0,0.0
wrong_id_same_service_10pct,strict_service_plus_correlation,9844,600,24,0.25,1500,0,360,0,0,0,0,0,0,600,3600,3600,3600,2163,328,176,0.29333333333333333,0.29333333333333333,0.5365853658536586,0.29333333333333333,0.37931034482758624,0.5658333333333333,9000,3968,3968,5032,0.5591111111111111,0,0.0,1.0,0.4408888888888889,272,1835,0.5097222222222222,0,272,272,0,0,1.0,1.0,0,0,,,1835,0.5097222222222222,0,0.0,176,1275.0,1275.0,1275.0,0,0.0
wrong_id_same_service_10pct,correlation_id_only_ablation,9844,600,24,0.25,1500,0,360,0,0,0,0,0,0,600,3600,3600,3600,600,600,176,0.29333333333333333,0.29333333333333333,0.29333333333333333,0.29333333333333333,0.29333333333333333,0.9,9000,9348,7307,1693,0.18811111111111112,2041,0.2183354728284125,0.7816645271715875,0.8118888888888889,272,1835,0.5097222222222222,272,272,272,0,0,1.0,1.0,0,0,,,0,0.0,0,0.0,176,1275.0,1275.0,1275.0,0,0.0
wrong_id_same_service_10pct,naive_temporal_window,9844,600,24,0.25,1500,0,360,0,0,0,0,0,0,600,3600,3600,3600,600,600,468,0.78,0.78,0.78,0.78,0.78,0.945,9000,9594,8406,594,0.066,1188,0.12382739212007504,0.8761726078799249,0.934,66,594,0.165,66,66,66,0,0,1.0,1.0,0,0,,,0,0.0,0,0.0,468,1275.0,1275.0,1275.0,0,0.0
wrong_id_same_service_20pct,strict_service_plus_correlation,9844,600,24,0.25,1500,0,720,0,0,0,0,0,0,600,3600,3600,3600,2949,178,37,0.06166666666666667,0.06166666666666667,0.20786516853932585,0.06166666666666667,0.09511568123393317,0.3475,9000,1598,1598,7402,0.8224444444444444,0,0.0,1.0,0.17755555555555555,422,2771,0.7697222222222222,0,422,422,0,0,1.0,1.0,0,0,,,2771,0.7697222222222222,0,0.0,37,1275.0,1275.0,1275.0,0,0.0
wrong_id_same_service_20pct,correlation_id_only_ablation,9844,600,24,0.25,1500,0,720,0,0,0,0,0,0,600,3600,3600,3600,600,600,37,0.06166666666666667,0.06166666666666667,0.06166666666666667,0.06166666666666667,0.061666666666666675,0.8,9000,9692,5769,3231,0.359,3923,0.40476681799422204,0.595233182005778,0.641,422,2771,0.7697222222222222,422,422,422,0,0,1.0,1.0,0,0,,,0,0.0,0,0.0,37,1275.0,1275.0,1275.0,0,0.0
wrong_id_same_service_20pct,naive_temporal_window,9844,600,24,0.25,1500,0,720,0,0,0,0,0,0,600,3600,3600,3600,600,600,468,0.78,0.78,0.78,0.78,0.78,0.945,9000,9594,8406,594,0.066,1188,0.12382739212007504,0.8761726078799249,0.934,66,594,0.165,66,66,66,0,0,1.0,1.0,0,0,,,0,0.0,0,0.0,468,1275.0,1275.0,1275.0,0,0.0
missing_plane_deployment,strict_service_plus_correlation,9844,600,24,0.25,1500,600,0,0,0,0,0,0,0,600,3600,3600,3600,1200,600,0,0.0,0.0,0.0,0.0,0.0,0.8333333333333334,9000,6000,6000,3000,0.3333333333333333,0,0.0,1.0,0.6666666666666666,0,0,0.0,0,0,0,0,0,,,0,0,,,600,0.16666666666666666,0,0.0,0,,,,0,0.0
missing_plane_deployment,correlation_id_only_ablation,9844,600,24,0.25,1500,600,0,0,0,0,0,0,0,600,3600,3600,3600,1200,600,0,0.0,0.0,0.0,0.0,0.0,0.8333333333333334,9000,6000,6000,3000,0.3333333333333333,0,0.0,1.0,0.6666666666666666,0,0,0.0,0,0,0,0,0,,,0,0,,,600,0.16666666666666666,0,0.0,0,,,,0,0.0
missing_plane_deployment,naive_temporal_window,9844,600,24,0.25,1500,600,0,0,0,0,0,0,0,600,3600,3600,3600,600,600,468,0.78,0.78,0.78,0.78,0.78,0.945,9000,9594,8406,594,0.066,1188,0.12382739212007504,0.8761726078799249,0.934,66,594,0.165,66,66,66,0,0,1.0,1.0,0,0,,,0,0.0,0,0.0,468,1275.0,1275.0,1275.0,0,0.0
missing_plane_identity,strict_service_plus_correlation,9844,600,24,0.25,1500,600,0,0,0,0,0,0,0,600,3600,3600,3600,1200,600,0,0.0,0.0,0.0,0.0,0.0,0.8333333333333334,9000,6000,6000,3000,0.3333333333333333,0,0.0,1.0,0.6666666666666666,0,0,0.0,0,0,0,0,0,,,0,0,,,600,0.16666666666666666,0,0.0,0,,,,0,0.0
missing_plane_identity,correlation_id_only_ablation,9844,600,24,0.25,1500,600,0,0,0,0,0,0,0,600,3600,3600,3600,1200,600,0,0.0,0.0,0.0,0.0,0.0,0.8333333333333334,9000,6000,6000,3000,0.3333333333333333,0,0.0,1.0,0.6666666666666666,0,0,0.0,0,0,0,0,0,,,0,0,,,600,0.16666666666666666,0,0.0,0,,,,0,0.0
missing_plane_identity,naive_temporal_window,9844,600,24,0.25,1500,600,0,0,0,0,0,0,0,600,3600,3600,3600,600,600,468,0.78,0.78,0.78,0.78,0.78,0.945,9000,9594,8406,594,0.066,1188,0.12382739212007504,0.8761726078799249,0.934,66,594,0.165,66,66,66,0,0,1.0,1.0,0,0,,,0,0.0,0,0.0,468,1275.0,1275.0,1275.0,0,0.0
missing_plane_policy,strict_service_plus_correlation,9844,600,24,0.25,1500,600,0,0,0,0,0,0,0,600,3600,3600,3600,1200,600,0,0.0,0.0,0.0,0.0,0.0,0.8333333333333334,9000,6000,6000,3000,0.3333333333333333,0,0.0,1.0,0.6666666666666666,0,0,0.0,0,0,0,0,0,,,0,0,,,600,0.16666666666666666,0,0.0,0,,,,0,0.0
missing_plane_policy,correlation_id_only_ablation,9844,600,24,0.25,1500,600,0,0,0,0,0,0,0,600,3600,3600,3600,1200,600,0,0.0,0.0,0.0,0.0,0.0,0.8333333333333334,9000,6000,6000,3000,0.3333333333333333,0,0.0,1.0,0.6666666666666666,0,0,0.0,0,0,0,0,0,,,0,0,,,600,0.16666666666666666,0,0.0,0,,,,0,0.0
missing_plane_policy,naive_temporal_window,9844,600,24,0.25,1500,600,0,0,0,0,0,0,0,600,3600,3600,3600,600,600,468,0.78,0.78,0.78,0.78,0.78,0.945,9000,9594,8406,594,0.066,1188,0.12382739212007504,0.8761726078799249,0.934,66,594,0.165,66,66,66,0,0,1.0,1.0,0,0,,,0,0.0,0,0.0,468,1275.0,1275.0,1275.0,0,0.0
missing_plane_telemetry,strict_service_plus_correlation,9844,600,24,0.25,1500,600,0,0,0,0,0,0,0,600,3600,3600,3600,1200,600,0,0.0,0.0,0.0,0.0,0.0,0.8333333333333334,9000,6000,6000,3000,0.3333333333333333,0,0.0,1.0,0.6666666666666666,0,0,0.0,0,0,0,0,0,,,0,0,,,600,0.16666666666666666,0,0.0,0,,,,0,0.0
missing_plane_telemetry,correlation_id_only_ablation,9844,600,24,0.25,1500,600,0,0,0,0,0,0,0,600,3600,3600,3600,1200,600,0,0.0,0.0,0.0,0.0,0.0,0.8333333333333334,9000,6000,6000,3000,0.3333333333333333,0,0.0,1.0,0.6666666666666666,0,0,0.0,0,0,0,0,0,,,0,0,,,600,0.16666666666666666,0,0.0,0,,,,0,0.0
missing_plane_telemetry,naive_temporal_window,9844,600,24,0.25,1500,600,0,0,0,0,0,0,0,600,3600,3600,3600,600,600,468,0.78,0.78,0.78,0.78,0.78,0.945,9000,9594,8406,594,0.066,1188,0.12382739212007504,0.8761726078799249,0.934,66,594,0.165,66,66,66,0,0,1.0,1.0,0,0,,,0,0.0,0,0.0,468,1275.0,1275.0,1275.0,0,0.0
missing_plane_incident,strict_service_plus_correlation,9844,600,24,0.25,1500,600,0,0,0,0,0,0,0,600,3600,3600,3600,1200,600,0,0.0,0.0,0.0,0.0,0.0,0.8333333333333334,9000,6000,6000,3000,0.3333333333333333,0,0.0,1.0,0.6666666666666666,0,0,0.0,0,0,0,0,0,,,0,0,,,600,0.16666666666666666,0,0.0,0,,,,0,0.0
missing_plane_incident,correlation_id_only_ablation,9844,600,24,0.25,1500,600,0,0,0,0,0,0,0,600,3600,3600,3600,1200,600,0,0.0,0.0,0.0,0.0,0.0,0.8333333333333334,9000,6000,6000,3000,0.3333333333333333,0,0.0,1.0,0.6666666666666666,0,0,0.0,0,0,0,0,0,,,0,0,,,600,0.16666666666666666,0,0.0,0,,,,0,0.0
missing_plane_incident,naive_temporal_window,9844,600,24,0.25,1500,600,0,0,0,0,0,0,0,600,3600,3600,3600,600,600,468,0.78,0.78,0.78,0.78,0.78,0.945,9000,9594,8406,594,0.066,1188,0.12382739212007504,0.8761726078799249,0.934,66,594,0.165,66,66,66,0,0,1.0,1.0,0,0,,,0,0.0,0,0.0,468,1275.0,1275.0,1275.0,0,0.0
missing_plane_recovery,strict_service_plus_correlation,9844,600,24,0.25,1500,600,0,0,0,0,0,0,0,600,3600,3600,3600,1200,600,0,0.0,0.0,0.0,0.0,0.0,0.8333333333333334,9000,6000,6000,3000,0.3333333333333333,0,0.0,1.0,0.6666666666666666,0,0,0.0,0,0,0,0,0,,,0,0,,,600,0.16666666666666666,0,0.0,0,,,,0,0.0
missing_plane_recovery,correlation_id_only_ablation,9844,600,24,0.25,1500,600,0,0,0,0,0,0,0,600,3600,3600,3600,1200,600,0,0.0,0.0,0.0,0.0,0.0,0.8333333333333334,9000,6000,6000,3000,0.3333333333333333,0,0.0,1.0,0.6666666666666666,0,0,0.0,0,0,0,0,0,,,0,0,,,600,0.16666666666666666,0,0.0,0,,,,0,0.0
missing_plane_recovery,naive_temporal_window,9844,600,24,0.25,1500,600,0,0,0,0,0,0,0,600,3600,3600,3600,600,600,468,0.78,0.78,0.78,0.78,0.78,0.945,9000,9594,8406,594,0.066,1188,0.12382739212007504,0.8761726078799249,0.934,66,594,0.165,66,66,66,0,0,1.0,1.0,0,0,,,0,0.0,0,0.0,468,1275.0,1275.0,1275.0,0,0.0
collision_same_service_1pct,strict_service_plus_correlation,9844,600,24,0.25,1500,0,0,6,0,0,0,0,0,600,3600,3600,3600,660,588,588,0.98,0.98,1.0,0.98,0.98989898989899,0.9833333333333333,9000,8820,8820,180,0.02,0,0.0,1.0,0.98,6,72,0.02,0,6,6,0,0,1.0,1.0,0,0,,,72,0.02,0,0.0,588,1275.0,1275.0,1275.0,0,0.0
collision_same_service_1pct,correlation_id_only_ablation,9844,600,24,0.25,1500,0,0,6,0,0,0,0,0,600,3600,3600,3600,594,594,588,0.98,0.98,0.98989898989899,0.98,0.9849246231155778,1.0,9000,9216,9000,0,0.0,216,0.0234375,0.9765625,1.0,6,72,0.02,6,6,6,0,0,1.0,1.0,0,0,,,0,0.0,0,0.0,588,1275.0,1275.0,1275.0,0,0.0
collision_same_service_1pct,naive_temporal_window,9844,600,24,0.25,1500,0,0,6,0,0,0,0,0,600,3600,3600,3600,600,600,468,0.78,0.78,0.78,0.78,0.78,0.945,9000,9594,8406,594,0.066,1188,0.12382739212007504,0.8761726078799249,0.934,66,594,0.165,66,66,66,0,0,1.0,1.0,0,0,,,0,0.0,0,0.0,468,1275.0,1275.0,1275.0,0,0.0
collision_same_service_5pct,strict_service_plus_correlation,9844,600,24,0.25,1500,0,0,30,0,0,0,0,0,600,3600,3600,3600,900,540,540,0.9,0.9,1.0,0.9,0.9473684210526316,0.9166666666666666,9000,8100,8100,900,0.1,0,0.0,1.0,0.9,30,360,0.1,0,30,30,0,0,1.0,1.0,0,0,,,360,0.1,0,0.0,540,1275.0,1275.0,1275.0,0,0.0
collision_same_service_5pct,correlation_id_only_ablation,9844,600,24,0.25,1500,0,0,30,0,0,0,0,0,600,3600,3600,3600,570,570,540,0.9,0.9,0.9473684210526315,0.9,0.9230769230769231,1.0,9000,10080,9000,0,0.0,1080,0.10714285714285714,0.8928571428571429,1.0,30,360,0.1,30,30,30,0,0,1.0,1.0,0,0,,,0,0.0,0,0.0,540,1275.0,1275.0,1275.0,0,0.0
collision_same_service_5pct,naive_temporal_window,9844,600,24,0.25,1500,0,0,30,0,0,0,0,0,600,3600,3600,3600,600,600,468,0.78,0.78,0.78,0.78,0.78,0.945,9000,9594,8406,594,0.066,1188,0.12382739212007504,0.8761726078799249,0.934,66,594,0.165,66,66,66,0,0,1.0,1.0,0,0,,,0,0.0,0,0.0,468,1275.0,1275.0,1275.0,0,0.0
collision_same_service_10pct,strict_service_plus_correlation,9844,600,24,0.25,1500,0,0,60,0,0,0,0,0,600,3600,3600,3600,1200,480,480,0.8,0.8,1.0,0.8,0.888888888888889,0.8333333333333334,9000,7200,7200,1800,0.2,0,0.0,1.0,0.8,60,720,0.2,0,60,60,0,0,1.0,1.0,0,0,,,720,0.2,0,0.0,480,1275.0,1275.0,1275.0,0,0.0
collision_same_service_10pct,correlation_id_only_ablation,9844,600,24,0.25,1500,0,0,60,0,0,0,0,0,600,3600,3600,3600,540,540,480,0.8,0.8,0.8888888888888888,0.8,0.8421052631578948,1.0,9000,11160,9000,0,0.0,2160,0.1935483870967742,0.8064516129032258,1.0,60,720,0.2,60,60,60,0,0,1.0,1.0,0,0,,,0,0.0,0,0.0,480,1275.0,1275.0,1275.0,0,0.0
collision_same_service_10pct,naive_temporal_window,9844,600,24,0.25,1500,0,0,60,0,0,0,0,0,600,3600,3600,3600,600,600,468,0.78,0.78,0.78,0.78,0.78,0.945,9000,9594,8406,594,0.066,1188,0.12382739212007504,0.8761726078799249,0.934,66,594,0.165,66,66,66,0,0,1.0,1.0,0,0,,,0,0.0,0,0.0,468,1275.0,1275.0,1275.0,0,0.0
collision_cross_service_5pct,strict_service_plus_correlation,9844,600,24,0.25,1500,0,0,30,0,0,0,0,0,600,3600,3600,3600,600,600,600,1.0,1.0,1.0,1.0,1.0,1.0,9000,9000,9000,0,0.0,0,0.0,1.0,1.0,0,0,0.0,0,0,0,0,0,,,0,0,,,0,0.0,0,0.0,600,1275.0,1275.0,1275.0,0,0.0
collision_cross_service_5pct,correlation_id_only_ablation,9844,600,24,0.25,1500,0,0,30,0,0,0,0,0,600,3600,3600,3600,570,570,540,0.9,0.9,0.9473684210526315,0.9,0.9230769230769231,1.0,9000,10080,9000,0,0.0,1080,0.10714285714285714,0.8928571428571429,1.0,30,360,0.1,30,30,30,0,0,1.0,1.0,0,0,,,0,0.0,0,0.0,540,1275.0,1275.0,1275.0,0,0.0
collision_cross_service_5pct,naive_temporal_window,9844,600,24,0.25,1500,0,0,30,0,0,0,0,0,600,3600,3600,3600,600,600,468,0.78,0.78,0.78,0.78,0.78,0.945,9000,9594,8406,594,0.066,1188,0.12382739212007504,0.8761726078799249,0.934,66,594,0.165,66,66,66,0,0,1.0,1.0,0,0,,,0,0.0,0,0.0,468,1275.0,1275.0,1275.0,0,0.0
duplicate_exact_10pct,strict_service_plus_correlation,9844,600,24,0.25,1500,0,0,0,360,0,0,0,0,600,3600,3600,3960,600,600,600,1.0,1.0,1.0,1.0,1.0,1.0,9000,9000,9000,0,0.0,0,0.0,1.0,1.0,0,0,0.0,0,0,0,0,0,,,0,0,,,0,0.0,360,0.09090909090909091,600,1275.0,1275.0,1275.0,0,0.0
duplicate_exact_10pct,correlation_id_only_ablation,9844,600,24,0.25,1500,0,0,0,360,0,0,0,0,600,3600,3600,3960,600,600,600,1.0,1.0,1.0,1.0,1.0,1.0,9000,9000,9000,0,0.0,0,0.0,1.0,1.0,0,0,0.0,0,0,0,0,0,,,0,0,,,0,0.0,360,0.09090909090909091,600,1275.0,1275.0,1275.0,0,0.0
duplicate_exact_10pct,naive_temporal_window,9844,600,24,0.25,1500,0,0,0,360,0,0,0,0,600,3600,3600,3960,600,600,468,0.78,0.78,0.78,0.78,0.78,0.945,9000,9594,8406,594,0.066,1188,0.12382739212007504,0.8761726078799249,0.934,66,594,0.165,66,66,66,0,0,1.0,1.0,0,0,,,0,0.0,360,0.09090909090909091,468,1275.0,1275.0,1275.0,0,0.0
duplicate_source_conflict_5pct,strict_service_plus_correlation,9844,600,24,0.25,1500,0,0,0,0,180,0,0,0,600,3600,3600,3780,960,600,446,0.7433333333333333,0.7433333333333333,0.7433333333333333,0.7433333333333333,0.7433333333333333,0.95,9000,8127,8127,873,0.097,0,0.0,1.0,0.903,0,0,0.0,0,0,0,0,0,,,180,180,1.0,1.0,360,0.09523809523809523,0,0.0,446,1275.0,1275.0,1275.0,0,0.0
duplicate_source_conflict_5pct,correlation_id_only_ablation,9844,600,24,0.25,1500,0,0,0,0,180,0,0,0,600,3600,3600,3780,600,600,446,0.7433333333333333,0.7433333333333333,0.7433333333333333,0.7433333333333333,0.7433333333333333,1.0,9000,10107,9000,0,0.0,1107,0.10952804986642921,0.8904719501335708,1.0,0,0,0.0,0,154,0,154,0,0.0,,180,180,1.0,1.0,0,0.0,0,0.0,446,1275.0,1275.0,1275.0,0,0.0
duplicate_source_conflict_5pct,naive_temporal_window,9844,600,24,0.25,1500,0,0,0,0,180,0,0,0,600,3600,3600,3780,600,600,351,0.585,0.585,0.585,0.585,0.585,0.945,9000,10780,8406,594,0.066,2374,0.2202226345083488,0.7797773654916512,0.934,66,594,0.165,66,190,66,124,0,0.3473684210526316,1.0,180,180,1.0,1.0,0,0.0,0,0.0,351,1275.0,1275.0,1275.0,0,0.0
clock_skew_random_10pct_5s,strict_service_plus_correlation,9844,600,24,0.25,1500,0,0,0,0,0,360,0,0,600,3600,3600,3600,2025,315,315,0.525,0.525,1.0,0.525,0.6885245901639345,0.6041666666666666,9000,4725,4725,4275,0.475,0,0.0,1.0,0.525,0,0,0.0,0,285,0,285,0,0.0,,0,0,,,1710,0.475,0,0.0,315,1275.0,1275.0,1275.0,0,0.0
clock_skew_random_10pct_5s,correlation_id_only_ablation,9844,600,24,0.25,1500,0,0,0,0,0,360,0,0,600,3600,3600,3600,600,600,600,1.0,1.0,1.0,1.0,1.0,1.0,9000,9000,9000,0,0.0,0,0.0,1.0,1.0,0,0,0.0,0,285,0,285,0,0.0,,0,0,,,0,0.0,0,0.0,600,1275.0,1275.0,1275.0,0,0.0
clock_skew_random_10pct_5s,naive_temporal_window,9844,600,24,0.25,1500,0,0,0,0,0,360,0,0,600,3600,3600,3600,881,661,237,0.395,0.395,0.3585476550680787,0.395,0.3758921490880254,0.8552777777777778,9000,7901,6849,2151,0.239,1052,0.13314770282242755,0.8668522971775725,0.761,102,626,0.1738888888888889,102,84,84,0,18,1.0,0.8235294117647058,0,0,,,0,0.0,0,0.0,237,1275.0,1275.0,1275.0,0,0.0
late_arrival_10pct_30s,strict_service_plus_correlation,9844,600,24,0.25,1500,0,0,0,0,0,0,360,0,600,3600,3600,3600,600,600,600,1.0,1.0,1.0,1.0,1.0,1.0,9000,9000,9000,0,0.0,0,0.0,1.0,1.0,0,0,0.0,0,0,0,0,0,,,0,0,,,0,0.0,0,0.0,600,1275.0,31275.0,31275.0,132843,0.020506159118273595
late_arrival_10pct_30s,correlation_id_only_ablation,9844,600,24,0.25,1500,0,0,0,0,0,0,360,0,600,3600,3600,3600,600,600,600,1.0,1.0,1.0,1.0,1.0,1.0,9000,9000,9000,0,0.0,0,0.0,1.0,1.0,0,0,0.0,0,0,0,0,0,,,0,0,,,0,0.0,0,0.0,600,1275.0,31275.0,31275.0,132843,0.020506159118273595
late_arrival_10pct_30s,naive_temporal_window,9844,600,24,0.25,1500,0,0,0,0,0,0,360,0,600,3600,3600,3600,600,600,468,0.78,0.78,0.78,0.78,0.78,0.945,9000,9594,8406,594,0.066,1188,0.12382739212007504,0.8761726078799249,0.934,66,594,0.165,66,66,66,0,0,1.0,1.0,0,0,,,0,0.0,0,0.0,468,1275.0,31275.0,31275.0,132843,0.020506159118273595
out_of_order_jitter_3s,strict_service_plus_correlation,9844,600,24,0.25,1500,0,0,0,0,0,0,0,3600,600,3600,3600,3600,600,600,600,1.0,1.0,1.0,1.0,1.0,1.0,9000,9000,9000,0,0.0,0,0.0,1.0,1.0,0,0,0.0,0,0,0,0,0,,,0,0,,,0,0.0,0,0.0,600,3452.5,4117.699999999999,4263.0,88857,0.013716310086135037
out_of_order_jitter_3s,correlation_id_only_ablation,9844,600,24,0.25,1500,0,0,0,0,0,0,0,3600,600,3600,3600,3600,600,600,600,1.0,1.0,1.0,1.0,1.0,1.0,9000,9000,9000,0,0.0,0,0.0,1.0,1.0,0,0,0.0,0,0,0,0,0,,,0,0,,,0,0.0,0,0.0,600,3452.5,4117.699999999999,4263.0,88857,0.013716310086135037
out_of_order_jitter_3s,naive_temporal_window,9844,600,24,0.25,1500,0,0,0,0,0,0,0,3600,600,3600,3600,3600,600,600,468,0.78,0.78,0.78,0.78,0.78,0.945,9000,9594,8406,594,0.066,1188,0.12382739212007504,0.8761726078799249,0.934,66,594,0.165,66,66,66,0,0,1.0,1.0,0,0,,,0,0.0,0,0.0,468,3478.0,4106.299999999999,4263.0,88857,0.013716310086135037
compound_adversarial,strict_service_plus_correlation,9844,600,24,0.25,1500,360,0,30,0,0,0,360,3600,600,3600,3600,3600,1225,540,294,0.49,0.49,0.5444444444444444,0.49,0.5157894736842104,0.8263888888888888,9000,6565,6565,2435,0.27055555555555555,0,0.0,1.0,0.7294444444444445,30,325,0.09027777777777778,0,30,30,0,0,1.0,1.0,0,0,,,685,0.19027777777777777,0,0.0,294,3859.5,33627.1,34148.0,207187,0.03198218640980519
compound_adversarial,correlation_id_only_ablation,9844,600,24,0.25,1500,360,0,30,0,0,0,360,3600,600,3600,3600,3600,930,570,294,0.49,0.49,0.5157894736842106,0.49,0.5025641025641027,0.9,9000,8175,7296,1704,0.18933333333333333,879,0.10752293577981652,0.8924770642201835,0.8106666666666666,30,325,0.09027777777777778,30,30,30,0,0,1.0,1.0,0,0,,,360,0.1,0,0.0,294,3859.5,33627.1,34148.0,207187,0.03198218640980519
compound_adversarial,naive_temporal_window,9844,600,24,0.25,1500,360,0,30,0,0,0,360,3600,600,3600,3600,3600,600,600,468,0.78,0.78,0.78,0.78,0.78,0.945,9000,9594,8406,594,0.066,1188,0.12382739212007504,0.8761726078799249,0.934,66,594,0.165,66,66,66,0,0,1.0,1.0,0,0,,,0,0.0,0,0.0,468,3902.5,33628.899999999994,34159.0,207187,0.03198218640980519
control,strict_service_plus_correlation,9945,600,24,0.25,1500,0,0,0,0,0,0,0,0,600,3600,3600,3600,600,600,600,1.0,1.0,1.0,1.0,1.0,1.0,9000,9000,9000,0,0.0,0,0.0,1.0,1.0,0,0,0.0,0,0,0,0,0,,,0,0,,,0,0.0,0,0.0,600,1275.0,1275.0,1275.0,0,0.0
control,correlation_id_only_ablation,9945,600,24,0.25,1500,0,0,0,0,0,0,0,0,600,3600,3600,3600,600,600,600,1.0,1.0,1.0,1.0,1.0,1.0,9000,9000,9000,0,0.0,0,0.0,1.0,1.0,0,0,0.0,0,0,0,0,0,,,0,0,,,0,0.0,0,0.0,600,1275.0,1275.0,1275.0,0,0.0
control,naive_temporal_window,9945,600,24,0.25,1500,0,0,0,0,0,0,0,0,600,3600,3600,3600,600,600,446,0.7433333333333333,0.7433333333333333,0.7433333333333333,0.7433333333333333,0.7433333333333333,0.9358333333333333,9000,9693,8307,693,0.077,1386,0.14298978644382543,0.8570102135561746,0.923,77,693,0.1925,77,77,77,0,0,1.0,1.0,0,0,,,0,0.0,0,0.0,446,1275.0,1275.0,1275.0,0,0.0
missing_random_1pct,strict_service_plus_correlation,9945,600,24,0.25,1500,36,0,0,0,0,0,0,0,600,3600,3600,3600,636,600,564,0.94,0.94,0.94,0.94,0.94,0.99,9000,8820,8820,180,0.02,0,0.0,1.0,0.98,0,0,0.0,0,0,0,0,0,,,0,0,,,36,0.01,0,0.0,564,1275.0,1275.0,1275.0,0,0.0
missing_random_1pct,correlation_id_only_ablation,9945,600,24,0.25,1500,36,0,0,0,0,0,0,0,600,3600,3600,3600,636,600,564,0.94,0.94,0.94,0.94,0.94,0.99,9000,8820,8820,180,0.02,0,0.0,1.0,0.98,0,0,0.0,0,0,0,0,0,,,0,0,,,36,0.01,0,0.0,564,1275.0,1275.0,1275.0,0,0.0
missing_random_1pct,naive_temporal_window,9945,600,24,0.25,1500,36,0,0,0,0,0,0,0,600,3600,3600,3600,600,600,446,0.7433333333333333,0.7433333333333333,0.7433333333333333,0.7433333333333333,0.7433333333333333,0.9358333333333333,9000,9693,8307,693,0.077,1386,0.14298978644382543,0.8570102135561746,0.923,77,693,0.1925,77,77,77,0,0,1.0,1.0,0,0,,,0,0.0,0,0.0,446,1275.0,1275.0,1275.0,0,0.0
missing_random_5pct,strict_service_plus_correlation,9945,600,24,0.25,1500,180,0,0,0,0,0,0,0,600,3600,3600,3600,780,600,435,0.725,0.725,0.725,0.725,0.7250000000000001,0.95,9000,8116,8116,884,0.09822222222222222,0,0.0,1.0,0.9017777777777778,0,0,0.0,0,0,0,0,0,,,0,0,,,180,0.05,0,0.0,435,1275.0,1275.0,1275.0,0,0.0
missing_random_5pct,correlation_id_only_ablation,9945,600,24,0.25,1500,180,0,0,0,0,0,0,0,600,3600,3600,3600,780,600,435,0.725,0.725,0.725,0.725,0.7250000000000001,0.95,9000,8116,8116,884,0.09822222222222222,0,0.0,1.0,0.9017777777777778,0,0,0.0,0,0,0,0,0,,,0,0,,,180,0.05,0,0.0,435,1275.0,1275.0,1275.0,0,0.0
missing_random_5pct,naive_temporal_window,9945,600,24,0.25,1500,180,0,0,0,0,0,0,0,600,3600,3600,3600,600,600,446,0.7433333333333333,0.7433333333333333,0.7433333333333333,0.7433333333333333,0.7433333333333333,0.9358333333333333,9000,9693,8307,693,0.077,1386,0.14298978644382543,0.8570102135561746,0.923,77,693,0.1925,77,77,77,0,0,1.0,1.0,0,0,,,0,0.0,0,0.0,446,1275.0,1275.0,1275.0,0,0.0
missing_random_10pct,strict_service_plus_correlation,9945,600,24,0.25,1500,360,0,0,0,0,0,0,0,600,3600,3600,3600,960,600,318,0.53,0.53,0.53,0.53,0.53,0.9,9000,7290,7290,1710,0.19,0,0.0,1.0,0.81,0,0,0.0,0,0,0,0,0,,,0,0,,,360,0.1,0,0.0,318,1275.0,1275.0,1275.0,0,0.0
missing_random_10pct,correlation_id_only_ablation,9945,600,24,0.25,1500,360,0,0,0,0,0,0,0,600,3600,3600,3600,960,600,318,0.53,0.53,0.53,0.53,0.53,0.9,9000,7290,7290,1710,0.19,0,0.0,1.0,0.81,0,0,0.0,0,0,0,0,0,,,0,0,,,360,0.1,0,0.0,318,1275.0,1275.0,1275.0,0,0.0
missing_random_10pct,naive_temporal_window,9945,600,24,0.25,1500,360,0,0,0,0,0,0,0,600,3600,3600,3600,600,600,446,0.7433333333333333,0.7433333333333333,0.7433333333333333,0.7433333333333333,0.7433333333333333,0.9358333333333333,9000,9693,8307,693,0.077,1386,0.14298978644382543,0.8570102135561746,0.923,77,693,0.1925,77,77,77,0,0,1.0,1.0,0,0,,,0,0.0,0,0.0,446,1275.0,1275.0,1275.0,0,0.0
missing_random_20pct,strict_service_plus_correlation,9945,600,24,0.25,1500,720,0,0,0,0,0,0,0,600,3600,3600,3600,1320,598,162,0.27,0.27,0.2709030100334448,0.27,0.2704507512520868,0.8,9000,5773,5773,3227,0.35855555555555557,0,0.0,1.0,0.6414444444444445,0,0,0.0,0,0,0,0,0,,,0,0,,,720,0.2,0,0.0,162,1275.0,1275.0,1275.0,0,0.0
missing_random_20pct,correlation_id_only_ablation,9945,600,24,0.25,1500,720,0,0,0,0,0,0,0,600,3600,3600,3600,1320,598,162,0.27,0.27,0.2709030100334448,0.27,0.2704507512520868,0.8,9000,5773,5773,3227,0.35855555555555557,0,0.0,1.0,0.6414444444444445,0,0,0.0,0,0,0,0,0,,,0,0,,,720,0.2,0,0.0,162,1275.0,1275.0,1275.0,0,0.0
missing_random_20pct,naive_temporal_window,9945,600,24,0.25,1500,720,0,0,0,0,0,0,0,600,3600,3600,3600,600,600,446,0.7433333333333333,0.7433333333333333,0.7433333333333333,0.7433333333333333,0.7433333333333333,0.9358333333333333,9000,9693,8307,693,0.077,1386,0.14298978644382543,0.8570102135561746,0.923,77,693,0.1925,77,77,77,0,0,1.0,1.0,0,0,,,0,0.0,0,0.0,446,1275.0,1275.0,1275.0,0,0.0
wrong_id_same_service_1pct,strict_service_plus_correlation,9945,600,24,0.25,1500,0,36,0,0,0,0,0,0,600,3600,3600,3600,813,564,531,0.885,0.885,0.9414893617021277,0.885,0.9123711340206185,0.9408333333333333,9000,8295,8295,705,0.07833333333333334,0,0.0,1.0,0.9216666666666666,36,249,0.06916666666666667,0,36,36,0,0,1.0,1.0,0,0,,,249,0.06916666666666667,0,0.0,531,1275.0,1275.0,1275.0,0,0.0
wrong_id_same_service_1pct,correlation_id_only_ablation,9945,600,24,0.25,1500,0,36,0,0,0,0,0,0,600,3600,3600,3600,600,600,531,0.885,0.885,0.885,0.885,0.885,0.99,9000,9034,8821,179,0.01988888888888889,213,0.023577595749391188,0.9764224042506088,0.9801111111111112,36,249,0.06916666666666667,36,36,36,0,0,1.0,1.0,0,0,,,0,0.0,0,0.0,531,1275.0,1275.0,1275.0,0,0.0
wrong_id_same_service_1pct,naive_temporal_window,9945,600,24,0.25,1500,0,36,0,0,0,0,0,0,600,3600,3600,3600,600,600,446,0.7433333333333333,0.7433333333333333,0.7433333333333333,0.7433333333333333,0.7433333333333333,0.9358333333333333,9000,9693,8307,693,0.077,1386,0.14298978644382543,0.8570102135561746,0.923,77,693,0.1925,77,77,77,0,0,1.0,1.0,0,0,,,0,0.0,0,0.0,446,1275.0,1275.0,1275.0,0,0.0
wrong_id_same_service_5pct,strict_service_plus_correlation,9945,600,24,0.25,1500,0,180,0,0,0,0,0,0,600,3600,3600,3600,1507,446,322,0.5366666666666666,0.5366666666666666,0.7219730941704036,0.5366666666666666,0.6156787762906308,0.7480555555555556,9000,6018,6018,2982,0.3313333333333333,0,0.0,1.0,0.6686666666666666,154,1061,0.2947222222222222,0,154,154,0,0,1.0,1.0,0,0,,,1061,0.2947222222222222,0,0.0,322,1275.0,1275.0,1275.0,0,0.0
wrong_id_same_service_5pct,correlation_id_only_ablation,9945,600,24,0.25,1500,0,180,0,0,0,0,0,0,600,3600,3600,3600,600,600,322,0.5366666666666666,0.5366666666666666,0.5366666666666666,0.5366666666666666,0.5366666666666666,0.95,9000,9170,8119,881,0.09788888888888889,1051,0.11461286804798256,0.8853871319520175,0.9021111111111111,154,1061,0.2947222222222222,154,154,154,0,0,1.0,1.0,0,0,,,0,0.0,0,0.0,322,1275.0,1275.0,1275.0,0,0.0
wrong_id_same_service_5pct,naive_temporal_window,9945,600,24,0.25,1500,0,180,0,0,0,0,0,0,600,3600,3600,3600,600,600,446,0.7433333333333333,0.7433333333333333,0.7433333333333333,0.7433333333333333,0.7433333333333333,0.9358333333333333,9000,9693,8307,693,0.077,1386,0.14298978644382543,0.8570102135561746,0.923,77,693,0.1925,77,77,77,0,0,1.0,1.0,0,0,,,0,0.0,0,0.0,446,1275.0,1275.0,1275.0,0,0.0
wrong_id_same_service_10pct,strict_service_plus_correlation,9945,600,24,0.25,1500,0,360,0,0,0,0,0,0,600,3600,3600,3600,2164,328,172,0.2866666666666667,0.2866666666666667,0.524390243902439,0.2866666666666667,0.3706896551724138,0.5655555555555556,9000,3952,3952,5048,0.5608888888888889,0,0.0,1.0,0.4391111111111111,272,1836,0.51,0,272,272,0,0,1.0,1.0,0,0,,,1836,0.51,0,0.0,172,1275.0,1275.0,1275.0,0,0.0
wrong_id_same_service_10pct,correlation_id_only_ablation,9945,600,24,0.25,1500,0,360,0,0,0,0,0,0,600,3600,3600,3600,600,600,172,0.2866666666666667,0.2866666666666667,0.2866666666666667,0.2866666666666667,0.2866666666666667,0.9,9000,9354,7297,1703,0.18922222222222224,2057,0.21990592259995723,0.7800940774000428,0.8107777777777778,272,1836,0.51,272,272,272,0,0,1.0,1.0,0,0,,,0,0.0,0,0.0,172,1275.0,1275.0,1275.0,0,0.0
wrong_id_same_service_10pct,naive_temporal_window,9945,600,24,0.25,1500,0,360,0,0,0,0,0,0,600,3600,3600,3600,600,600,446,0.7433333333333333,0.7433333333333333,0.7433333333333333,0.7433333333333333,0.7433333333333333,0.9358333333333333,9000,9693,8307,693,0.077,1386,0.14298978644382543,0.8570102135561746,0.923,77,693,0.1925,77,77,77,0,0,1.0,1.0,0,0,,,0,0.0,0,0.0,446,1275.0,1275.0,1275.0,0,0.0
wrong_id_same_service_20pct,strict_service_plus_correlation,9945,600,24,0.25,1500,0,720,0,0,0,0,0,0,600,3600,3600,3600,2842,196,52,0.08666666666666667,0.08666666666666667,0.2653061224489796,0.08666666666666667,0.1306532663316583,0.37722222222222224,9000,1925,1925,7075,0.7861111111111111,0,0.0,1.0,0.21388888888888888,402,2644,0.7344444444444445,0,402,402,0,0,1.0,1.0,0,0,,,2644,0.7344444444444445,0,0.0,52,1275.0,1275.0,1275.0,0,0.0
wrong_id_same_service_20pct,correlation_id_only_ablation,9945,600,24,0.25,1500,0,720,0,0,0,0,0,0,600,3600,3600,3600,600,598,52,0.08666666666666667,0.08666666666666667,0.08695652173913043,0.08666666666666667,0.08681135225375626,0.8002777777777778,9000,9714,5784,3216,0.35733333333333334,3930,0.4045707226683138,0.5954292773316863,0.6426666666666667,402,2644,0.7344444444444445,402,402,402,0,0,1.0,1.0,0,0,,,0,0.0,0,0.0,52,1275.0,1275.0,1275.0,0,0.0
wrong_id_same_service_20pct,naive_temporal_window,9945,600,24,0.25,1500,0,720,0,0,0,0,0,0,600,3600,3600,3600,600,600,446,0.7433333333333333,0.7433333333333333,0.7433333333333333,0.7433333333333333,0.7433333333333333,0.9358333333333333,9000,9693,8307,693,0.077,1386,0.14298978644382543,0.8570102135561746,0.923,77,693,0.1925,77,77,77,0,0,1.0,1.0,0,0,,,0,0.0,0,0.0,446,1275.0,1275.0,1275.0,0,0.0
missing_plane_deployment,strict_service_plus_correlation,9945,600,24,0.25,1500,600,0,0,0,0,0,0,0,600,3600,3600,3600,1200,600,0,0.0,0.0,0.0,0.0,0.0,0.8333333333333334,9000,6000,6000,3000,0.3333333333333333,0,0.0,1.0,0.6666666666666666,0,0,0.0,0,0,0,0,0,,,0,0,,,600,0.16666666666666666,0,0.0,0,,,,0,0.0
missing_plane_deployment,correlation_id_only_ablation,9945,600,24,0.25,1500,600,0,0,0,0,0,0,0,600,3600,3600,3600,1200,600,0,0.0,0.0,0.0,0.0,0.0,0.8333333333333334,9000,6000,6000,3000,0.3333333333333333,0,0.0,1.0,0.6666666666666666,0,0,0.0,0,0,0,0,0,,,0,0,,,600,0.16666666666666666,0,0.0,0,,,,0,0.0
missing_plane_deployment,naive_temporal_window,9945,600,24,0.25,1500,600,0,0,0,0,0,0,0,600,3600,3600,3600,600,600,446,0.7433333333333333,0.7433333333333333,0.7433333333333333,0.7433333333333333,0.7433333333333333,0.9358333333333333,9000,9693,8307,693,0.077,1386,0.14298978644382543,0.8570102135561746,0.923,77,693,0.1925,77,77,77,0,0,1.0,1.0,0,0,,,0,0.0,0,0.0,446,1275.0,1275.0,1275.0,0,0.0
missing_plane_identity,strict_service_plus_correlation,9945,600,24,0.25,1500,600,0,0,0,0,0,0,0,600,3600,3600,3600,1200,600,0,0.0,0.0,0.0,0.0,0.0,0.8333333333333334,9000,6000,6000,3000,0.3333333333333333,0,0.0,1.0,0.6666666666666666,0,0,0.0,0,0,0,0,0,,,0,0,,,600,0.16666666666666666,0,0.0,0,,,,0,0.0
missing_plane_identity,correlation_id_only_ablation,9945,600,24,0.25,1500,600,0,0,0,0,0,0,0,600,3600,3600,3600,1200,600,0,0.0,0.0,0.0,0.0,0.0,0.8333333333333334,9000,6000,6000,3000,0.3333333333333333,0,0.0,1.0,0.6666666666666666,0,0,0.0,0,0,0,0,0,,,0,0,,,600,0.16666666666666666,0,0.0,0,,,,0,0.0
missing_plane_identity,naive_temporal_window,9945,600,24,0.25,1500,600,0,0,0,0,0,0,0,600,3600,3600,3600,600,600,446,0.7433333333333333,0.7433333333333333,0.7433333333333333,0.7433333333333333,0.7433333333333333,0.9358333333333333,9000,9693,8307,693,0.077,1386,0.14298978644382543,0.8570102135561746,0.923,77,693,0.1925,77,77,77,0,0,1.0,1.0,0,0,,,0,0.0,0,0.0,446,1275.0,1275.0,1275.0,0,0.0
missing_plane_policy,strict_service_plus_correlation,9945,600,24,0.25,1500,600,0,0,0,0,0,0,0,600,3600,3600,3600,1200,600,0,0.0,0.0,0.0,0.0,0.0,0.8333333333333334,9000,6000,6000,3000,0.3333333333333333,0,0.0,1.0,0.6666666666666666,0,0,0.0,0,0,0,0,0,,,0,0,,,600,0.16666666666666666,0,0.0,0,,,,0,0.0
missing_plane_policy,correlation_id_only_ablation,9945,600,24,0.25,1500,600,0,0,0,0,0,0,0,600,3600,3600,3600,1200,600,0,0.0,0.0,0.0,0.0,0.0,0.8333333333333334,9000,6000,6000,3000,0.3333333333333333,0,0.0,1.0,0.6666666666666666,0,0,0.0,0,0,0,0,0,,,0,0,,,600,0.16666666666666666,0,0.0,0,,,,0,0.0
missing_plane_policy,naive_temporal_window,9945,600,24,0.25,1500,600,0,0,0,0,0,0,0,600,3600,3600,3600,600,600,446,0.7433333333333333,0.7433333333333333,0.7433333333333333,0.7433333333333333,0.7433333333333333,0.9358333333333333,9000,9693,8307,693,0.077,1386,0.14298978644382543,0.8570102135561746,0.923,77,693,0.1925,77,77,77,0,0,1.0,1.0,0,0,,,0,0.0,0,0.0,446,1275.0,1275.0,1275.0,0,0.0
missing_plane_telemetry,strict_service_plus_correlation,9945,600,24,0.25,1500,600,0,0,0,0,0,0,0,600,3600,3600,3600,1200,600,0,0.0,0.0,0.0,0.0,0.0,0.8333333333333334,9000,6000,6000,3000,0.3333333333333333,0,0.0,1.0,0.6666666666666666,0,0,0.0,0,0,0,0,0,,,0,0,,,600,0.16666666666666666,0,0.0,0,,,,0,0.0
missing_plane_telemetry,correlation_id_only_ablation,9945,600,24,0.25,1500,600,0,0,0,0,0,0,0,600,3600,3600,3600,1200,600,0,0.0,0.0,0.0,0.0,0.0,0.8333333333333334,9000,6000,6000,3000,0.3333333333333333,0,0.0,1.0,0.6666666666666666,0,0,0.0,0,0,0,0,0,,,0,0,,,600,0.16666666666666666,0,0.0,0,,,,0,0.0
missing_plane_telemetry,naive_temporal_window,9945,600,24,0.25,1500,600,0,0,0,0,0,0,0,600,3600,3600,3600,600,600,446,0.7433333333333333,0.7433333333333333,0.7433333333333333,0.7433333333333333,0.7433333333333333,0.9358333333333333,9000,9693,8307,693,0.077,1386,0.14298978644382543,0.8570102135561746,0.923,77,693,0.1925,77,77,77,0,0,1.0,1.0,0,0,,,0,0.0,0,0.0,446,1275.0,1275.0,1275.0,0,0.0
missing_plane_incident,strict_service_plus_correlation,9945,600,24,0.25,1500,600,0,0,0,0,0,0,0,600,3600,3600,3600,1200,600,0,0.0,0.0,0.0,0.0,0.0,0.8333333333333334,9000,6000,6000,3000,0.3333333333333333,0,0.0,1.0,0.6666666666666666,0,0,0.0,0,0,0,0,0,,,0,0,,,600,0.16666666666666666,0,0.0,0,,,,0,0.0
missing_plane_incident,correlation_id_only_ablation,9945,600,24,0.25,1500,600,0,0,0,0,0,0,0,600,3600,3600,3600,1200,600,0,0.0,0.0,0.0,0.0,0.0,0.8333333333333334,9000,6000,6000,3000,0.3333333333333333,0,0.0,1.0,0.6666666666666666,0,0,0.0,0,0,0,0,0,,,0,0,,,600,0.16666666666666666,0,0.0,0,,,,0,0.0
missing_plane_incident,naive_temporal_window,9945,600,24,0.25,1500,600,0,0,0,0,0,0,0,600,3600,3600,3600,600,600,446,0.7433333333333333,0.7433333333333333,0.7433333333333333,0.7433333333333333,0.7433333333333333,0.9358333333333333,9000,9693,8307,693,0.077,1386,0.14298978644382543,0.8570102135561746,0.923,77,693,0.1925,77,77,77,0,0,1.0,1.0,0,0,,,0,0.0,0,0.0,446,1275.0,1275.0,1275.0,0,0.0
missing_plane_recovery,strict_service_plus_correlation,9945,600,24,0.25,1500,600,0,0,0,0,0,0,0,600,3600,3600,3600,1200,600,0,0.0,0.0,0.0,0.0,0.0,0.8333333333333334,9000,6000,6000,3000,0.3333333333333333,0,0.0,1.0,0.6666666666666666,0,0,0.0,0,0,0,0,0,,,0,0,,,600,0.16666666666666666,0,0.0,0,,,,0,0.0
missing_plane_recovery,correlation_id_only_ablation,9945,600,24,0.25,1500,600,0,0,0,0,0,0,0,600,3600,3600,3600,1200,600,0,0.0,0.0,0.0,0.0,0.0,0.8333333333333334,9000,6000,6000,3000,0.3333333333333333,0,0.0,1.0,0.6666666666666666,0,0,0.0,0,0,0,0,0,,,0,0,,,600,0.16666666666666666,0,0.0,0,,,,0,0.0
missing_plane_recovery,naive_temporal_window,9945,600,24,0.25,1500,600,0,0,0,0,0,0,0,600,3600,3600,3600,600,600,446,0.7433333333333333,0.7433333333333333,0.7433333333333333,0.7433333333333333,0.7433333333333333,0.9358333333333333,9000,9693,8307,693,0.077,1386,0.14298978644382543,0.8570102135561746,0.923,77,693,0.1925,77,77,77,0,0,1.0,1.0,0,0,,,0,0.0,0,0.0,446,1275.0,1275.0,1275.0,0,0.0
collision_same_service_1pct,strict_service_plus_correlation,9945,600,24,0.25,1500,0,0,6,0,0,0,0,0,600,3600,3600,3600,660,588,588,0.98,0.98,1.0,0.98,0.98989898989899,0.9833333333333333,9000,8820,8820,180,0.02,0,0.0,1.0,0.98,6,72,0.02,0,6,6,0,0,1.0,1.0,0,0,,,72,0.02,0,0.0,588,1275.0,1275.0,1275.0,0,0.0
collision_same_service_1pct,correlation_id_only_ablation,9945,600,24,0.25,1500,0,0,6,0,0,0,0,0,600,3600,3600,3600,594,594,588,0.98,0.98,0.98989898989899,0.98,0.9849246231155778,1.0,9000,9216,9000,0,0.0,216,0.0234375,0.9765625,1.0,6,72,0.02,6,6,6,0,0,1.0,1.0,0,0,,,0,0.0,0,0.0,588,1275.0,1275.0,1275.0,0,0.0
collision_same_service_1pct,naive_temporal_window,9945,600,24,0.25,1500,0,0,6,0,0,0,0,0,600,3600,3600,3600,600,600,446,0.7433333333333333,0.7433333333333333,0.7433333333333333,0.7433333333333333,0.7433333333333333,0.9358333333333333,9000,9693,8307,693,0.077,1386,0.14298978644382543,0.8570102135561746,0.923,77,693,0.1925,77,77,77,0,0,1.0,1.0,0,0,,,0,0.0,0,0.0,446,1275.0,1275.0,1275.0,0,0.0
collision_same_service_5pct,strict_service_plus_correlation,9945,600,24,0.25,1500,0,0,30,0,0,0,0,0,600,3600,3600,3600,900,540,540,0.9,0.9,1.0,0.9,0.9473684210526316,0.9166666666666666,9000,8100,8100,900,0.1,0,0.0,1.0,0.9,30,360,0.1,0,30,30,0,0,1.0,1.0,0,0,,,360,0.1,0,0.0,540,1275.0,1275.0,1275.0,0,0.0
collision_same_service_5pct,correlation_id_only_ablation,9945,600,24,0.25,1500,0,0,30,0,0,0,0,0,600,3600,3600,3600,570,570,540,0.9,0.9,0.9473684210526315,0.9,0.9230769230769231,1.0,9000,10080,9000,0,0.0,1080,0.10714285714285714,0.8928571428571429,1.0,30,360,0.1,30,30,30,0,0,1.0,1.0,0,0,,,0,0.0,0,0.0,540,1275.0,1275.0,1275.0,0,0.0
collision_same_service_5pct,naive_temporal_window,9945,600,24,0.25,1500,0,0,30,0,0,0,0,0,600,3600,3600,3600,600,600,446,0.7433333333333333,0.7433333333333333,0.7433333333333333,0.7433333333333333,0.7433333333333333,0.9358333333333333,9000,9693,8307,693,0.077,1386,0.14298978644382543,0.8570102135561746,0.923,77,693,0.1925,77,77,77,0,0,1.0,1.0,0,0,,,0,0.0,0,0.0,446,1275.0,1275.0,1275.0,0,0.0
collision_same_service_10pct,strict_service_plus_correlation,9945,600,24,0.25,1500,0,0,60,0,0,0,0,0,600,3600,3600,3600,1200,480,480,0.8,0.8,1.0,0.8,0.888888888888889,0.8333333333333334,9000,7200,7200,1800,0.2,0,0.0,1.0,0.8,60,720,0.2,0,60,60,0,0,1.0,1.0,0,0,,,720,0.2,0,0.0,480,1275.0,1275.0,1275.0,0,0.0
collision_same_service_10pct,correlation_id_only_ablation,9945,600,24,0.25,1500,0,0,60,0,0,0,0,0,600,3600,3600,3600,540,540,480,0.8,0.8,0.8888888888888888,0.8,0.8421052631578948,1.0,9000,11160,9000,0,0.0,2160,0.1935483870967742,0.8064516129032258,1.0,60,720,0.2,60,60,60,0,0,1.0,1.0,0,0,,,0,0.0,0,0.0,480,1275.0,1275.0,1275.0,0,0.0
collision_same_service_10pct,naive_temporal_window,9945,600,24,0.25,1500,0,0,60,0,0,0,0,0,600,3600,3600,3600,600,600,446,0.7433333333333333,0.7433333333333333,0.7433333333333333,0.7433333333333333,0.7433333333333333,0.9358333333333333,9000,9693,8307,693,0.077,1386,0.14298978644382543,0.8570102135561746,0.923,77,693,0.1925,77,77,77,0,0,1.0,1.0,0,0,,,0,0.0,0,0.0,446,1275.0,1275.0,1275.0,0,0.0
collision_cross_service_5pct,strict_service_plus_correlation,9945,600,24,0.25,1500,0,0,30,0,0,0,0,0,600,3600,3600,3600,600,600,600,1.0,1.0,1.0,1.0,1.0,1.0,9000,9000,9000,0,0.0,0,0.0,1.0,1.0,0,0,0.0,0,0,0,0,0,,,0,0,,,0,0.0,0,0.0,600,1275.0,1275.0,1275.0,0,0.0
collision_cross_service_5pct,correlation_id_only_ablation,9945,600,24,0.25,1500,0,0,30,0,0,0,0,0,600,3600,3600,3600,570,570,540,0.9,0.9,0.9473684210526315,0.9,0.9230769230769231,1.0,9000,10080,9000,0,0.0,1080,0.10714285714285714,0.8928571428571429,1.0,30,360,0.1,30,30,30,0,0,1.0,1.0,0,0,,,0,0.0,0,0.0,540,1275.0,1275.0,1275.0,0,0.0
collision_cross_service_5pct,naive_temporal_window,9945,600,24,0.25,1500,0,0,30,0,0,0,0,0,600,3600,3600,3600,600,600,446,0.7433333333333333,0.7433333333333333,0.7433333333333333,0.7433333333333333,0.7433333333333333,0.9358333333333333,9000,9693,8307,693,0.077,1386,0.14298978644382543,0.8570102135561746,0.923,77,693,0.1925,77,77,77,0,0,1.0,1.0,0,0,,,0,0.0,0,0.0,446,1275.0,1275.0,1275.0,0,0.0
duplicate_exact_10pct,strict_service_plus_correlation,9945,600,24,0.25,1500,0,0,0,360,0,0,0,0,600,3600,3600,3960,600,600,600,1.0,1.0,1.0,1.0,1.0,1.0,9000,9000,9000,0,0.0,0,0.0,1.0,1.0,0,0,0.0,0,0,0,0,0,,,0,0,,,0,0.0,360,0.09090909090909091,600,1275.0,1275.0,1275.0,0,0.0
duplicate_exact_10pct,correlation_id_only_ablation,9945,600,24,0.25,1500,0,0,0,360,0,0,0,0,600,3600,3600,3960,600,600,600,1.0,1.0,1.0,1.0,1.0,1.0,9000,9000,9000,0,0.0,0,0.0,1.0,1.0,0,0,0.0,0,0,0,0,0,,,0,0,,,0,0.0,360,0.09090909090909091,600,1275.0,1275.0,1275.0,0,0.0
duplicate_exact_10pct,naive_temporal_window,9945,600,24,0.25,1500,0,0,0,360,0,0,0,0,600,3600,3600,3960,600,600,446,0.7433333333333333,0.7433333333333333,0.7433333333333333,0.7433333333333333,0.7433333333333333,0.9358333333333333,9000,9693,8307,693,0.077,1386,0.14298978644382543,0.8570102135561746,0.923,77,693,0.1925,77,77,77,0,0,1.0,1.0,0,0,,,0,0.0,360,0.09090909090909091,446,1275.0,1275.0,1275.0,0,0.0
duplicate_source_conflict_5pct,strict_service_plus_correlation,9945,600,24,0.25,1500,0,0,0,0,180,0,0,0,600,3600,3600,3780,960,600,438,0.73,0.73,0.73,0.73,0.7299999999999999,0.95,9000,8118,8118,882,0.098,0,0.0,1.0,0.902,0,0,0.0,0,0,0,0,0,,,180,180,1.0,1.0,360,0.09523809523809523,0,0.0,438,1275.0,1275.0,1275.0,0,0.0
duplicate_source_conflict_5pct,correlation_id_only_ablation,9945,600,24,0.25,1500,0,0,0,0,180,0,0,0,600,3600,3600,3780,600,600,438,0.73,0.73,0.73,0.73,0.7299999999999999,1.0,9000,10098,9000,0,0.0,1098,0.10873440285204991,0.8912655971479501,1.0,0,0,0.0,0,162,0,162,0,0.0,,180,180,1.0,1.0,0,0.0,0,0.0,438,1275.0,1275.0,1275.0,0,0.0
duplicate_source_conflict_5pct,naive_temporal_window,9945,600,24,0.25,1500,0,0,0,0,180,0,0,0,600,3600,3600,3780,600,600,330,0.55,0.55,0.55,0.55,0.55,0.9358333333333333,9000,10876,8307,693,0.077,2569,0.23620816476645826,0.7637918352335418,0.923,77,693,0.1925,77,204,77,127,0,0.37745098039215685,1.0,180,180,1.0,1.0,0,0.0,0,0.0,330,1275.0,1275.0,1275.0,0,0.0
clock_skew_random_10pct_5s,strict_service_plus_correlation,9945,600,24,0.25,1500,0,0,0,0,0,360,0,0,600,3600,3600,3600,2010,318,318,0.53,0.53,1.0,0.53,0.6928104575163399,0.6083333333333333,9000,4770,4770,4230,0.47,0,0.0,1.0,0.53,0,0,0.0,0,282,0,282,0,0.0,,0,0,,,1692,0.47,0,0.0,318,1275.0,1275.0,1275.0,0,0.0
clock_skew_random_10pct_5s,correlation_id_only_ablation,9945,600,24,0.25,1500,0,0,0,0,0,360,0,0,600,3600,3600,3600,600,600,600,1.0,1.0,1.0,1.0,1.0,1.0,9000,9000,9000,0,0.0,0,0.0,1.0,1.0,0,0,0.0,0,282,0,282,0,0.0,,0,0,,,0,0.0,0,0.0,600,1275.0,1275.0,1275.0,0,0.0
clock_skew_random_10pct_5s,naive_temporal_window,9945,600,24,0.25,1500,0,0,0,0,0,360,0,0,600,3600,3600,3600,871,671,236,0.3933333333333333,0.3933333333333333,0.35171385991058124,0.3933333333333333,0.3713611329661684,0.8491666666666666,9000,8004,6788,2212,0.2457777777777778,1216,0.1519240379810095,0.8480759620189905,0.7542222222222222,120,728,0.20222222222222222,120,98,98,0,22,1.0,0.8166666666666667,0,0,,,0,0.0,0,0.0,236,1275.0,1275.0,1275.0,0,0.0
late_arrival_10pct_30s,strict_service_plus_correlation,9945,600,24,0.25,1500,0,0,0,0,0,0,360,0,600,3600,3600,3600,600,600,600,1.0,1.0,1.0,1.0,1.0,1.0,9000,9000,9000,0,0.0,0,0.0,1.0,1.0,0,0,0.0,0,0,0,0,0,,,0,0,,,0,0.0,0,0.0,600,1275.0,31275.0,31275.0,134016,0.020687227933685284
late_arrival_10pct_30s,correlation_id_only_ablation,9945,600,24,0.25,1500,0,0,0,0,0,0,360,0,600,3600,3600,3600,600,600,600,1.0,1.0,1.0,1.0,1.0,1.0,9000,9000,9000,0,0.0,0,0.0,1.0,1.0,0,0,0.0,0,0,0,0,0,,,0,0,,,0,0.0,0,0.0,600,1275.0,31275.0,31275.0,134016,0.020687227933685284
late_arrival_10pct_30s,naive_temporal_window,9945,600,24,0.25,1500,0,0,0,0,0,0,360,0,600,3600,3600,3600,600,600,446,0.7433333333333333,0.7433333333333333,0.7433333333333333,0.7433333333333333,0.7433333333333333,0.9358333333333333,9000,9693,8307,693,0.077,1386,0.14298978644382543,0.8570102135561746,0.923,77,693,0.1925,77,77,77,0,0,1.0,1.0,0,0,,,0,0.0,0,0.0,446,1275.0,31275.0,31275.0,134016,0.020687227933685284
out_of_order_jitter_3s,strict_service_plus_correlation,9945,600,24,0.25,1500,0,0,0,0,0,0,0,3600,600,3600,3600,3600,600,600,600,1.0,1.0,1.0,1.0,1.0,1.0,9000,9000,9000,0,0.0,0,0.0,1.0,1.0,0,0,0.0,0,0,0,0,0,,,0,0,,,0,0.0,0,0.0,600,3428.0,4152.4,4269.0,94082,0.014522861288629558
out_of_order_jitter_3s,correlation_id_only_ablation,9945,600,24,0.25,1500,0,0,0,0,0,0,0,3600,600,3600,3600,3600,600,600,600,1.0,1.0,1.0,1.0,1.0,1.0,9000,9000,9000,0,0.0,0,0.0,1.0,1.0,0,0,0.0,0,0,0,0,0,,,0,0,,,0,0.0,0,0.0,600,3428.0,4152.4,4269.0,94082,0.014522861288629558
out_of_order_jitter_3s,naive_temporal_window,9945,600,24,0.25,1500,0,0,0,0,0,0,0,3600,600,3600,3600,3600,600,600,446,0.7433333333333333,0.7433333333333333,0.7433333333333333,0.7433333333333333,0.7433333333333333,0.9358333333333333,9000,9693,8307,693,0.077,1386,0.14298978644382543,0.8570102135561746,0.923,77,693,0.1925,77,77,77,0,0,1.0,1.0,0,0,,,0,0.0,0,0.0,446,3415.5,4172.25,4269.0,94082,0.014522861288629558
compound_adversarial,strict_service_plus_correlation,9945,600,24,0.25,1500,360,0,30,0,0,0,360,3600,600,3600,3600,3600,1225,540,295,0.49166666666666664,0.49166666666666664,0.5462962962962963,0.49166666666666664,0.5175438596491228,0.8263888888888888,9000,6569,6569,2431,0.27011111111111114,0,0.0,1.0,0.7298888888888889,30,325,0.09027777777777778,0,30,30,0,0,1.0,1.0,0,0,,,685,0.19027777777777777,0,0.0,295,4020.0,33641.0,34209.0,206717,0.03190963539254731
compound_adversarial,correlation_id_only_ablation,9945,600,24,0.25,1500,360,0,30,0,0,0,360,3600,600,3600,3600,3600,930,570,295,0.49166666666666664,0.49166666666666664,0.5175438596491229,0.49166666666666664,0.5042735042735043,0.9,9000,8183,7301,1699,0.18877777777777777,882,0.10778443113772455,0.8922155688622755,0.8112222222222222,30,325,0.09027777777777778,30,30,30,0,0,1.0,1.0,0,0,,,360,0.1,0,0.0,295,4020.0,33641.0,34209.0,206717,0.03190963539254731
compound_adversarial,naive_temporal_window,9945,600,24,0.25,1500,360,0,30,0,0,0,360,3600,600,3600,3600,3600,600,600,446,0.7433333333333333,0.7433333333333333,0.7433333333333333,0.7433333333333333,0.7433333333333333,0.9358333333333333,9000,9693,8307,693,0.077,1386,0.14298978644382543,0.8570102135561746,0.923,77,693,0.1925,77,77,77,0,0,1.0,1.0,0,0,,,0,0.0,0,0.0,446,4107.5,33714.75,34230.0,206717,0.03190963539254731
control,strict_service_plus_correlation,10046,600,24,0.25,1500,0,0,0,0,0,0,0,0,600,3600,3600,3600,600,600,600,1.0,1.0,1.0,1.0,1.0,1.0,9000,9000,9000,0,0.0,0,0.0,1.0,1.0,0,0,0.0,0,0,0,0,0,,,0,0,,,0,0.0,0,0.0,600,1275.0,1275.0,1275.0,0,0.0
control,correlation_id_only_ablation,10046,600,24,0.25,1500,0,0,0,0,0,0,0,0,600,3600,3600,3600,600,600,600,1.0,1.0,1.0,1.0,1.0,1.0,9000,9000,9000,0,0.0,0,0.0,1.0,1.0,0,0,0.0,0,0,0,0,0,,,0,0,,,0,0.0,0,0.0,600,1275.0,1275.0,1275.0,0,0.0
control,naive_temporal_window,10046,600,24,0.25,1500,0,0,0,0,0,0,0,0,600,3600,3600,3600,600,600,446,0.7433333333333333,0.7433333333333333,0.7433333333333333,0.7433333333333333,0.7433333333333333,0.9358333333333333,9000,9693,8307,693,0.077,1386,0.14298978644382543,0.8570102135561746,0.923,77,693,0.1925,77,77,77,0,0,1.0,1.0,0,0,,,0,0.0,0,0.0,446,1275.0,1275.0,1275.0,0,0.0
missing_random_1pct,strict_service_plus_correlation,10046,600,24,0.25,1500,36,0,0,0,0,0,0,0,600,3600,3600,3600,636,600,566,0.9433333333333334,0.9433333333333334,0.9433333333333334,0.9433333333333334,0.9433333333333332,0.99,9000,8822,8822,178,0.019777777777777776,0,0.0,1.0,0.9802222222222222,0,0,0.0,0,0,0,0,0,,,0,0,,,36,0.01,0,0.0,566,1275.0,1275.0,1275.0,0,0.0
missing_random_1pct,correlation_id_only_ablation,10046,600,24,0.25,1500,36,0,0,0,0,0,0,0,600,3600,3600,3600,636,600,566,0.9433333333333334,0.9433333333333334,0.9433333333333334,0.9433333333333334,0.9433333333333332,0.99,9000,8822,8822,178,0.019777777777777776,0,0.0,1.0,0.9802222222222222,0,0,0.0,0,0,0,0,0,,,0,0,,,36,0.01,0,0.0,566,1275.0,1275.0,1275.0,0,0.0
missing_random_1pct,naive_temporal_window,10046,600,24,0.25,1500,36,0,0,0,0,0,0,0,600,3600,3600,3600,600,600,446,0.7433333333333333,0.7433333333333333,0.7433333333333333,0.7433333333333333,0.7433333333333333,0.9358333333333333,9000,9693,8307,693,0.077,1386,0.14298978644382543,0.8570102135561746,0.923,77,693,0.1925,77,77,77,0,0,1.0,1.0,0,0,,,0,0.0,0,0.0,446,1275.0,1275.0,1275.0,0,0.0
missing_random_5pct,strict_service_plus_correlation,10046,600,24,0.25,1500,180,0,0,0,0,0,0,0,600,3600,3600,3600,780,600,435,0.725,0.725,0.725,0.725,0.7250000000000001,0.95,9000,8116,8116,884,0.09822222222222222,0,0.0,1.0,0.9017777777777778,0,0,0.0,0,0,0,0,0,,,0,0,,,180,0.05,0,0.0,435,1275.0,1275.0,1275.0,0,0.0
missing_random_5pct,correlation_id_only_ablation,10046,600,24,0.25,1500,180,0,0,0,0,0,0,0,600,3600,3600,3600,780,600,435,0.725,0.725,0.725,0.725,0.7250000000000001,0.95,9000,8116,8116,884,0.09822222222222222,0,0.0,1.0,0.9017777777777778,0,0,0.0,0,0,0,0,0,,,0,0,,,180,0.05,0,0.0,435,1275.0,1275.0,1275.0,0,0.0
missing_random_5pct,naive_temporal_window,10046,600,24,0.25,1500,180,0,0,0,0,0,0,0,600,3600,3600,3600,600,600,446,0.7433333333333333,0.7433333333333333,0.7433333333333333,0.7433333333333333,0.7433333333333333,0.9358333333333333,9000,9693,8307,693,0.077,1386,0.14298978644382543,0.8570102135561746,0.923,77,693,0.1925,77,77,77,0,0,1.0,1.0,0,0,,,0,0.0,0,0.0,446,1275.0,1275.0,1275.0,0,0.0
missing_random_10pct,strict_service_plus_correlation,10046,600,24,0.25,1500,360,0,0,0,0,0,0,0,600,3600,3600,3600,960,600,317,0.5283333333333333,0.5283333333333333,0.5283333333333333,0.5283333333333333,0.5283333333333333,0.9,9000,7288,7288,1712,0.1902222222222222,0,0.0,1.0,0.8097777777777778,0,0,0.0,0,0,0,0,0,,,0,0,,,360,0.1,0,0.0,317,1275.0,1275.0,1275.0,0,0.0
missing_random_10pct,correlation_id_only_ablation,10046,600,24,0.25,1500,360,0,0,0,0,0,0,0,600,3600,3600,3600,960,600,317,0.5283333333333333,0.5283333333333333,0.5283333333333333,0.5283333333333333,0.5283333333333333,0.9,9000,7288,7288,1712,0.1902222222222222,0,0.0,1.0,0.8097777777777778,0,0,0.0,0,0,0,0,0,,,0,0,,,360,0.1,0,0.0,317,1275.0,1275.0,1275.0,0,0.0
missing_random_10pct,naive_temporal_window,10046,600,24,0.25,1500,360,0,0,0,0,0,0,0,600,3600,3600,3600,600,600,446,0.7433333333333333,0.7433333333333333,0.7433333333333333,0.7433333333333333,0.7433333333333333,0.9358333333333333,9000,9693,8307,693,0.077,1386,0.14298978644382543,0.8570102135561746,0.923,77,693,0.1925,77,77,77,0,0,1.0,1.0,0,0,,,0,0.0,0,0.0,446,1275.0,1275.0,1275.0,0,0.0
missing_random_20pct,strict_service_plus_correlation,10046,600,24,0.25,1500,720,0,0,0,0,0,0,0,600,3600,3600,3600,1320,597,146,0.24333333333333335,0.24333333333333335,0.24455611390284757,0.24333333333333335,0.24394319131161238,0.8,9000,5754,5754,3246,0.3606666666666667,0,0.0,1.0,0.6393333333333333,0,0,0.0,0,0,0,0,0,,,0,0,,,720,0.2,0,0.0,146,1275.0,1275.0,1275.0,0,0.0
missing_random_20pct,correlation_id_only_ablation,10046,600,24,0.25,1500,720,0,0,0,0,0,0,0,600,3600,3600,3600,1320,597,146,0.24333333333333335,0.24333333333333335,0.24455611390284757,0.24333333333333335,0.24394319131161238,0.8,9000,5754,5754,3246,0.3606666666666667,0,0.0,1.0,0.6393333333333333,0,0,0.0,0,0,0,0,0,,,0,0,,,720,0.2,0,0.0,146,1275.0,1275.0,1275.0,0,0.0
missing_random_20pct,naive_temporal_window,10046,600,24,0.25,1500,720,0,0,0,0,0,0,0,600,3600,3600,3600,600,600,446,0.7433333333333333,0.7433333333333333,0.7433333333333333,0.7433333333333333,0.7433333333333333,0.9358333333333333,9000,9693,8307,693,0.077,1386,0.14298978644382543,0.8570102135561746,0.923,77,693,0.1925,77,77,77,0,0,1.0,1.0,0,0,,,0,0.0,0,0.0,446,1275.0,1275.0,1275.0,0,0.0
wrong_id_same_service_1pct,strict_service_plus_correlation,10046,600,24,0.25,1500,0,36,0,0,0,0,0,0,600,3600,3600,3600,811,564,533,0.8883333333333333,0.8883333333333333,0.9450354609929078,0.8883333333333333,0.915807560137457,0.9413888888888889,9000,8305,8305,695,0.07722222222222222,0,0.0,1.0,0.9227777777777778,36,247,0.06861111111111111,0,36,36,0,0,1.0,1.0,0,0,,,247,0.06861111111111111,0,0.0,533,1275.0,1275.0,1275.0,0,0.0
wrong_id_same_service_1pct,correlation_id_only_ablation,10046,600,24,0.25,1500,0,36,0,0,0,0,0,0,600,3600,3600,3600,600,600,533,0.8883333333333333,0.8883333333333333,0.8883333333333333,0.8883333333333333,0.8883333333333333,0.99,9000,9031,8820,180,0.02,211,0.023363968552762706,0.9766360314472373,0.98,36,247,0.06861111111111111,36,36,36,0,0,1.0,1.0,0,0,,,0,0.0,0,0.0,533,1275.0,1275.0,1275.0,0,0.0
wrong_id_same_service_1pct,naive_temporal_window,10046,600,24,0.25,1500,0,36,0,0,0,0,0,0,600,3600,3600,3600,600,600,446,0.7433333333333333,0.7433333333333333,0.7433333333333333,0.7433333333333333,0.7433333333333333,0.9358333333333333,9000,9693,8307,693,0.077,1386,0.14298978644382543,0.8570102135561746,0.923,77,693,0.1925,77,77,77,0,0,1.0,1.0,0,0,,,0,0.0,0,0.0,446,1275.0,1275.0,1275.0,0,0.0
wrong_id_same_service_5pct,strict_service_plus_correlation,10046,600,24,0.25,1500,0,180,0,0,0,0,0,0,600,3600,3600,3600,1516,444,326,0.5433333333333333,0.5433333333333333,0.7342342342342343,0.5433333333333333,0.6245210727969349,0.7455555555555555,9000,5999,5999,3001,0.33344444444444443,0,0.0,1.0,0.6665555555555556,156,1072,0.29777777777777775,0,156,156,0,0,1.0,1.0,0,0,,,1072,0.29777777777777775,0,0.0,326,1275.0,1275.0,1275.0,0,0.0
wrong_id_same_service_5pct,correlation_id_only_ablation,10046,600,24,0.25,1500,0,180,0,0,0,0,0,0,600,3600,3600,3600,600,600,326,0.5433333333333333,0.5433333333333333,0.5433333333333333,0.5433333333333333,0.5433333333333333,0.95,9000,9178,8127,873,0.097,1051,0.11451296578775333,0.8854870342122467,0.903,156,1072,0.29777777777777775,156,156,156,0,0,1.0,1.0,0,0,,,0,0.0,0,0.0,326,1275.0,1275.0,1275.0,0,0.0
wrong_id_same_service_5pct,naive_temporal_window,10046,600,24,0.25,1500,0,180,0,0,0,0,0,0,600,3600,3600,3600,600,600,446,0.7433333333333333,0.7433333333333333,0.7433333333333333,0.7433333333333333,0.7433333333333333,0.9358333333333333,9000,9693,8307,693,0.077,1386,0.14298978644382543,0.8570102135561746,0.923,77,693,0.1925,77,77,77,0,0,1.0,1.0,0,0,,,0,0.0,0,0.0,446,1275.0,1275.0,1275.0,0,0.0
wrong_id_same_service_10pct,strict_service_plus_correlation,10046,600,24,0.25,1500,0,360,0,0,0,0,0,0,600,3600,3600,3600,2150,329,176,0.29333333333333333,0.29333333333333333,0.5349544072948328,0.29333333333333333,0.3789020452099031,0.5694444444444444,9000,4008,4008,4992,0.5546666666666666,0,0.0,1.0,0.44533333333333336,271,1821,0.5058333333333334,0,271,271,0,0,1.0,1.0,0,0,,,1821,0.5058333333333334,0,0.0,176,1275.0,1275.0,1275.0,0,0.0
wrong_id_same_service_10pct,correlation_id_only_ablation,10046,600,24,0.25,1500,0,360,0,0,0,0,0,0,600,3600,3600,3600,600,600,176,0.29333333333333333,0.29333333333333333,0.29333333333333333,0.29333333333333333,0.29333333333333333,0.9,9000,9336,7291,1709,0.18988888888888888,2045,0.219044558697515,0.780955441302485,0.8101111111111111,271,1821,0.5058333333333334,271,271,271,0,0,1.0,1.0,0,0,,,0,0.0,0,0.0,176,1275.0,1275.0,1275.0,0,0.0
wrong_id_same_service_10pct,naive_temporal_window,10046,600,24,0.25,1500,0,360,0,0,0,0,0,0,600,3600,3600,3600,600,600,446,0.7433333333333333,0.7433333333333333,0.7433333333333333,0.7433333333333333,0.7433333333333333,0.9358333333333333,9000,9693,8307,693,0.077,1386,0.14298978644382543,0.8570102135561746,0.923,77,693,0.1925,77,77,77,0,0,1.0,1.0,0,0,,,0,0.0,0,0.0,446,1275.0,1275.0,1275.0,0,0.0
wrong_id_same_service_20pct,strict_service_plus_correlation,10046,600,24,0.25,1500,0,720,0,0,0,0,0,0,600,3600,3600,3600,2965,168,34,0.056666666666666664,0.056666666666666664,0.20238095238095238,0.056666666666666664,0.08854166666666667,0.34305555555555556,9000,1584,1584,7416,0.824,0,0.0,1.0,0.176,432,2797,0.7769444444444444,0,432,432,0,0,1.0,1.0,0,0,,,2797,0.7769444444444444,0,0.0,34,1275.0,1275.0,1275.0,0,0.0
wrong_id_same_service_20pct,correlation_id_only_ablation,10046,600,24,0.25,1500,0,720,0,0,0,0,0,0,600,3600,3600,3600,600,600,34,0.056666666666666664,0.056666666666666664,0.056666666666666664,0.056666666666666664,0.056666666666666664,0.8,9000,9616,5756,3244,0.36044444444444446,3860,0.401414309484193,0.598585690515807,0.6395555555555555,432,2797,0.7769444444444444,432,432,432,0,0,1.0,1.0,0,0,,,0,0.0,0,0.0,34,1275.0,1275.0,1275.0,0,0.0
wrong_id_same_service_20pct,naive_temporal_window,10046,600,24,0.25,1500,0,720,0,0,0,0,0,0,600,3600,3600,3600,600,600,446,0.7433333333333333,0.7433333333333333,0.7433333333333333,0.7433333333333333,0.7433333333333333,0.9358333333333333,9000,9693,8307,693,0.077,1386,0.14298978644382543,0.8570102135561746,0.923,77,693,0.1925,77,77,77,0,0,1.0,1.0,0,0,,,0,0.0,0,0.0,446,1275.0,1275.0,1275.0,0,0.0
missing_plane_deployment,strict_service_plus_correlation,10046,600,24,0.25,1500,600,0,0,0,0,0,0,0,600,3600,3600,3600,1200,600,0,0.0,0.0,0.0,0.0,0.0,0.8333333333333334,9000,6000,6000,3000,0.3333333333333333,0,0.0,1.0,0.6666666666666666,0,0,0.0,0,0,0,0,0,,,0,0,,,600,0.16666666666666666,0,0.0,0,,,,0,0.0
missing_plane_deployment,correlation_id_only_ablation,10046,600,24,0.25,1500,600,0,0,0,0,0,0,0,600,3600,3600,3600,1200,600,0,0.0,0.0,0.0,0.0,0.0,0.8333333333333334,9000,6000,6000,3000,0.3333333333333333,0,0.0,1.0,0.6666666666666666,0,0,0.0,0,0,0,0,0,,,0,0,,,600,0.16666666666666666,0,0.0,0,,,,0,0.0
missing_plane_deployment,naive_temporal_window,10046,600,24,0.25,1500,600,0,0,0,0,0,0,0,600,3600,3600,3600,600,600,446,0.7433333333333333,0.7433333333333333,0.7433333333333333,0.7433333333333333,0.7433333333333333,0.9358333333333333,9000,9693,8307,693,0.077,1386,0.14298978644382543,0.8570102135561746,0.923,77,693,0.1925,77,77,77,0,0,1.0,1.0,0,0,,,0,0.0,0,0.0,446,1275.0,1275.0,1275.0,0,0.0
missing_plane_identity,strict_service_plus_correlation,10046,600,24,0.25,1500,600,0,0,0,0,0,0,0,600,3600,3600,3600,1200,600,0,0.0,0.0,0.0,0.0,0.0,0.8333333333333334,9000,6000,6000,3000,0.3333333333333333,0,0.0,1.0,0.6666666666666666,0,0,0.0,0,0,0,0,0,,,0,0,,,600,0.16666666666666666,0,0.0,0,,,,0,0.0
missing_plane_identity,correlation_id_only_ablation,10046,600,24,0.25,1500,600,0,0,0,0,0,0,0,600,3600,3600,3600,1200,600,0,0.0,0.0,0.0,0.0,0.0,0.8333333333333334,9000,6000,6000,3000,0.3333333333333333,0,0.0,1.0,0.6666666666666666,0,0,0.0,0,0,0,0,0,,,0,0,,,600,0.16666666666666666,0,0.0,0,,,,0,0.0
missing_plane_identity,naive_temporal_window,10046,600,24,0.25,1500,600,0,0,0,0,0,0,0,600,3600,3600,3600,600,600,446,0.7433333333333333,0.7433333333333333,0.7433333333333333,0.7433333333333333,0.7433333333333333,0.9358333333333333,9000,9693,8307,693,0.077,1386,0.14298978644382543,0.8570102135561746,0.923,77,693,0.1925,77,77,77,0,0,1.0,1.0,0,0,,,0,0.0,0,0.0,446,1275.0,1275.0,1275.0,0,0.0
missing_plane_policy,strict_service_plus_correlation,10046,600,24,0.25,1500,600,0,0,0,0,0,0,0,600,3600,3600,3600,1200,600,0,0.0,0.0,0.0,0.0,0.0,0.8333333333333334,9000,6000,6000,3000,0.3333333333333333,0,0.0,1.0,0.6666666666666666,0,0,0.0,0,0,0,0,0,,,0,0,,,600,0.16666666666666666,0,0.0,0,,,,0,0.0
missing_plane_policy,correlation_id_only_ablation,10046,600,24,0.25,1500,600,0,0,0,0,0,0,0,600,3600,3600,3600,1200,600,0,0.0,0.0,0.0,0.0,0.0,0.8333333333333334,9000,6000,6000,3000,0.3333333333333333,0,0.0,1.0,0.6666666666666666,0,0,0.0,0,0,0,0,0,,,0,0,,,600,0.16666666666666666,0,0.0,0,,,,0,0.0
missing_plane_policy,naive_temporal_window,10046,600,24,0.25,1500,600,0,0,0,0,0,0,0,600,3600,3600,3600,600,600,446,0.7433333333333333,0.7433333333333333,0.7433333333333333,0.7433333333333333,0.7433333333333333,0.9358333333333333,9000,9693,8307,693,0.077,1386,0.14298978644382543,0.8570102135561746,0.923,77,693,0.1925,77,77,77,0,0,1.0,1.0,0,0,,,0,0.0,0,0.0,446,1275.0,1275.0,1275.0,0,0.0
missing_plane_telemetry,strict_service_plus_correlation,10046,600,24,0.25,1500,600,0,0,0,0,0,0,0,600,3600,3600,3600,1200,600,0,0.0,0.0,0.0,0.0,0.0,0.8333333333333334,9000,6000,6000,3000,0.3333333333333333,0,0.0,1.0,0.6666666666666666,0,0,0.0,0,0,0,0,0,,,0,0,,,600,0.16666666666666666,0,0.0,0,,,,0,0.0
missing_plane_telemetry,correlation_id_only_ablation,10046,600,24,0.25,1500,600,0,0,0,0,0,0,0,600,3600,3600,3600,1200,600,0,0.0,0.0,0.0,0.0,0.0,0.8333333333333334,9000,6000,6000,3000,0.3333333333333333,0,0.0,1.0,0.6666666666666666,0,0,0.0,0,0,0,0,0,,,0,0,,,600,0.16666666666666666,0,0.0,0,,,,0,0.0
missing_plane_telemetry,naive_temporal_window,10046,600,24,0.25,1500,600,0,0,0,0,0,0,0,600,3600,3600,3600,600,600,446,0.7433333333333333,0.7433333333333333,0.7433333333333333,0.7433333333333333,0.7433333333333333,0.9358333333333333,9000,9693,8307,693,0.077,1386,0.14298978644382543,0.8570102135561746,0.923,77,693,0.1925,77,77,77,0,0,1.0,1.0,0,0,,,0,0.0,0,0.0,446,1275.0,1275.0,1275.0,0,0.0
missing_plane_incident,strict_service_plus_correlation,10046,600,24,0.25,1500,600,0,0,0,0,0,0,0,600,3600,3600,3600,1200,600,0,0.0,0.0,0.0,0.0,0.0,0.8333333333333334,9000,6000,6000,3000,0.3333333333333333,0,0.0,1.0,0.6666666666666666,0,0,0.0,0,0,0,0,0,,,0,0,,,600,0.16666666666666666,0,0.0,0,,,,0,0.0
missing_plane_incident,correlation_id_only_ablation,10046,600,24,0.25,1500,600,0,0,0,0,0,0,0,600,3600,3600,3600,1200,600,0,0.0,0.0,0.0,0.0,0.0,0.8333333333333334,9000,6000,6000,3000,0.3333333333333333,0,0.0,1.0,0.6666666666666666,0,0,0.0,0,0,0,0,0,,,0,0,,,600,0.16666666666666666,0,0.0,0,,,,0,0.0
missing_plane_incident,naive_temporal_window,10046,600,24,0.25,1500,600,0,0,0,0,0,0,0,600,3600,3600,3600,600,600,446,0.7433333333333333,0.7433333333333333,0.7433333333333333,0.7433333333333333,0.7433333333333333,0.9358333333333333,9000,9693,8307,693,0.077,1386,0.14298978644382543,0.8570102135561746,0.923,77,693,0.1925,77,77,77,0,0,1.0,1.0,0,0,,,0,0.0,0,0.0,446,1275.0,1275.0,1275.0,0,0.0
missing_plane_recovery,strict_service_plus_correlation,10046,600,24,0.25,1500,600,0,0,0,0,0,0,0,600,3600,3600,3600,1200,600,0,0.0,0.0,0.0,0.0,0.0,0.8333333333333334,9000,6000,6000,3000,0.3333333333333333,0,0.0,1.0,0.6666666666666666,0,0,0.0,0,0,0,0,0,,,0,0,,,600,0.16666666666666666,0,0.0,0,,,,0,0.0
missing_plane_recovery,correlation_id_only_ablation,10046,600,24,0.25,1500,600,0,0,0,0,0,0,0,600,3600,3600,3600,1200,600,0,0.0,0.0,0.0,0.0,0.0,0.8333333333333334,9000,6000,6000,3000,0.3333333333333333,0,0.0,1.0,0.6666666666666666,0,0,0.0,0,0,0,0,0,,,0,0,,,600,0.16666666666666666,0,0.0,0,,,,0,0.0
missing_plane_recovery,naive_temporal_window,10046,600,24,0.25,1500,600,0,0,0,0,0,0,0,600,3600,3600,3600,600,600,446,0.7433333333333333,0.7433333333333333,0.7433333333333333,0.7433333333333333,0.7433333333333333,0.9358333333333333,9000,9693,8307,693,0.077,1386,0.14298978644382543,0.8570102135561746,0.923,77,693,0.1925,77,77,77,0,0,1.0,1.0,0,0,,,0,0.0,0,0.0,446,1275.0,1275.0,1275.0,0,0.0
collision_same_service_1pct,strict_service_plus_correlation,10046,600,24,0.25,1500,0,0,6,0,0,0,0,0,600,3600,3600,3600,660,588,588,0.98,0.98,1.0,0.98,0.98989898989899,0.9833333333333333,9000,8820,8820,180,0.02,0,0.0,1.0,0.98,6,72,0.02,0,6,6,0,0,1.0,1.0,0,0,,,72,0.02,0,0.0,588,1275.0,1275.0,1275.0,0,0.0
collision_same_service_1pct,correlation_id_only_ablation,10046,600,24,0.25,1500,0,0,6,0,0,0,0,0,600,3600,3600,3600,594,594,588,0.98,0.98,0.98989898989899,0.98,0.9849246231155778,1.0,9000,9216,9000,0,0.0,216,0.0234375,0.9765625,1.0,6,72,0.02,6,6,6,0,0,1.0,1.0,0,0,,,0,0.0,0,0.0,588,1275.0,1275.0,1275.0,0,0.0
collision_same_service_1pct,naive_temporal_window,10046,600,24,0.25,1500,0,0,6,0,0,0,0,0,600,3600,3600,3600,600,600,446,0.7433333333333333,0.7433333333333333,0.7433333333333333,0.7433333333333333,0.7433333333333333,0.9358333333333333,9000,9693,8307,693,0.077,1386,0.14298978644382543,0.8570102135561746,0.923,77,693,0.1925,77,77,77,0,0,1.0,1.0,0,0,,,0,0.0,0,0.0,446,1275.0,1275.0,1275.0,0,0.0
collision_same_service_5pct,strict_service_plus_correlation,10046,600,24,0.25,1500,0,0,30,0,0,0,0,0,600,3600,3600,3600,900,540,540,0.9,0.9,1.0,0.9,0.9473684210526316,0.9166666666666666,9000,8100,8100,900,0.1,0,0.0,1.0,0.9,30,360,0.1,0,30,30,0,0,1.0,1.0,0,0,,,360,0.1,0,0.0,540,1275.0,1275.0,1275.0,0,0.0
collision_same_service_5pct,correlation_id_only_ablation,10046,600,24,0.25,1500,0,0,30,0,0,0,0,0,600,3600,3600,3600,570,570,540,0.9,0.9,0.9473684210526315,0.9,0.9230769230769231,1.0,9000,10080,9000,0,0.0,1080,0.10714285714285714,0.8928571428571429,1.0,30,360,0.1,30,30,30,0,0,1.0,1.0,0,0,,,0,0.0,0,0.0,540,1275.0,1275.0,1275.0,0,0.0
collision_same_service_5pct,naive_temporal_window,10046,600,24,0.25,1500,0,0,30,0,0,0,0,0,600,3600,3600,3600,600,600,446,0.7433333333333333,0.7433333333333333,0.7433333333333333,0.7433333333333333,0.7433333333333333,0.9358333333333333,9000,9693,8307,693,0.077,1386,0.14298978644382543,0.8570102135561746,0.923,77,693,0.1925,77,77,77,0,0,1.0,1.0,0,0,,,0,0.0,0,0.0,446,1275.0,1275.0,1275.0,0,0.0
collision_same_service_10pct,strict_service_plus_correlation,10046,600,24,0.25,1500,0,0,60,0,0,0,0,0,600,3600,3600,3600,1200,480,480,0.8,0.8,1.0,0.8,0.888888888888889,0.8333333333333334,9000,7200,7200,1800,0.2,0,0.0,1.0,0.8,60,720,0.2,0,60,60,0,0,1.0,1.0,0,0,,,720,0.2,0,0.0,480,1275.0,1275.0,1275.0,0,0.0
collision_same_service_10pct,correlation_id_only_ablation,10046,600,24,0.25,1500,0,0,60,0,0,0,0,0,600,3600,3600,3600,540,540,480,0.8,0.8,0.8888888888888888,0.8,0.8421052631578948,1.0,9000,11160,9000,0,0.0,2160,0.1935483870967742,0.8064516129032258,1.0,60,720,0.2,60,60,60,0,0,1.0,1.0,0,0,,,0,0.0,0,0.0,480,1275.0,1275.0,1275.0,0,0.0
collision_same_service_10pct,naive_temporal_window,10046,600,24,0.25,1500,0,0,60,0,0,0,0,0,600,3600,3600,3600,600,600,446,0.7433333333333333,0.7433333333333333,0.7433333333333333,0.7433333333333333,0.7433333333333333,0.9358333333333333,9000,9693,8307,693,0.077,1386,0.14298978644382543,0.8570102135561746,0.923,77,693,0.1925,77,77,77,0,0,1.0,1.0,0,0,,,0,0.0,0,0.0,446,1275.0,1275.0,1275.0,0,0.0
collision_cross_service_5pct,strict_service_plus_correlation,10046,600,24,0.25,1500,0,0,30,0,0,0,0,0,600,3600,3600,3600,600,600,600,1.0,1.0,1.0,1.0,1.0,1.0,9000,9000,9000,0,0.0,0,0.0,1.0,1.0,0,0,0.0,0,0,0,0,0,,,0,0,,,0,0.0,0,0.0,600,1275.0,1275.0,1275.0,0,0.0
collision_cross_service_5pct,correlation_id_only_ablation,10046,600,24,0.25,1500,0,0,30,0,0,0,0,0,600,3600,3600,3600,570,570,540,0.9,0.9,0.9473684210526315,0.9,0.9230769230769231,1.0,9000,10080,9000,0,0.0,1080,0.10714285714285714,0.8928571428571429,1.0,30,360,0.1,30,30,30,0,0,1.0,1.0,0,0,,,0,0.0,0,0.0,540,1275.0,1275.0,1275.0,0,0.0
collision_cross_service_5pct,naive_temporal_window,10046,600,24,0.25,1500,0,0,30,0,0,0,0,0,600,3600,3600,3600,600,600,446,0.7433333333333333,0.7433333333333333,0.7433333333333333,0.7433333333333333,0.7433333333333333,0.9358333333333333,9000,9693,8307,693,0.077,1386,0.14298978644382543,0.8570102135561746,0.923,77,693,0.1925,77,77,77,0,0,1.0,1.0,0,0,,,0,0.0,0,0.0,446,1275.0,1275.0,1275.0,0,0.0
duplicate_exact_10pct,strict_service_plus_correlation,10046,600,24,0.25,1500,0,0,0,360,0,0,0,0,600,3600,3600,3960,600,600,600,1.0,1.0,1.0,1.0,1.0,1.0,9000,9000,9000,0,0.0,0,0.0,1.0,1.0,0,0,0.0,0,0,0,0,0,,,0,0,,,0,0.0,360,0.09090909090909091,600,1275.0,1275.0,1275.0,0,0.0
duplicate_exact_10pct,correlation_id_only_ablation,10046,600,24,0.25,1500,0,0,0,360,0,0,0,0,600,3600,3600,3960,600,600,600,1.0,1.0,1.0,1.0,1.0,1.0,9000,9000,9000,0,0.0,0,0.0,1.0,1.0,0,0,0.0,0,0,0,0,0,,,0,0,,,0,0.0,360,0.09090909090909091,600,1275.0,1275.0,1275.0,0,0.0
duplicate_exact_10pct,naive_temporal_window,10046,600,24,0.25,1500,0,0,0,360,0,0,0,0,600,3600,3600,3960,600,600,446,0.7433333333333333,0.7433333333333333,0.7433333333333333,0.7433333333333333,0.7433333333333333,0.9358333333333333,9000,9693,8307,693,0.077,1386,0.14298978644382543,0.8570102135561746,0.923,77,693,0.1925,77,77,77,0,0,1.0,1.0,0,0,,,0,0.0,360,0.09090909090909091,446,1275.0,1275.0,1275.0,0,0.0
duplicate_source_conflict_5pct,strict_service_plus_correlation,10046,600,24,0.25,1500,0,0,0,0,180,0,0,0,600,3600,3600,3780,960,600,443,0.7383333333333333,0.7383333333333333,0.7383333333333333,0.7383333333333333,0.7383333333333333,0.95,9000,8125,8125,875,0.09722222222222222,0,0.0,1.0,0.9027777777777778,0,0,0.0,0,0,0,0,0,,,180,180,1.0,1.0,360,0.09523809523809523,0,0.0,443,1275.0,1275.0,1275.0,0,0.0
duplicate_source_conflict_5pct,correlation_id_only_ablation,10046,600,24,0.25,1500,0,0,0,0,180,0,0,0,600,3600,3600,3780,600,600,443,0.7383333333333333,0.7383333333333333,0.7383333333333333,0.7383333333333333,0.7383333333333333,1.0,9000,10105,9000,0,0.0,1105,0.10935180603661554,0.8906481939633845,1.0,0,0,0.0,0,157,0,157,0,0.0,,180,180,1.0,1.0,0,0.0,0,0.0,443,1275.0,1275.0,1275.0,0,0.0
duplicate_source_conflict_5pct,naive_temporal_window,10046,600,24,0.25,1500,0,0,0,0,180,0,0,0,600,3600,3600,3780,600,600,329,0.5483333333333333,0.5483333333333333,0.5483333333333333,0.5483333333333333,0.5483333333333333,0.9358333333333333,9000,10830,8307,693,0.077,2523,0.2329639889196676,0.7670360110803324,0.923,77,693,0.1925,77,210,77,133,0,0.36666666666666664,1.0,180,180,1.0,1.0,0,0.0,0,0.0,329,1275.0,1275.0,1275.0,0,0.0
clock_skew_random_10pct_5s,strict_service_plus_correlation,10046,600,24,0.25,1500,0,0,0,0,0,360,0,0,600,3600,3600,3600,2020,316,316,0.5266666666666666,0.5266666666666666,1.0,0.5266666666666666,0.6899563318777292,0.6055555555555555,9000,4740,4740,4260,0.47333333333333333,0,0.0,1.0,0.5266666666666666,0,0,0.0,0,284,0,284,0,0.0,,0,0,,,1704,0.47333333333333333,0,0.0,316,1275.0,1275.0,1275.0,0,0.0
clock_skew_random_10pct_5s,correlation_id_only_ablation,10046,600,24,0.25,1500,0,0,0,0,0,360,0,0,600,3600,3600,3600,600,600,600,1.0,1.0,1.0,1.0,1.0,1.0,9000,9000,9000,0,0.0,0,0.0,1.0,1.0,0,0,0.0,0,284,0,284,0,0.0,,0,0,,,0,0.0,0,0.0,600,1275.0,1275.0,1275.0,0,0.0
clock_skew_random_10pct_5s,naive_temporal_window,10046,600,24,0.25,1500,0,0,0,0,0,360,0,0,600,3600,3600,3600,884,666,237,0.395,0.395,0.35585585585585583,0.395,0.37440758293838866,0.8477777777777777,9000,7968,6758,2242,0.24911111111111112,1210,0.1518574297188755,0.8481425702811245,0.7508888888888889,117,716,0.1988888888888889,117,98,98,0,19,1.0,0.8376068376068376,0,0,,,0,0.0,0,0.0,237,1275.0,1275.0,1275.0,0,0.0
late_arrival_10pct_30s,strict_service_plus_correlation,10046,600,24,0.25,1500,0,0,0,0,0,0,360,0,600,3600,3600,3600,600,600,600,1.0,1.0,1.0,1.0,1.0,1.0,9000,9000,9000,0,0.0,0,0.0,1.0,1.0,0,0,0.0,0,0,0,0,0,,,0,0,,,0,0.0,0,0.0,600,1275.0,31275.0,31275.0,129952,0.020059893180204378
late_arrival_10pct_30s,correlation_id_only_ablation,10046,600,24,0.25,1500,0,0,0,0,0,0,360,0,600,3600,3600,3600,600,600,600,1.0,1.0,1.0,1.0,1.0,1.0,9000,9000,9000,0,0.0,0,0.0,1.0,1.0,0,0,0.0,0,0,0,0,0,,,0,0,,,0,0.0,0,0.0,600,1275.0,31275.0,31275.0,129952,0.020059893180204378
late_arrival_10pct_30s,naive_temporal_window,10046,600,24,0.25,1500,0,0,0,0,0,0,360,0,600,3600,3600,3600,600,600,446,0.7433333333333333,0.7433333333333333,0.7433333333333333,0.7433333333333333,0.7433333333333333,0.9358333333333333,9000,9693,8307,693,0.077,1386,0.14298978644382543,0.8570102135561746,0.923,77,693,0.1925,77,77,77,0,0,1.0,1.0,0,0,,,0,0.0,0,0.0,446,1275.0,31275.0,31275.0,129952,0.020059893180204378
out_of_order_jitter_3s,strict_service_plus_correlation,10046,600,24,0.25,1500,0,0,0,0,0,0,0,3600,600,3600,3600,3600,600,600,600,1.0,1.0,1.0,1.0,1.0,1.0,9000,9000,9000,0,0.0,0,0.0,1.0,1.0,0,0,0.0,0,0,0,0,0,,,0,0,,,0,0.0,0,0.0,600,3450.5,4154.1,4270.0,93757,0.014472693032015066
out_of_order_jitter_3s,correlation_id_only_ablation,10046,600,24,0.25,1500,0,0,0,0,0,0,0,3600,600,3600,3600,3600,600,600,600,1.0,1.0,1.0,1.0,1.0,1.0,9000,9000,9000,0,0.0,0,0.0,1.0,1.0,0,0,0.0,0,0,0,0,0,,,0,0,,,0,0.0,0,0.0,600,3450.5,4154.1,4270.0,93757,0.014472693032015066
out_of_order_jitter_3s,naive_temporal_window,10046,600,24,0.25,1500,0,0,0,0,0,0,0,3600,600,3600,3600,3600,600,600,446,0.7433333333333333,0.7433333333333333,0.7433333333333333,0.7433333333333333,0.7433333333333333,0.9358333333333333,9000,9693,8307,693,0.077,1386,0.14298978644382543,0.8570102135561746,0.923,77,693,0.1925,77,77,77,0,0,1.0,1.0,0,0,,,0,0.0,0,0.0,446,3457.5,4152.75,4270.0,93757,0.014472693032015066
compound_adversarial,strict_service_plus_correlation,10046,600,24,0.25,1500,360,0,30,0,0,0,360,3600,600,3600,3600,3600,1235,540,284,0.47333333333333333,0.47333333333333333,0.5259259259259259,0.47333333333333333,0.49824561403508766,0.8236111111111111,9000,6515,6515,2485,0.2761111111111111,0,0.0,1.0,0.7238888888888889,30,335,0.09305555555555556,0,30,30,0,0,1.0,1.0,0,0,,,695,0.19305555555555556,0,0.0,284,4095.0,33410.55,34243.0,208112,0.03212497298632336
compound_adversarial,correlation_id_only_ablation,10046,600,24,0.25,1500,360,0,30,0,0,0,360,3600,600,3600,3600,3600,930,570,284,0.47333333333333333,0.47333333333333333,0.4982456140350877,0.47333333333333333,0.4854700854700854,0.9,9000,8228,7295,1705,0.18944444444444444,933,0.11339329120077783,0.8866067087992222,0.8105555555555556,30,335,0.09305555555555556,30,30,30,0,0,1.0,1.0,0,0,,,360,0.1,0,0.0,284,4095.0,33410.55,34243.0,208112,0.03212497298632336
compound_adversarial,naive_temporal_window,10046,600,24,0.25,1500,360,0,30,0,0,0,360,3600,600,3600,3600,3600,600,600,446,0.7433333333333333,0.7433333333333333,0.7433333333333333,0.7433333333333333,0.7433333333333333,0.9358333333333333,9000,9693,8307,693,0.077,1386,0.14298978644382543,0.8570102135561746,0.923,77,693,0.1925,77,77,77,0,0,1.0,1.0,0,0,,,0,0.0,0,0.0,446,3938.0,33659.0,34243.0,208112,0.03212497298632336
control,strict_service_plus_correlation,10147,600,24,0.25,1500,0,0,0,0,0,0,0,0,600,3600,3600,3600,600,600,600,1.0,1.0,1.0,1.0,1.0,1.0,9000,9000,9000,0,0.0,0,0.0,1.0,1.0,0,0,0.0,0,0,0,0,0,,,0,0,,,0,0.0,0,0.0,600,1275.0,1275.0,1275.0,0,0.0
control,correlation_id_only_ablation,10147,600,24,0.25,1500,0,0,0,0,0,0,0,0,600,3600,3600,3600,600,600,600,1.0,1.0,1.0,1.0,1.0,1.0,9000,9000,9000,0,0.0,0,0.0,1.0,1.0,0,0,0.0,0,0,0,0,0,,,0,0,,,0,0.0,0,0.0,600,1275.0,1275.0,1275.0,0,0.0
control,naive_temporal_window,10147,600,24,0.25,1500,0,0,0,0,0,0,0,0,600,3600,3600,3600,600,600,482,0.8033333333333333,0.8033333333333333,0.8033333333333333,0.8033333333333333,0.8033333333333333,0.9508333333333333,9000,9531,8469,531,0.059,1062,0.11142587346553352,0.8885741265344664,0.941,59,531,0.1475,59,59,59,0,0,1.0,1.0,0,0,,,0,0.0,0,0.0,482,1275.0,1275.0,1275.0,0,0.0
missing_random_1pct,strict_service_plus_correlation,10147,600,24,0.25,1500,36,0,0,0,0,0,0,0,600,3600,3600,3600,636,600,565,0.9416666666666667,0.9416666666666667,0.9416666666666667,0.9416666666666667,0.9416666666666667,0.99,9000,8821,8821,179,0.01988888888888889,0,0.0,1.0,0.9801111111111112,0,0,0.0,0,0,0,0,0,,,0,0,,,36,0.01,0,0.0,565,1275.0,1275.0,1275.0,0,0.0
missing_random_1pct,correlation_id_only_ablation,10147,600,24,0.25,1500,36,0,0,0,0,0,0,0,600,3600,3600,3600,636,600,565,0.9416666666666667,0.9416666666666667,0.9416666666666667,0.9416666666666667,0.9416666666666667,0.99,9000,8821,8821,179,0.01988888888888889,0,0.0,1.0,0.9801111111111112,0,0,0.0,0,0,0,0,0,,,0,0,,,36,0.01,0,0.0,565,1275.0,1275.0,1275.0,0,0.0
missing_random_1pct,naive_temporal_window,10147,600,24,0.25,1500,36,0,0,0,0,0,0,0,600,3600,3600,3600,600,600,482,0.8033333333333333,0.8033333333333333,0.8033333333333333,0.8033333333333333,0.8033333333333333,0.9508333333333333,9000,9531,8469,531,0.059,1062,0.11142587346553352,0.8885741265344664,0.941,59,531,0.1475,59,59,59,0,0,1.0,1.0,0,0,,,0,0.0,0,0.0,482,1275.0,1275.0,1275.0,0,0.0
missing_random_5pct,strict_service_plus_correlation,10147,600,24,0.25,1500,180,0,0,0,0,0,0,0,600,3600,3600,3600,780,600,445,0.7416666666666667,0.7416666666666667,0.7416666666666667,0.7416666666666667,0.7416666666666667,0.95,9000,8130,8130,870,0.09666666666666666,0,0.0,1.0,0.9033333333333333,0,0,0.0,0,0,0,0,0,,,0,0,,,180,0.05,0,0.0,445,1275.0,1275.0,1275.0,0,0.0
missing_random_5pct,correlation_id_only_ablation,10147,600,24,0.25,1500,180,0,0,0,0,0,0,0,600,3600,3600,3600,780,600,445,0.7416666666666667,0.7416666666666667,0.7416666666666667,0.7416666666666667,0.7416666666666667,0.95,9000,8130,8130,870,0.09666666666666666,0,0.0,1.0,0.9033333333333333,0,0,0.0,0,0,0,0,0,,,0,0,,,180,0.05,0,0.0,445,1275.0,1275.0,1275.0,0,0.0
missing_random_5pct,naive_temporal_window,10147,600,24,0.25,1500,180,0,0,0,0,0,0,0,600,3600,3600,3600,600,600,482,0.8033333333333333,0.8033333333333333,0.8033333333333333,0.8033333333333333,0.8033333333333333,0.9508333333333333,9000,9531,8469,531,0.059,1062,0.11142587346553352,0.8885741265344664,0.941,59,531,0.1475,59,59,59,0,0,1.0,1.0,0,0,,,0,0.0,0,0.0,482,1275.0,1275.0,1275.0,0,0.0
missing_random_10pct,strict_service_plus_correlation,10147,600,24,0.25,1500,360,0,0,0,0,0,0,0,600,3600,3600,3600,960,600,323,0.5383333333333333,0.5383333333333333,0.5383333333333333,0.5383333333333333,0.5383333333333333,0.9,9000,7295,7295,1705,0.18944444444444444,0,0.0,1.0,0.8105555555555556,0,0,0.0,0,0,0,0,0,,,0,0,,,360,0.1,0,0.0,323,1275.0,1275.0,1275.0,0,0.0
missing_random_10pct,correlation_id_only_ablation,10147,600,24,0.25,1500,360,0,0,0,0,0,0,0,600,3600,3600,3600,960,600,323,0.5383333333333333,0.5383333333333333,0.5383333333333333,0.5383333333333333,0.5383333333333333,0.9,9000,7295,7295,1705,0.18944444444444444,0,0.0,1.0,0.8105555555555556,0,0,0.0,0,0,0,0,0,,,0,0,,,360,0.1,0,0.0,323,1275.0,1275.0,1275.0,0,0.0
missing_random_10pct,naive_temporal_window,10147,600,24,0.25,1500,360,0,0,0,0,0,0,0,600,3600,3600,3600,600,600,482,0.8033333333333333,0.8033333333333333,0.8033333333333333,0.8033333333333333,0.8033333333333333,0.9508333333333333,9000,9531,8469,531,0.059,1062,0.11142587346553352,0.8885741265344664,0.941,59,531,0.1475,59,59,59,0,0,1.0,1.0,0,0,,,0,0.0,0,0.0,482,1275.0,1275.0,1275.0,0,0.0
missing_random_20pct,strict_service_plus_correlation,10147,600,24,0.25,1500,720,0,0,0,0,0,0,0,600,3600,3600,3600,1320,599,144,0.24,0.24,0.24040066777963273,0.24,0.24020016680567138,0.8,9000,5738,5738,3262,0.36244444444444446,0,0.0,1.0,0.6375555555555555,0,0,0.0,0,0,0,0,0,,,0,0,,,720,0.2,0,0.0,144,1275.0,1275.0,1275.0,0,0.0
missing_random_20pct,correlation_id_only_ablation,10147,600,24,0.25,1500,720,0,0,0,0,0,0,0,600,3600,3600,3600,1320,599,144,0.24,0.24,0.24040066777963273,0.24,0.24020016680567138,0.8,9000,5738,5738,3262,0.36244444444444446,0,0.0,1.0,0.6375555555555555,0,0,0.0,0,0,0,0,0,,,0,0,,,720,0.2,0,0.0,144,1275.0,1275.0,1275.0,0,0.0
missing_random_20pct,naive_temporal_window,10147,600,24,0.25,1500,720,0,0,0,0,0,0,0,600,3600,3600,3600,600,600,482,0.8033333333333333,0.8033333333333333,0.8033333333333333,0.8033333333333333,0.8033333333333333,0.9508333333333333,9000,9531,8469,531,0.059,1062,0.11142587346553352,0.8885741265344664,0.941,59,531,0.1475,59,59,59,0,0,1.0,1.0,0,0,,,0,0.0,0,0.0,482,1275.0,1275.0,1275.0,0,0.0
wrong_id_same_service_1pct,strict_service_plus_correlation,10147,600,24,0.25,1500,0,36,0,0,0,0,0,0,600,3600,3600,3600,815,564,530,0.8833333333333333,0.8833333333333333,0.9397163120567376,0.8833333333333333,0.9106529209621993,0.9402777777777778,9000,8286,8286,714,0.07933333333333334,0,0.0,1.0,0.9206666666666666,36,251,0.06972222222222223,0,36,36,0,0,1.0,1.0,0,0,,,251,0.06972222222222223,0,0.0,530,1275.0,1275.0,1275.0,0,0.0
wrong_id_same_service_1pct,correlation_id_only_ablation,10147,600,24,0.25,1500,0,36,0,0,0,0,0,0,600,3600,3600,3600,600,600,530,0.8833333333333333,0.8833333333333333,0.8833333333333333,0.8833333333333333,0.8833333333333333,0.99,9000,9036,8821,179,0.01988888888888889,215,0.023793714032757856,0.9762062859672421,0.9801111111111112,36,251,0.06972222222222223,36,36,36,0,0,1.0,1.0,0,0,,,0,0.0,0,0.0,530,1275.0,1275.0,1275.0,0,0.0
wrong_id_same_service_1pct,naive_temporal_window,10147,600,24,0.25,1500,0,36,0,0,0,0,0,0,600,3600,3600,3600,600,600,482,0.8033333333333333,0.8033333333333333,0.8033333333333333,0.8033333333333333,0.8033333333333333,0.9508333333333333,9000,9531,8469,531,0.059,1062,0.11142587346553352,0.8885741265344664,0.941,59,531,0.1475,59,59,59,0,0,1.0,1.0,0,0,,,0,0.0,0,0.0,482,1275.0,1275.0,1275.0,0,0.0
wrong_id_same_service_5pct,strict_service_plus_correlation,10147,600,24,0.25,1500,0,180,0,0,0,0,0,0,600,3600,3600,3600,1543,438,317,0.5283333333333333,0.5283333333333333,0.723744292237443,0.5283333333333333,0.6107899807321773,0.7380555555555556,9000,5917,5917,3083,0.34255555555555556,0,0.0,1.0,0.6574444444444445,162,1105,0.30694444444444446,0,162,162,0,0,1.0,1.0,0,0,,,1105,0.30694444444444446,0,0.0,317,1275.0,1275.0,1275.0,0,0.0
wrong_id_same_service_5pct,correlation_id_only_ablation,10147,600,24,0.25,1500,0,180,0,0,0,0,0,0,600,3600,3600,3600,600,600,317,0.5283333333333333,0.5283333333333333,0.5283333333333333,0.5283333333333333,0.5283333333333333,0.95,9000,9164,8121,879,0.09766666666666667,1043,0.11381492797904845,0.8861850720209515,0.9023333333333333,162,1105,0.30694444444444446,162,162,162,0,0,1.0,1.0,0,0,,,0,0.0,0,0.0,317,1275.0,1275.0,1275.0,0,0.0
wrong_id_same_service_5pct,naive_temporal_window,10147,600,24,0.25,1500,0,180,0,0,0,0,0,0,600,3600,3600,3600,600,600,482,0.8033333333333333,0.8033333333333333,0.8033333333333333,0.8033333333333333,0.8033333333333333,0.9508333333333333,9000,9531,8469,531,0.059,1062,0.11142587346553352,0.8885741265344664,0.941,59,531,0.1475,59,59,59,0,0,1.0,1.0,0,0,,,0,0.0,0,0.0,482,1275.0,1275.0,1275.0,0,0.0
wrong_id_same_service_10pct,strict_service_plus_correlation,10147,600,24,0.25,1500,0,360,0,0,0,0,0,0,600,3600,3600,3600,2176,327,172,0.2866666666666667,0.2866666666666667,0.5259938837920489,0.2866666666666667,0.3710895361380798,0.5622222222222222,9000,3916,3916,5084,0.5648888888888889,0,0.0,1.0,0.4351111111111111,273,1849,0.5136111111111111,0,273,273,0,0,1.0,1.0,0,0,,,1849,0.5136111111111111,0,0.0,172,1275.0,1275.0,1275.0,0,0.0
wrong_id_same_service_10pct,correlation_id_only_ablation,10147,600,24,0.25,1500,0,360,0,0,0,0,0,0,600,3600,3600,3600,600,600,172,0.2866666666666667,0.2866666666666667,0.2866666666666667,0.2866666666666667,0.2866666666666667,0.9,9000,9372,7306,1694,0.18822222222222224,2066,0.22044387537345284,0.7795561246265471,0.8117777777777778,273,1849,0.5136111111111111,273,273,273,0,0,1.0,1.0,0,0,,,0,0.0,0,0.0,172,1275.0,1275.0,1275.0,0,0.0
wrong_id_same_service_10pct,naive_temporal_window,10147,600,24,0.25,1500,0,360,0,0,0,0,0,0,600,3600,3600,3600,600,600,482,0.8033333333333333,0.8033333333333333,0.8033333333333333,0.8033333333333333,0.8033333333333333,0.9508333333333333,9000,9531,8469,531,0.059,1062,0.11142587346553352,0.8885741265344664,0.941,59,531,0.1475,59,59,59,0,0,1.0,1.0,0,0,,,0,0.0,0,0.0,482,1275.0,1275.0,1275.0,0,0.0
wrong_id_same_service_20pct,strict_service_plus_correlation,10147,600,24,0.25,1500,0,720,0,0,0,0,0,0,600,3600,3600,3600,2932,179,44,0.07333333333333333,0.07333333333333333,0.24581005586592178,0.07333333333333333,0.11296534017971759,0.3522222222222222,9000,1667,1667,7333,0.8147777777777778,0,0.0,1.0,0.18522222222222223,421,2753,0.7647222222222222,0,421,421,0,0,1.0,1.0,0,0,,,2753,0.7647222222222222,0,0.0,44,1275.0,1275.0,1275.0,0,0.0
wrong_id_same_service_20pct,correlation_id_only_ablation,10147,600,24,0.25,1500,0,720,0,0,0,0,0,0,600,3600,3600,3600,600,600,44,0.07333333333333333,0.07333333333333333,0.07333333333333333,0.07333333333333333,0.07333333333333333,0.8,9000,9672,5779,3221,0.35788888888888887,3893,0.4025020678246485,0.5974979321753515,0.6421111111111111,421,2753,0.7647222222222222,421,421,421,0,0,1.0,1.0,0,0,,,0,0.0,0,0.0,44,1275.0,1275.0,1275.0,0,0.0
wrong_id_same_service_20pct,naive_temporal_window,10147,600,24,0.25,1500,0,720,0,0,0,0,0,0,600,3600,3600,3600,600,600,482,0.8033333333333333,0.8033333333333333,0.8033333333333333,0.8033333333333333,0.8033333333333333,0.9508333333333333,9000,9531,8469,531,0.059,1062,0.11142587346553352,0.8885741265344664,0.941,59,531,0.1475,59,59,59,0,0,1.0,1.0,0,0,,,0,0.0,0,0.0,482,1275.0,1275.0,1275.0,0,0.0
missing_plane_deployment,strict_service_plus_correlation,10147,600,24,0.25,1500,600,0,0,0,0,0,0,0,600,3600,3600,3600,1200,600,0,0.0,0.0,0.0,0.0,0.0,0.8333333333333334,9000,6000,6000,3000,0.3333333333333333,0,0.0,1.0,0.6666666666666666,0,0,0.0,0,0,0,0,0,,,0,0,,,600,0.16666666666666666,0,0.0,0,,,,0,0.0
missing_plane_deployment,correlation_id_only_ablation,10147,600,24,0.25,1500,600,0,0,0,0,0,0,0,600,3600,3600,3600,1200,600,0,0.0,0.0,0.0,0.0,0.0,0.8333333333333334,9000,6000,6000,3000,0.3333333333333333,0,0.0,1.0,0.6666666666666666,0,0,0.0,0,0,0,0,0,,,0,0,,,600,0.16666666666666666,0,0.0,0,,,,0,0.0
missing_plane_deployment,naive_temporal_window,10147,600,24,0.25,1500,600,0,0,0,0,0,0,0,600,3600,3600,3600,600,600,482,0.8033333333333333,0.8033333333333333,0.8033333333333333,0.8033333333333333,0.8033333333333333,0.9508333333333333,9000,9531,8469,531,0.059,1062,0.11142587346553352,0.8885741265344664,0.941,59,531,0.1475,59,59,59,0,0,1.0,1.0,0,0,,,0,0.0,0,0.0,482,1275.0,1275.0,1275.0,0,0.0
missing_plane_identity,strict_service_plus_correlation,10147,600,24,0.25,1500,600,0,0,0,0,0,0,0,600,3600,3600,3600,1200,600,0,0.0,0.0,0.0,0.0,0.0,0.8333333333333334,9000,6000,6000,3000,0.3333333333333333,0,0.0,1.0,0.6666666666666666,0,0,0.0,0,0,0,0,0,,,0,0,,,600,0.16666666666666666,0,0.0,0,,,,0,0.0
missing_plane_identity,correlation_id_only_ablation,10147,600,24,0.25,1500,600,0,0,0,0,0,0,0,600,3600,3600,3600,1200,600,0,0.0,0.0,0.0,0.0,0.0,0.8333333333333334,9000,6000,6000,3000,0.3333333333333333,0,0.0,1.0,0.6666666666666666,0,0,0.0,0,0,0,0,0,,,0,0,,,600,0.16666666666666666,0,0.0,0,,,,0,0.0
missing_plane_identity,naive_temporal_window,10147,600,24,0.25,1500,600,0,0,0,0,0,0,0,600,3600,3600,3600,600,600,482,0.8033333333333333,0.8033333333333333,0.8033333333333333,0.8033333333333333,0.8033333333333333,0.9508333333333333,9000,9531,8469,531,0.059,1062,0.11142587346553352,0.8885741265344664,0.941,59,531,0.1475,59,59,59,0,0,1.0,1.0,0,0,,,0,0.0,0,0.0,482,1275.0,1275.0,1275.0,0,0.0
missing_plane_policy,strict_service_plus_correlation,10147,600,24,0.25,1500,600,0,0,0,0,0,0,0,600,3600,3600,3600,1200,600,0,0.0,0.0,0.0,0.0,0.0,0.8333333333333334,9000,6000,6000,3000,0.3333333333333333,0,0.0,1.0,0.6666666666666666,0,0,0.0,0,0,0,0,0,,,0,0,,,600,0.16666666666666666,0,0.0,0,,,,0,0.0
missing_plane_policy,correlation_id_only_ablation,10147,600,24,0.25,1500,600,0,0,0,0,0,0,0,600,3600,3600,3600,1200,600,0,0.0,0.0,0.0,0.0,0.0,0.8333333333333334,9000,6000,6000,3000,0.3333333333333333,0,0.0,1.0,0.6666666666666666,0,0,0.0,0,0,0,0,0,,,0,0,,,600,0.16666666666666666,0,0.0,0,,,,0,0.0
missing_plane_policy,naive_temporal_window,10147,600,24,0.25,1500,600,0,0,0,0,0,0,0,600,3600,3600,3600,600,600,482,0.8033333333333333,0.8033333333333333,0.8033333333333333,0.8033333333333333,0.8033333333333333,0.9508333333333333,9000,9531,8469,531,0.059,1062,0.11142587346553352,0.8885741265344664,0.941,59,531,0.1475,59,59,59,0,0,1.0,1.0,0,0,,,0,0.0,0,0.0,482,1275.0,1275.0,1275.0,0,0.0
missing_plane_telemetry,strict_service_plus_correlation,10147,600,24,0.25,1500,600,0,0,0,0,0,0,0,600,3600,3600,3600,1200,600,0,0.0,0.0,0.0,0.0,0.0,0.8333333333333334,9000,6000,6000,3000,0.3333333333333333,0,0.0,1.0,0.6666666666666666,0,0,0.0,0,0,0,0,0,,,0,0,,,600,0.16666666666666666,0,0.0,0,,,,0,0.0
missing_plane_telemetry,correlation_id_only_ablation,10147,600,24,0.25,1500,600,0,0,0,0,0,0,0,600,3600,3600,3600,1200,600,0,0.0,0.0,0.0,0.0,0.0,0.8333333333333334,9000,6000,6000,3000,0.3333333333333333,0,0.0,1.0,0.6666666666666666,0,0,0.0,0,0,0,0,0,,,0,0,,,600,0.16666666666666666,0,0.0,0,,,,0,0.0
missing_plane_telemetry,naive_temporal_window,10147,600,24,0.25,1500,600,0,0,0,0,0,0,0,600,3600,3600,3600,600,600,482,0.8033333333333333,0.8033333333333333,0.8033333333333333,0.8033333333333333,0.8033333333333333,0.9508333333333333,9000,9531,8469,531,0.059,1062,0.11142587346553352,0.8885741265344664,0.941,59,531,0.1475,59,59,59,0,0,1.0,1.0,0,0,,,0,0.0,0,0.0,482,1275.0,1275.0,1275.0,0,0.0
missing_plane_incident,strict_service_plus_correlation,10147,600,24,0.25,1500,600,0,0,0,0,0,0,0,600,3600,3600,3600,1200,600,0,0.0,0.0,0.0,0.0,0.0,0.8333333333333334,9000,6000,6000,3000,0.3333333333333333,0,0.0,1.0,0.6666666666666666,0,0,0.0,0,0,0,0,0,,,0,0,,,600,0.16666666666666666,0,0.0,0,,,,0,0.0
missing_plane_incident,correlation_id_only_ablation,10147,600,24,0.25,1500,600,0,0,0,0,0,0,0,600,3600,3600,3600,1200,600,0,0.0,0.0,0.0,0.0,0.0,0.8333333333333334,9000,6000,6000,3000,0.3333333333333333,0,0.0,1.0,0.6666666666666666,0,0,0.0,0,0,0,0,0,,,0,0,,,600,0.16666666666666666,0,0.0,0,,,,0,0.0
missing_plane_incident,naive_temporal_window,10147,600,24,0.25,1500,600,0,0,0,0,0,0,0,600,3600,3600,3600,600,600,482,0.8033333333333333,0.8033333333333333,0.8033333333333333,0.8033333333333333,0.8033333333333333,0.9508333333333333,9000,9531,8469,531,0.059,1062,0.11142587346553352,0.8885741265344664,0.941,59,531,0.1475,59,59,59,0,0,1.0,1.0,0,0,,,0,0.0,0,0.0,482,1275.0,1275.0,1275.0,0,0.0
missing_plane_recovery,strict_service_plus_correlation,10147,600,24,0.25,1500,600,0,0,0,0,0,0,0,600,3600,3600,3600,1200,600,0,0.0,0.0,0.0,0.0,0.0,0.8333333333333334,9000,6000,6000,3000,0.3333333333333333,0,0.0,1.0,0.6666666666666666,0,0,0.0,0,0,0,0,0,,,0,0,,,600,0.16666666666666666,0,0.0,0,,,,0,0.0
missing_plane_recovery,correlation_id_only_ablation,10147,600,24,0.25,1500,600,0,0,0,0,0,0,0,600,3600,3600,3600,1200,600,0,0.0,0.0,0.0,0.0,0.0,0.8333333333333334,9000,6000,6000,3000,0.3333333333333333,0,0.0,1.0,0.6666666666666666,0,0,0.0,0,0,0,0,0,,,0,0,,,600,0.16666666666666666,0,0.0,0,,,,0,0.0
missing_plane_recovery,naive_temporal_window,10147,600,24,0.25,1500,600,0,0,0,0,0,0,0,600,3600,3600,3600,600,600,482,0.8033333333333333,0.8033333333333333,0.8033333333333333,0.8033333333333333,0.8033333333333333,0.9508333333333333,9000,9531,8469,531,0.059,1062,0.11142587346553352,0.8885741265344664,0.941,59,531,0.1475,59,59,59,0,0,1.0,1.0,0,0,,,0,0.0,0,0.0,482,1275.0,1275.0,1275.0,0,0.0
collision_same_service_1pct,strict_service_plus_correlation,10147,600,24,0.25,1500,0,0,6,0,0,0,0,0,600,3600,3600,3600,660,588,588,0.98,0.98,1.0,0.98,0.98989898989899,0.9833333333333333,9000,8820,8820,180,0.02,0,0.0,1.0,0.98,6,72,0.02,0,6,6,0,0,1.0,1.0,0,0,,,72,0.02,0,0.0,588,1275.0,1275.0,1275.0,0,0.0
collision_same_service_1pct,correlation_id_only_ablation,10147,600,24,0.25,1500,0,0,6,0,0,0,0,0,600,3600,3600,3600,594,594,588,0.98,0.98,0.98989898989899,0.98,0.9849246231155778,1.0,9000,9216,9000,0,0.0,216,0.0234375,0.9765625,1.0,6,72,0.02,6,6,6,0,0,1.0,1.0,0,0,,,0,0.0,0,0.0,588,1275.0,1275.0,1275.0,0,0.0
collision_same_service_1pct,naive_temporal_window,10147,600,24,0.25,1500,0,0,6,0,0,0,0,0,600,3600,3600,3600,600,600,482,0.8033333333333333,0.8033333333333333,0.8033333333333333,0.8033333333333333,0.8033333333333333,0.9508333333333333,9000,9531,8469,531,0.059,1062,0.11142587346553352,0.8885741265344664,0.941,59,531,0.1475,59,59,59,0,0,1.0,1.0,0,0,,,0,0.0,0,0.0,482,1275.0,1275.0,1275.0,0,0.0
collision_same_service_5pct,strict_service_plus_correlation,10147,600,24,0.25,1500,0,0,30,0,0,0,0,0,600,3600,3600,3600,900,540,540,0.9,0.9,1.0,0.9,0.9473684210526316,0.9166666666666666,9000,8100,8100,900,0.1,0,0.0,1.0,0.9,30,360,0.1,0,30,30,0,0,1.0,1.0,0,0,,,360,0.1,0,0.0,540,1275.0,1275.0,1275.0,0,0.0
collision_same_service_5pct,correlation_id_only_ablation,10147,600,24,0.25,1500,0,0,30,0,0,0,0,0,600,3600,3600,3600,570,570,540,0.9,0.9,0.9473684210526315,0.9,0.9230769230769231,1.0,9000,10080,9000,0,0.0,1080,0.10714285714285714,0.8928571428571429,1.0,30,360,0.1,30,30,30,0,0,1.0,1.0,0,0,,,0,0.0,0,0.0,540,1275.0,1275.0,1275.0,0,0.0
collision_same_service_5pct,naive_temporal_window,10147,600,24,0.25,1500,0,0,30,0,0,0,0,0,600,3600,3600,3600,600,600,482,0.8033333333333333,0.8033333333333333,0.8033333333333333,0.8033333333333333,0.8033333333333333,0.9508333333333333,9000,9531,8469,531,0.059,1062,0.11142587346553352,0.8885741265344664,0.941,59,531,0.1475,59,59,59,0,0,1.0,1.0,0,0,,,0,0.0,0,0.0,482,1275.0,1275.0,1275.0,0,0.0
collision_same_service_10pct,strict_service_plus_correlation,10147,600,24,0.25,1500,0,0,60,0,0,0,0,0,600,3600,3600,3600,1200,480,480,0.8,0.8,1.0,0.8,0.888888888888889,0.8333333333333334,9000,7200,7200,1800,0.2,0,0.0,1.0,0.8,60,720,0.2,0,60,60,0,0,1.0,1.0,0,0,,,720,0.2,0,0.0,480,1275.0,1275.0,1275.0,0,0.0
collision_same_service_10pct,correlation_id_only_ablation,10147,600,24,0.25,1500,0,0,60,0,0,0,0,0,600,3600,3600,3600,540,540,480,0.8,0.8,0.8888888888888888,0.8,0.8421052631578948,1.0,9000,11160,9000,0,0.0,2160,0.1935483870967742,0.8064516129032258,1.0,60,720,0.2,60,60,60,0,0,1.0,1.0,0,0,,,0,0.0,0,0.0,480,1275.0,1275.0,1275.0,0,0.0
collision_same_service_10pct,naive_temporal_window,10147,600,24,0.25,1500,0,0,60,0,0,0,0,0,600,3600,3600,3600,600,600,482,0.8033333333333333,0.8033333333333333,0.8033333333333333,0.8033333333333333,0.8033333333333333,0.9508333333333333,9000,9531,8469,531,0.059,1062,0.11142587346553352,0.8885741265344664,0.941,59,531,0.1475,59,59,59,0,0,1.0,1.0,0,0,,,0,0.0,0,0.0,482,1275.0,1275.0,1275.0,0,0.0
collision_cross_service_5pct,strict_service_plus_correlation,10147,600,24,0.25,1500,0,0,30,0,0,0,0,0,600,3600,3600,3600,600,600,600,1.0,1.0,1.0,1.0,1.0,1.0,9000,9000,9000,0,0.0,0,0.0,1.0,1.0,0,0,0.0,0,0,0,0,0,,,0,0,,,0,0.0,0,0.0,600,1275.0,1275.0,1275.0,0,0.0
collision_cross_service_5pct,correlation_id_only_ablation,10147,600,24,0.25,1500,0,0,30,0,0,0,0,0,600,3600,3600,3600,570,570,540,0.9,0.9,0.9473684210526315,0.9,0.9230769230769231,1.0,9000,10080,9000,0,0.0,1080,0.10714285714285714,0.8928571428571429,1.0,30,360,0.1,30,30,30,0,0,1.0,1.0,0,0,,,0,0.0,0,0.0,540,1275.0,1275.0,1275.0,0,0.0
collision_cross_service_5pct,naive_temporal_window,10147,600,24,0.25,1500,0,0,30,0,0,0,0,0,600,3600,3600,3600,600,600,482,0.8033333333333333,0.8033333333333333,0.8033333333333333,0.8033333333333333,0.8033333333333333,0.9508333333333333,9000,9531,8469,531,0.059,1062,0.11142587346553352,0.8885741265344664,0.941,59,531,0.1475,59,59,59,0,0,1.0,1.0,0,0,,,0,0.0,0,0.0,482,1275.0,1275.0,1275.0,0,0.0
duplicate_exact_10pct,strict_service_plus_correlation,10147,600,24,0.25,1500,0,0,0,360,0,0,0,0,600,3600,3600,3960,600,600,600,1.0,1.0,1.0,1.0,1.0,1.0,9000,9000,9000,0,0.0,0,0.0,1.0,1.0,0,0,0.0,0,0,0,0,0,,,0,0,,,0,0.0,360,0.09090909090909091,600,1275.0,1275.0,1275.0,0,0.0
duplicate_exact_10pct,correlation_id_only_ablation,10147,600,24,0.25,1500,0,0,0,360,0,0,0,0,600,3600,3600,3960,600,600,600,1.0,1.0,1.0,1.0,1.0,1.0,9000,9000,9000,0,0.0,0,0.0,1.0,1.0,0,0,0.0,0,0,0,0,0,,,0,0,,,0,0.0,360,0.09090909090909091,600,1275.0,1275.0,1275.0,0,0.0
duplicate_exact_10pct,naive_temporal_window,10147,600,24,0.25,1500,0,0,0,360,0,0,0,0,600,3600,3600,3960,600,600,482,0.8033333333333333,0.8033333333333333,0.8033333333333333,0.8033333333333333,0.8033333333333333,0.9508333333333333,9000,9531,8469,531,0.059,1062,0.11142587346553352,0.8885741265344664,0.941,59,531,0.1475,59,59,59,0,0,1.0,1.0,0,0,,,0,0.0,360,0.09090909090909091,482,1275.0,1275.0,1275.0,0,0.0
duplicate_source_conflict_5pct,strict_service_plus_correlation,10147,600,24,0.25,1500,0,0,0,0,180,0,0,0,600,3600,3600,3780,960,600,444,0.74,0.74,0.74,0.74,0.74,0.95,9000,8124,8124,876,0.09733333333333333,0,0.0,1.0,0.9026666666666666,0,0,0.0,0,0,0,0,0,,,180,180,1.0,1.0,360,0.09523809523809523,0,0.0,444,1275.0,1275.0,1275.0,0,0.0
duplicate_source_conflict_5pct,correlation_id_only_ablation,10147,600,24,0.25,1500,0,0,0,0,180,0,0,0,600,3600,3600,3780,600,600,444,0.74,0.74,0.74,0.74,0.74,1.0,9000,10104,9000,0,0.0,1104,0.10926365795724466,0.8907363420427553,1.0,0,0,0.0,0,156,0,156,0,0.0,,180,180,1.0,1.0,0,0.0,0,0.0,444,1275.0,1275.0,1275.0,0,0.0
duplicate_source_conflict_5pct,naive_temporal_window,10147,600,24,0.25,1500,0,0,0,0,180,0,0,0,600,3600,3600,3780,600,600,348,0.58,0.58,0.58,0.58,0.58,0.9508333333333333,9000,10665,8469,531,0.059,2196,0.2059071729957806,0.7940928270042195,0.941,59,531,0.1475,59,201,59,142,0,0.2935323383084577,1.0,180,180,1.0,1.0,0,0.0,0,0.0,348,1275.0,1275.0,1275.0,0,0.0
clock_skew_random_10pct_5s,strict_service_plus_correlation,10147,600,24,0.25,1500,0,0,0,0,0,360,0,0,600,3600,3600,3600,1975,325,325,0.5416666666666666,0.5416666666666666,1.0,0.5416666666666666,0.7027027027027027,0.6180555555555556,9000,4875,4875,4125,0.4583333333333333,0,0.0,1.0,0.5416666666666666,0,0,0.0,0,275,0,275,0,0.0,,0,0,,,1650,0.4583333333333333,0,0.0,325,1275.0,1275.0,1275.0,0,0.0
clock_skew_random_10pct_5s,correlation_id_only_ablation,10147,600,24,0.25,1500,0,0,0,0,0,360,0,0,600,3600,3600,3600,600,600,600,1.0,1.0,1.0,1.0,1.0,1.0,9000,9000,9000,0,0.0,0,0.0,1.0,1.0,0,0,0.0,0,275,0,275,0,0.0,,0,0,,,0,0.0,0,0.0,600,1275.0,1275.0,1275.0,0,0.0
clock_skew_random_10pct_5s,naive_temporal_window,10147,600,24,0.25,1500,0,0,0,0,0,360,0,0,600,3600,3600,3600,873,676,258,0.43,0.43,0.3816568047337278,0.43,0.4043887147335423,0.8591666666666666,9000,7858,6912,2088,0.232,946,0.12038686688724866,0.8796131331127514,0.768,99,577,0.16027777777777777,99,80,80,0,19,1.0,0.8080808080808081,0,0,,,0,0.0,0,0.0,258,1275.0,1275.0,1275.0,0,0.0
late_arrival_10pct_30s,strict_service_plus_correlation,10147,600,24,0.25,1500,0,0,0,0,0,0,360,0,600,3600,3600,3600,600,600,600,1.0,1.0,1.0,1.0,1.0,1.0,9000,9000,9000,0,0.0,0,0.0,1.0,1.0,0,0,0.0,0,0,0,0,0,,,0,0,,,0,0.0,0,0.0,600,1275.0,31275.0,31275.0,128975,0.01990907968262789
late_arrival_10pct_30s,correlation_id_only_ablation,10147,600,24,0.25,1500,0,0,0,0,0,0,360,0,600,3600,3600,3600,600,600,600,1.0,1.0,1.0,1.0,1.0,1.0,9000,9000,9000,0,0.0,0,0.0,1.0,1.0,0,0,0.0,0,0,0,0,0,,,0,0,,,0,0.0,0,0.0,600,1275.0,31275.0,31275.0,128975,0.01990907968262789
late_arrival_10pct_30s,naive_temporal_window,10147,600,24,0.25,1500,0,0,0,0,0,0,360,0,600,3600,3600,3600,600,600,482,0.8033333333333333,0.8033333333333333,0.8033333333333333,0.8033333333333333,0.8033333333333333,0.9508333333333333,9000,9531,8469,531,0.059,1062,0.11142587346553352,0.8885741265344664,0.941,59,531,0.1475,59,59,59,0,0,1.0,1.0,0,0,,,0,0.0,0,0.0,482,1275.0,31275.0,31275.0,128975,0.01990907968262789
out_of_order_jitter_3s,strict_service_plus_correlation,10147,600,24,0.25,1500,0,0,0,0,0,0,0,3600,600,3600,3600,3600,600,600,600,1.0,1.0,1.0,1.0,1.0,1.0,9000,9000,9000,0,0.0,0,0.0,1.0,1.0,0,0,0.0,0,0,0,0,0,,,0,0,,,0,0.0,0,0.0,600,3459.5,4109.299999999999,4275.0,91224,0.014081689358155043
out_of_order_jitter_3s,correlation_id_only_ablation,10147,600,24,0.25,1500,0,0,0,0,0,0,0,3600,600,3600,3600,3600,600,600,600,1.0,1.0,1.0,1.0,1.0,1.0,9000,9000,9000,0,0.0,0,0.0,1.0,1.0,0,0,0.0,0,0,0,0,0,,,0,0,,,0,0.0,0,0.0,600,3459.5,4109.299999999999,4275.0,91224,0.014081689358155043
out_of_order_jitter_3s,naive_temporal_window,10147,600,24,0.25,1500,0,0,0,0,0,0,0,3600,600,3600,3600,3600,600,600,482,0.8033333333333333,0.8033333333333333,0.8033333333333333,0.8033333333333333,0.8033333333333333,0.9508333333333333,9000,9531,8469,531,0.059,1062,0.11142587346553352,0.8885741265344664,0.941,59,531,0.1475,59,59,59,0,0,1.0,1.0,0,0,,,0,0.0,0,0.0,482,3456.0,4102.35,4275.0,91224,0.014081689358155043
compound_adversarial,strict_service_plus_correlation,10147,600,24,0.25,1500,360,0,30,0,0,0,360,3600,600,3600,3600,3600,1230,540,274,0.45666666666666667,0.45666666666666667,0.5074074074074074,0.45666666666666667,0.4807017543859649,0.825,9000,6522,6522,2478,0.2753333333333333,0,0.0,1.0,0.7246666666666667,30,330,0.09166666666666666,0,30,30,0,0,1.0,1.0,0,0,,,690,0.19166666666666668,0,0.0,274,4165.5,33606.75,33921.0,206421,0.031863943688061495
compound_adversarial,correlation_id_only_ablation,10147,600,24,0.25,1500,360,0,30,0,0,0,360,3600,600,3600,3600,3600,930,570,274,0.45666666666666667,0.45666666666666667,0.4807017543859649,0.45666666666666667,0.4683760683760684,0.9,9000,8185,7277,1723,0.19144444444444444,908,0.11093463653023825,0.8890653634697617,0.8085555555555556,30,330,0.09166666666666666,30,30,30,0,0,1.0,1.0,0,0,,,360,0.1,0,0.0,274,4165.5,33606.75,33921.0,206421,0.031863943688061495
compound_adversarial,naive_temporal_window,10147,600,24,0.25,1500,360,0,30,0,0,0,360,3600,600,3600,3600,3600,600,600,482,0.8033333333333333,0.8033333333333333,0.8033333333333333,0.8033333333333333,0.8033333333333333,0.9508333333333333,9000,9531,8469,531,0.059,1062,0.11142587346553352,0.8885741265344664,0.941,59,531,0.1475,59,59,59,0,0,1.0,1.0,0,0,,,0,0.0,0,0.0,482,4103.0,33461.55,33983.0,206421,0.031863943688061495
control,strict_service_plus_correlation,10248,600,24,0.25,1500,0,0,0,0,0,0,0,0,600,3600,3600,3600,600,600,600,1.0,1.0,1.0,1.0,1.0,1.0,9000,9000,9000,0,0.0,0,0.0,1.0,1.0,0,0,0.0,0,0,0,0,0,,,0,0,,,0,0.0,0,0.0,600,1275.0,1275.0,1275.0,0,0.0
control,correlation_id_only_ablation,10248,600,24,0.25,1500,0,0,0,0,0,0,0,0,600,3600,3600,3600,600,600,600,1.0,1.0,1.0,1.0,1.0,1.0,9000,9000,9000,0,0.0,0,0.0,1.0,1.0,0,0,0.0,0,0,0,0,0,,,0,0,,,0,0.0,0,0.0,600,1275.0,1275.0,1275.0,0,0.0
control,naive_temporal_window,10248,600,24,0.25,1500,0,0,0,0,0,0,0,0,600,3600,3600,3600,600,600,446,0.7433333333333333,0.7433333333333333,0.7433333333333333,0.7433333333333333,0.7433333333333333,0.9358333333333333,9000,9693,8307,693,0.077,1386,0.14298978644382543,0.8570102135561746,0.923,77,693,0.1925,77,77,77,0,0,1.0,1.0,0,0,,,0,0.0,0,0.0,446,1275.0,1275.0,1275.0,0,0.0
missing_random_1pct,strict_service_plus_correlation,10248,600,24,0.25,1500,36,0,0,0,0,0,0,0,600,3600,3600,3600,636,600,564,0.94,0.94,0.94,0.94,0.94,0.99,9000,8820,8820,180,0.02,0,0.0,1.0,0.98,0,0,0.0,0,0,0,0,0,,,0,0,,,36,0.01,0,0.0,564,1275.0,1275.0,1275.0,0,0.0
missing_random_1pct,correlation_id_only_ablation,10248,600,24,0.25,1500,36,0,0,0,0,0,0,0,600,3600,3600,3600,636,600,564,0.94,0.94,0.94,0.94,0.94,0.99,9000,8820,8820,180,0.02,0,0.0,1.0,0.98,0,0,0.0,0,0,0,0,0,,,0,0,,,36,0.01,0,0.0,564,1275.0,1275.0,1275.0,0,0.0
missing_random_1pct,naive_temporal_window,10248,600,24,0.25,1500,36,0,0,0,0,0,0,0,600,3600,3600,3600,600,600,446,0.7433333333333333,0.7433333333333333,0.7433333333333333,0.7433333333333333,0.7433333333333333,0.9358333333333333,9000,9693,8307,693,0.077,1386,0.14298978644382543,0.8570102135561746,0.923,77,693,0.1925,77,77,77,0,0,1.0,1.0,0,0,,,0,0.0,0,0.0,446,1275.0,1275.0,1275.0,0,0.0
missing_random_5pct,strict_service_plus_correlation,10248,600,24,0.25,1500,180,0,0,0,0,0,0,0,600,3600,3600,3600,780,600,437,0.7283333333333334,0.7283333333333334,0.7283333333333334,0.7283333333333334,0.7283333333333334,0.95,9000,8117,8117,883,0.09811111111111111,0,0.0,1.0,0.9018888888888889,0,0,0.0,0,0,0,0,0,,,0,0,,,180,0.05,0,0.0,437,1275.0,1275.0,1275.0,0,0.0
missing_random_5pct,correlation_id_only_ablation,10248,600,24,0.25,1500,180,0,0,0,0,0,0,0,600,3600,3600,3600,780,600,437,0.7283333333333334,0.7283333333333334,0.7283333333333334,0.7283333333333334,0.7283333333333334,0.95,9000,8117,8117,883,0.09811111111111111,0,0.0,1.0,0.9018888888888889,0,0,0.0,0,0,0,0,0,,,0,0,,,180,0.05,0,0.0,437,1275.0,1275.0,1275.0,0,0.0
missing_random_5pct,naive_temporal_window,10248,600,24,0.25,1500,180,0,0,0,0,0,0,0,600,3600,3600,3600,600,600,446,0.7433333333333333,0.7433333333333333,0.7433333333333333,0.7433333333333333,0.7433333333333333,0.9358333333333333,9000,9693,8307,693,0.077,1386,0.14298978644382543,0.8570102135561746,0.923,77,693,0.1925,77,77,77,0,0,1.0,1.0,0,0,,,0,0.0,0,0.0,446,1275.0,1275.0,1275.0,0,0.0
missing_random_10pct,strict_service_plus_correlation,10248,600,24,0.25,1500,360,0,0,0,0,0,0,0,600,3600,3600,3600,960,600,314,0.5233333333333333,0.5233333333333333,0.5233333333333333,0.5233333333333333,0.5233333333333333,0.9,9000,7283,7283,1717,0.19077777777777777,0,0.0,1.0,0.8092222222222222,0,0,0.0,0,0,0,0,0,,,0,0,,,360,0.1,0,0.0,314,1275.0,1275.0,1275.0,0,0.0
missing_random_10pct,correlation_id_only_ablation,10248,600,24,0.25,1500,360,0,0,0,0,0,0,0,600,3600,3600,3600,960,600,314,0.5233333333333333,0.5233333333333333,0.5233333333333333,0.5233333333333333,0.5233333333333333,0.9,9000,7283,7283,1717,0.19077777777777777,0,0.0,1.0,0.8092222222222222,0,0,0.0,0,0,0,0,0,,,0,0,,,360,0.1,0,0.0,314,1275.0,1275.0,1275.0,0,0.0
missing_random_10pct,naive_temporal_window,10248,600,24,0.25,1500,360,0,0,0,0,0,0,0,600,3600,3600,3600,600,600,446,0.7433333333333333,0.7433333333333333,0.7433333333333333,0.7433333333333333,0.7433333333333333,0.9358333333333333,9000,9693,8307,693,0.077,1386,0.14298978644382543,0.8570102135561746,0.923,77,693,0.1925,77,77,77,0,0,1.0,1.0,0,0,,,0,0.0,0,0.0,446,1275.0,1275.0,1275.0,0,0.0
missing_random_20pct,strict_service_plus_correlation,10248,600,24,0.25,1500,720,0,0,0,0,0,0,0,600,3600,3600,3600,1320,599,152,0.25333333333333335,0.25333333333333335,0.25375626043405675,0.25333333333333335,0.25354462051709764,0.8,9000,5763,5763,3237,0.3596666666666667,0,0.0,1.0,0.6403333333333333,0,0,0.0,0,0,0,0,0,,,0,0,,,720,0.2,0,0.0,152,1275.0,1275.0,1275.0,0,0.0
missing_random_20pct,correlation_id_only_ablation,10248,600,24,0.25,1500,720,0,0,0,0,0,0,0,600,3600,3600,3600,1320,599,152,0.25333333333333335,0.25333333333333335,0.25375626043405675,0.25333333333333335,0.25354462051709764,0.8,9000,5763,5763,3237,0.3596666666666667,0,0.0,1.0,0.6403333333333333,0,0,0.0,0,0,0,0,0,,,0,0,,,720,0.2,0,0.0,152,1275.0,1275.0,1275.0,0,0.0
missing_random_20pct,naive_temporal_window,10248,600,24,0.25,1500,720,0,0,0,0,0,0,0,600,3600,3600,3600,600,600,446,0.7433333333333333,0.7433333333333333,0.7433333333333333,0.7433333333333333,0.7433333333333333,0.9358333333333333,9000,9693,8307,693,0.077,1386,0.14298978644382543,0.8570102135561746,0.923,77,693,0.1925,77,77,77,0,0,1.0,1.0,0,0,,,0,0.0,0,0.0,446,1275.0,1275.0,1275.0,0,0.0
wrong_id_same_service_1pct,strict_service_plus_correlation,10248,600,24,0.25,1500,0,36,0,0,0,0,0,0,600,3600,3600,3600,805,566,531,0.885,0.885,0.9381625441696113,0.885,0.9108061749571184,0.9430555555555555,9000,8315,8315,685,0.07611111111111112,0,0.0,1.0,0.9238888888888889,34,239,0.06638888888888889,0,34,34,0,0,1.0,1.0,0,0,,,239,0.06638888888888889,0,0.0,531,1275.0,1275.0,1275.0,0,0.0
wrong_id_same_service_1pct,correlation_id_only_ablation,10248,600,24,0.25,1500,0,36,0,0,0,0,0,0,600,3600,3600,3600,600,600,531,0.885,0.885,0.885,0.885,0.885,0.99,9000,9037,8820,180,0.02,217,0.024012393493415957,0.975987606506584,0.98,34,239,0.06638888888888889,34,34,34,0,0,1.0,1.0,0,0,,,0,0.0,0,0.0,531,1275.0,1275.0,1275.0,0,0.0
wrong_id_same_service_1pct,naive_temporal_window,10248,600,24,0.25,1500,0,36,0,0,0,0,0,0,600,3600,3600,3600,600,600,446,0.7433333333333333,0.7433333333333333,0.7433333333333333,0.7433333333333333,0.7433333333333333,0.9358333333333333,9000,9693,8307,693,0.077,1386,0.14298978644382543,0.8570102135561746,0.923,77,693,0.1925,77,77,77,0,0,1.0,1.0,0,0,,,0,0.0,0,0.0,446,1275.0,1275.0,1275.0,0,0.0
wrong_id_same_service_5pct,strict_service_plus_correlation,10248,600,24,0.25,1500,0,180,0,0,0,0,0,0,600,3600,3600,3600,1511,446,324,0.54,0.54,0.726457399103139,0.54,0.6195028680688337,0.7469444444444444,9000,6005,6005,2995,0.3327777777777778,0,0.0,1.0,0.6672222222222223,154,1065,0.29583333333333334,0,154,154,0,0,1.0,1.0,0,0,,,1065,0.29583333333333334,0,0.0,324,1275.0,1275.0,1275.0,0,0.0
wrong_id_same_service_5pct,correlation_id_only_ablation,10248,600,24,0.25,1500,0,180,0,0,0,0,0,0,600,3600,3600,3600,600,600,324,0.54,0.54,0.54,0.54,0.54,0.95,9000,9192,8133,867,0.09633333333333334,1059,0.1152088772845953,0.8847911227154047,0.9036666666666666,154,1065,0.29583333333333334,154,154,154,0,0,1.0,1.0,0,0,,,0,0.0,0,0.0,324,1275.0,1275.0,1275.0,0,0.0
wrong_id_same_service_5pct,naive_temporal_window,10248,600,24,0.25,1500,0,180,0,0,0,0,0,0,600,3600,3600,3600,600,600,446,0.7433333333333333,0.7433333333333333,0.7433333333333333,0.7433333333333333,0.7433333333333333,0.9358333333333333,9000,9693,8307,693,0.077,1386,0.14298978644382543,0.8570102135561746,0.923,77,693,0.1925,77,77,77,0,0,1.0,1.0,0,0,,,0,0.0,0,0.0,446,1275.0,1275.0,1275.0,0,0.0
wrong_id_same_service_10pct,strict_service_plus_correlation,10248,600,24,0.25,1500,0,360,0,0,0,0,0,0,600,3600,3600,3600,2171,323,181,0.3016666666666667,0.3016666666666667,0.5603715170278638,0.3016666666666667,0.3921993499458288,0.5636111111111111,9000,3964,3964,5036,0.5595555555555556,0,0.0,1.0,0.44044444444444447,277,1848,0.5133333333333333,0,277,277,0,0,1.0,1.0,0,0,,,1848,0.5133333333333333,0,0.0,181,1275.0,1275.0,1275.0,0,0.0
wrong_id_same_service_10pct,correlation_id_only_ablation,10248,600,24,0.25,1500,0,360,0,0,0,0,0,0,600,3600,3600,3600,600,600,181,0.3016666666666667,0.3016666666666667,0.3016666666666667,0.3016666666666667,0.3016666666666667,0.9,9000,9324,7305,1695,0.18833333333333332,2019,0.21653796653796653,0.7834620334620335,0.8116666666666666,277,1848,0.5133333333333333,277,277,277,0,0,1.0,1.0,0,0,,,0,0.0,0,0.0,181,1275.0,1275.0,1275.0,0,0.0
wrong_id_same_service_10pct,naive_temporal_window,10248,600,24,0.25,1500,0,360,0,0,0,0,0,0,600,3600,3600,3600,600,600,446,0.7433333333333333,0.7433333333333333,0.7433333333333333,0.7433333333333333,0.7433333333333333,0.9358333333333333,9000,9693,8307,693,0.077,1386,0.14298978644382543,0.8570102135561746,0.923,77,693,0.1925,77,77,77,0,0,1.0,1.0,0,0,,,0,0.0,0,0.0,446,1275.0,1275.0,1275.0,0,0.0
wrong_id_same_service_20pct,strict_service_plus_correlation,10248,600,24,0.25,1500,0,720,0,0,0,0,0,0,600,3600,3600,3600,2914,178,53,0.08833333333333333,0.08833333333333333,0.29775280898876405,0.08833333333333333,0.13624678663239076,0.3572222222222222,9000,1751,1751,7249,0.8054444444444444,0,0.0,1.0,0.19455555555555556,422,2736,0.76,0,422,422,0,0,1.0,1.0,0,0,,,2736,0.76,0,0.0,53,1275.0,1275.0,1275.0,0,0.0
wrong_id_same_service_20pct,correlation_id_only_ablation,10248,600,24,0.25,1500,0,720,0,0,0,0,0,0,600,3600,3600,3600,600,600,53,0.08833333333333333,0.08833333333333333,0.08833333333333333,0.08833333333333333,0.08833333333333333,0.8,9000,9624,5769,3231,0.359,3855,0.40056109725685785,0.5994389027431422,0.641,422,2736,0.76,422,422,422,0,0,1.0,1.0,0,0,,,0,0.0,0,0.0,53,1275.0,1275.0,1275.0,0,0.0
wrong_id_same_service_20pct,naive_temporal_window,10248,600,24,0.25,1500,0,720,0,0,0,0,0,0,600,3600,3600,3600,600,600,446,0.7433333333333333,0.7433333333333333,0.7433333333333333,0.7433333333333333,0.7433333333333333,0.9358333333333333,9000,9693,8307,693,0.077,1386,0.14298978644382543,0.8570102135561746,0.923,77,693,0.1925,77,77,77,0,0,1.0,1.0,0,0,,,0,0.0,0,0.0,446,1275.0,1275.0,1275.0,0,0.0
missing_plane_deployment,strict_service_plus_correlation,10248,600,24,0.25,1500,600,0,0,0,0,0,0,0,600,3600,3600,3600,1200,600,0,0.0,0.0,0.0,0.0,0.0,0.8333333333333334,9000,6000,6000,3000,0.3333333333333333,0,0.0,1.0,0.6666666666666666,0,0,0.0,0,0,0,0,0,,,0,0,,,600,0.16666666666666666,0,0.0,0,,,,0,0.0
missing_plane_deployment,correlation_id_only_ablation,10248,600,24,0.25,1500,600,0,0,0,0,0,0,0,600,3600,3600,3600,1200,600,0,0.0,0.0,0.0,0.0,0.0,0.8333333333333334,9000,6000,6000,3000,0.3333333333333333,0,0.0,1.0,0.6666666666666666,0,0,0.0,0,0,0,0,0,,,0,0,,,600,0.16666666666666666,0,0.0,0,,,,0,0.0
missing_plane_deployment,naive_temporal_window,10248,600,24,0.25,1500,600,0,0,0,0,0,0,0,600,3600,3600,3600,600,600,446,0.7433333333333333,0.7433333333333333,0.7433333333333333,0.7433333333333333,0.7433333333333333,0.9358333333333333,9000,9693,8307,693,0.077,1386,0.14298978644382543,0.8570102135561746,0.923,77,693,0.1925,77,77,77,0,0,1.0,1.0,0,0,,,0,0.0,0,0.0,446,1275.0,1275.0,1275.0,0,0.0
missing_plane_identity,strict_service_plus_correlation,10248,600,24,0.25,1500,600,0,0,0,0,0,0,0,600,3600,3600,3600,1200,600,0,0.0,0.0,0.0,0.0,0.0,0.8333333333333334,9000,6000,6000,3000,0.3333333333333333,0,0.0,1.0,0.6666666666666666,0,0,0.0,0,0,0,0,0,,,0,0,,,600,0.16666666666666666,0,0.0,0,,,,0,0.0
missing_plane_identity,correlation_id_only_ablation,10248,600,24,0.25,1500,600,0,0,0,0,0,0,0,600,3600,3600,3600,1200,600,0,0.0,0.0,0.0,0.0,0.0,0.8333333333333334,9000,6000,6000,3000,0.3333333333333333,0,0.0,1.0,0.6666666666666666,0,0,0.0,0,0,0,0,0,,,0,0,,,600,0.16666666666666666,0,0.0,0,,,,0,0.0
missing_plane_identity,naive_temporal_window,10248,600,24,0.25,1500,600,0,0,0,0,0,0,0,600,3600,3600,3600,600,600,446,0.7433333333333333,0.7433333333333333,0.7433333333333333,0.7433333333333333,0.7433333333333333,0.9358333333333333,9000,9693,8307,693,0.077,1386,0.14298978644382543,0.8570102135561746,0.923,77,693,0.1925,77,77,77,0,0,1.0,1.0,0,0,,,0,0.0,0,0.0,446,1275.0,1275.0,1275.0,0,0.0
missing_plane_policy,strict_service_plus_correlation,10248,600,24,0.25,1500,600,0,0,0,0,0,0,0,600,3600,3600,3600,1200,600,0,0.0,0.0,0.0,0.0,0.0,0.8333333333333334,9000,6000,6000,3000,0.3333333333333333,0,0.0,1.0,0.6666666666666666,0,0,0.0,0,0,0,0,0,,,0,0,,,600,0.16666666666666666,0,0.0,0,,,,0,0.0
missing_plane_policy,correlation_id_only_ablation,10248,600,24,0.25,1500,600,0,0,0,0,0,0,0,600,3600,3600,3600,1200,600,0,0.0,0.0,0.0,0.0,0.0,0.8333333333333334,9000,6000,6000,3000,0.3333333333333333,0,0.0,1.0,0.6666666666666666,0,0,0.0,0,0,0,0,0,,,0,0,,,600,0.16666666666666666,0,0.0,0,,,,0,0.0
missing_plane_policy,naive_temporal_window,10248,600,24,0.25,1500,600,0,0,0,0,0,0,0,600,3600,3600,3600,600,600,446,0.7433333333333333,0.7433333333333333,0.7433333333333333,0.7433333333333333,0.7433333333333333,0.9358333333333333,9000,9693,8307,693,0.077,1386,0.14298978644382543,0.8570102135561746,0.923,77,693,0.1925,77,77,77,0,0,1.0,1.0,0,0,,,0,0.0,0,0.0,446,1275.0,1275.0,1275.0,0,0.0
missing_plane_telemetry,strict_service_plus_correlation,10248,600,24,0.25,1500,600,0,0,0,0,0,0,0,600,3600,3600,3600,1200,600,0,0.0,0.0,0.0,0.0,0.0,0.8333333333333334,9000,6000,6000,3000,0.3333333333333333,0,0.0,1.0,0.6666666666666666,0,0,0.0,0,0,0,0,0,,,0,0,,,600,0.16666666666666666,0,0.0,0,,,,0,0.0
missing_plane_telemetry,correlation_id_only_ablation,10248,600,24,0.25,1500,600,0,0,0,0,0,0,0,600,3600,3600,3600,1200,600,0,0.0,0.0,0.0,0.0,0.0,0.8333333333333334,9000,6000,6000,3000,0.3333333333333333,0,0.0,1.0,0.6666666666666666,0,0,0.0,0,0,0,0,0,,,0,0,,,600,0.16666666666666666,0,0.0,0,,,,0,0.0
missing_plane_telemetry,naive_temporal_window,10248,600,24,0.25,1500,600,0,0,0,0,0,0,0,600,3600,3600,3600,600,600,446,0.7433333333333333,0.7433333333333333,0.7433333333333333,0.7433333333333333,0.7433333333333333,0.9358333333333333,9000,9693,8307,693,0.077,1386,0.14298978644382543,0.8570102135561746,0.923,77,693,0.1925,77,77,77,0,0,1.0,1.0,0,0,,,0,0.0,0,0.0,446,1275.0,1275.0,1275.0,0,0.0
missing_plane_incident,strict_service_plus_correlation,10248,600,24,0.25,1500,600,0,0,0,0,0,0,0,600,3600,3600,3600,1200,600,0,0.0,0.0,0.0,0.0,0.0,0.8333333333333334,9000,6000,6000,3000,0.3333333333333333,0,0.0,1.0,0.6666666666666666,0,0,0.0,0,0,0,0,0,,,0,0,,,600,0.16666666666666666,0,0.0,0,,,,0,0.0
missing_plane_incident,correlation_id_only_ablation,10248,600,24,0.25,1500,600,0,0,0,0,0,0,0,600,3600,3600,3600,1200,600,0,0.0,0.0,0.0,0.0,0.0,0.8333333333333334,9000,6000,6000,3000,0.3333333333333333,0,0.0,1.0,0.6666666666666666,0,0,0.0,0,0,0,0,0,,,0,0,,,600,0.16666666666666666,0,0.0,0,,,,0,0.0
missing_plane_incident,naive_temporal_window,10248,600,24,0.25,1500,600,0,0,0,0,0,0,0,600,3600,3600,3600,600,600,446,0.7433333333333333,0.7433333333333333,0.7433333333333333,0.7433333333333333,0.7433333333333333,0.9358333333333333,9000,9693,8307,693,0.077,1386,0.14298978644382543,0.8570102135561746,0.923,77,693,0.1925,77,77,77,0,0,1.0,1.0,0,0,,,0,0.0,0,0.0,446,1275.0,1275.0,1275.0,0,0.0
missing_plane_recovery,strict_service_plus_correlation,10248,600,24,0.25,1500,600,0,0,0,0,0,0,0,600,3600,3600,3600,1200,600,0,0.0,0.0,0.0,0.0,0.0,0.8333333333333334,9000,6000,6000,3000,0.3333333333333333,0,0.0,1.0,0.6666666666666666,0,0,0.0,0,0,0,0,0,,,0,0,,,600,0.16666666666666666,0,0.0,0,,,,0,0.0
missing_plane_recovery,correlation_id_only_ablation,10248,600,24,0.25,1500,600,0,0,0,0,0,0,0,600,3600,3600,3600,1200,600,0,0.0,0.0,0.0,0.0,0.0,0.8333333333333334,9000,6000,6000,3000,0.3333333333333333,0,0.0,1.0,0.6666666666666666,0,0,0.0,0,0,0,0,0,,,0,0,,,600,0.16666666666666666,0,0.0,0,,,,0,0.0
missing_plane_recovery,naive_temporal_window,10248,600,24,0.25,1500,600,0,0,0,0,0,0,0,600,3600,3600,3600,600,600,446,0.7433333333333333,0.7433333333333333,0.7433333333333333,0.7433333333333333,0.7433333333333333,0.9358333333333333,9000,9693,8307,693,0.077,1386,0.14298978644382543,0.8570102135561746,0.923,77,693,0.1925,77,77,77,0,0,1.0,1.0,0,0,,,0,0.0,0,0.0,446,1275.0,1275.0,1275.0,0,0.0
collision_same_service_1pct,strict_service_plus_correlation,10248,600,24,0.25,1500,0,0,6,0,0,0,0,0,600,3600,3600,3600,660,588,588,0.98,0.98,1.0,0.98,0.98989898989899,0.9833333333333333,9000,8820,8820,180,0.02,0,0.0,1.0,0.98,6,72,0.02,0,6,6,0,0,1.0,1.0,0,0,,,72,0.02,0,0.0,588,1275.0,1275.0,1275.0,0,0.0
collision_same_service_1pct,correlation_id_only_ablation,10248,600,24,0.25,1500,0,0,6,0,0,0,0,0,600,3600,3600,3600,594,594,588,0.98,0.98,0.98989898989899,0.98,0.9849246231155778,1.0,9000,9216,9000,0,0.0,216,0.0234375,0.9765625,1.0,6,72,0.02,6,6,6,0,0,1.0,1.0,0,0,,,0,0.0,0,0.0,588,1275.0,1275.0,1275.0,0,0.0
collision_same_service_1pct,naive_temporal_window,10248,600,24,0.25,1500,0,0,6,0,0,0,0,0,600,3600,3600,3600,600,600,446,0.7433333333333333,0.7433333333333333,0.7433333333333333,0.7433333333333333,0.7433333333333333,0.9358333333333333,9000,9693,8307,693,0.077,1386,0.14298978644382543,0.8570102135561746,0.923,77,693,0.1925,77,77,77,0,0,1.0,1.0,0,0,,,0,0.0,0,0.0,446,1275.0,1275.0,1275.0,0,0.0
collision_same_service_5pct,strict_service_plus_correlation,10248,600,24,0.25,1500,0,0,30,0,0,0,0,0,600,3600,3600,3600,900,540,540,0.9,0.9,1.0,0.9,0.9473684210526316,0.9166666666666666,9000,8100,8100,900,0.1,0,0.0,1.0,0.9,30,360,0.1,0,30,30,0,0,1.0,1.0,0,0,,,360,0.1,0,0.0,540,1275.0,1275.0,1275.0,0,0.0
collision_same_service_5pct,correlation_id_only_ablation,10248,600,24,0.25,1500,0,0,30,0,0,0,0,0,600,3600,3600,3600,570,570,540,0.9,0.9,0.9473684210526315,0.9,0.9230769230769231,1.0,9000,10080,9000,0,0.0,1080,0.10714285714285714,0.8928571428571429,1.0,30,360,0.1,30,30,30,0,0,1.0,1.0,0,0,,,0,0.0,0,0.0,540,1275.0,1275.0,1275.0,0,0.0
collision_same_service_5pct,naive_temporal_window,10248,600,24,0.25,1500,0,0,30,0,0,0,0,0,600,3600,3600,3600,600,600,446,0.7433333333333333,0.7433333333333333,0.7433333333333333,0.7433333333333333,0.7433333333333333,0.9358333333333333,9000,9693,8307,693,0.077,1386,0.14298978644382543,0.8570102135561746,0.923,77,693,0.1925,77,77,77,0,0,1.0,1.0,0,0,,,0,0.0,0,0.0,446,1275.0,1275.0,1275.0,0,0.0
collision_same_service_10pct,strict_service_plus_correlation,10248,600,24,0.25,1500,0,0,60,0,0,0,0,0,600,3600,3600,3600,1200,480,480,0.8,0.8,1.0,0.8,0.888888888888889,0.8333333333333334,9000,7200,7200,1800,0.2,0,0.0,1.0,0.8,60,720,0.2,0,60,60,0,0,1.0,1.0,0,0,,,720,0.2,0,0.0,480,1275.0,1275.0,1275.0,0,0.0
collision_same_service_10pct,correlation_id_only_ablation,10248,600,24,0.25,1500,0,0,60,0,0,0,0,0,600,3600,3600,3600,540,540,480,0.8,0.8,0.8888888888888888,0.8,0.8421052631578948,1.0,9000,11160,9000,0,0.0,2160,0.1935483870967742,0.8064516129032258,1.0,60,720,0.2,60,60,60,0,0,1.0,1.0,0,0,,,0,0.0,0,0.0,480,1275.0,1275.0,1275.0,0,0.0
collision_same_service_10pct,naive_temporal_window,10248,600,24,0.25,1500,0,0,60,0,0,0,0,0,600,3600,3600,3600,600,600,446,0.7433333333333333,0.7433333333333333,0.7433333333333333,0.7433333333333333,0.7433333333333333,0.9358333333333333,9000,9693,8307,693,0.077,1386,0.14298978644382543,0.8570102135561746,0.923,77,693,0.1925,77,77,77,0,0,1.0,1.0,0,0,,,0,0.0,0,0.0,446,1275.0,1275.0,1275.0,0,0.0
collision_cross_service_5pct,strict_service_plus_correlation,10248,600,24,0.25,1500,0,0,30,0,0,0,0,0,600,3600,3600,3600,600,600,600,1.0,1.0,1.0,1.0,1.0,1.0,9000,9000,9000,0,0.0,0,0.0,1.0,1.0,0,0,0.0,0,0,0,0,0,,,0,0,,,0,0.0,0,0.0,600,1275.0,1275.0,1275.0,0,0.0
collision_cross_service_5pct,correlation_id_only_ablation,10248,600,24,0.25,1500,0,0,30,0,0,0,0,0,600,3600,3600,3600,570,570,540,0.9,0.9,0.9473684210526315,0.9,0.9230769230769231,1.0,9000,10080,9000,0,0.0,1080,0.10714285714285714,0.8928571428571429,1.0,30,360,0.1,30,30,30,0,0,1.0,1.0,0,0,,,0,0.0,0,0.0,540,1275.0,1275.0,1275.0,0,0.0
collision_cross_service_5pct,naive_temporal_window,10248,600,24,0.25,1500,0,0,30,0,0,0,0,0,600,3600,3600,3600,600,600,446,0.7433333333333333,0.7433333333333333,0.7433333333333333,0.7433333333333333,0.7433333333333333,0.9358333333333333,9000,9693,8307,693,0.077,1386,0.14298978644382543,0.8570102135561746,0.923,77,693,0.1925,77,77,77,0,0,1.0,1.0,0,0,,,0,0.0,0,0.0,446,1275.0,1275.0,1275.0,0,0.0
duplicate_exact_10pct,strict_service_plus_correlation,10248,600,24,0.25,1500,0,0,0,360,0,0,0,0,600,3600,3600,3960,600,600,600,1.0,1.0,1.0,1.0,1.0,1.0,9000,9000,9000,0,0.0,0,0.0,1.0,1.0,0,0,0.0,0,0,0,0,0,,,0,0,,,0,0.0,360,0.09090909090909091,600,1275.0,1275.0,1275.0,0,0.0
duplicate_exact_10pct,correlation_id_only_ablation,10248,600,24,0.25,1500,0,0,0,360,0,0,0,0,600,3600,3600,3960,600,600,600,1.0,1.0,1.0,1.0,1.0,1.0,9000,9000,9000,0,0.0,0,0.0,1.0,1.0,0,0,0.0,0,0,0,0,0,,,0,0,,,0,0.0,360,0.09090909090909091,600,1275.0,1275.0,1275.0,0,0.0
duplicate_exact_10pct,naive_temporal_window,10248,600,24,0.25,1500,0,0,0,360,0,0,0,0,600,3600,3600,3960,600,600,446,0.7433333333333333,0.7433333333333333,0.7433333333333333,0.7433333333333333,0.7433333333333333,0.9358333333333333,9000,9693,8307,693,0.077,1386,0.14298978644382543,0.8570102135561746,0.923,77,693,0.1925,77,77,77,0,0,1.0,1.0,0,0,,,0,0.0,360,0.09090909090909091,446,1275.0,1275.0,1275.0,0,0.0
duplicate_source_conflict_5pct,strict_service_plus_correlation,10248,600,24,0.25,1500,0,0,0,0,180,0,0,0,600,3600,3600,3780,960,600,446,0.7433333333333333,0.7433333333333333,0.7433333333333333,0.7433333333333333,0.7433333333333333,0.95,9000,8127,8127,873,0.097,0,0.0,1.0,0.903,0,0,0.0,0,0,0,0,0,,,180,180,1.0,1.0,360,0.09523809523809523,0,0.0,446,1275.0,1275.0,1275.0,0,0.0
duplicate_source_conflict_5pct,correlation_id_only_ablation,10248,600,24,0.25,1500,0,0,0,0,180,0,0,0,600,3600,3600,3780,600,600,446,0.7433333333333333,0.7433333333333333,0.7433333333333333,0.7433333333333333,0.7433333333333333,1.0,9000,10107,9000,0,0.0,1107,0.10952804986642921,0.8904719501335708,1.0,0,0,0.0,0,154,0,154,0,0.0,,180,180,1.0,1.0,0,0.0,0,0.0,446,1275.0,1275.0,1275.0,0,0.0
duplicate_source_conflict_5pct,naive_temporal_window,10248,600,24,0.25,1500,0,0,0,0,180,0,0,0,600,3600,3600,3780,600,600,334,0.5566666666666666,0.5566666666666666,0.5566666666666666,0.5566666666666666,0.5566666666666666,0.9358333333333333,9000,10832,8307,693,0.077,2525,0.2331056129985229,0.766894387001477,0.923,77,693,0.1925,77,206,77,129,0,0.3737864077669903,1.0,180,180,1.0,1.0,0,0.0,0,0.0,334,1275.0,1275.0,1275.0,0,0.0
clock_skew_random_10pct_5s,strict_service_plus_correlation,10248,600,24,0.25,1500,0,0,0,0,0,360,0,0,600,3600,3600,3600,1980,324,324,0.54,0.54,1.0,0.54,0.7012987012987013,0.6166666666666667,9000,4860,4860,4140,0.46,0,0.0,1.0,0.54,0,0,0.0,0,276,0,276,0,0.0,,0,0,,,1656,0.46,0,0.0,324,1275.0,1275.0,1275.0,0,0.0
clock_skew_random_10pct_5s,correlation_id_only_ablation,10248,600,24,0.25,1500,0,0,0,0,0,360,0,0,600,3600,3600,3600,600,600,600,1.0,1.0,1.0,1.0,1.0,1.0,9000,9000,9000,0,0.0,0,0.0,1.0,1.0,0,0,0.0,0,276,0,276,0,0.0,,0,0,,,0,0.0,0,0.0,600,1275.0,1275.0,1275.0,0,0.0
clock_skew_random_10pct_5s,naive_temporal_window,10248,600,24,0.25,1500,0,0,0,0,0,360,0,0,600,3600,3600,3600,869,673,234,0.39,0.39,0.3476968796433878,0.39,0.3676355066771406,0.8483333333333334,9000,8060,6778,2222,0.24688888888888888,1282,0.15905707196029778,0.8409429280397023,0.7531111111111111,121,742,0.2061111111111111,121,90,90,0,31,1.0,0.743801652892562,0,0,,,0,0.0,0,0.0,234,1275.0,1275.0,1275.0,0,0.0
late_arrival_10pct_30s,strict_service_plus_correlation,10248,600,24,0.25,1500,0,0,0,0,0,0,360,0,600,3600,3600,3600,600,600,600,1.0,1.0,1.0,1.0,1.0,1.0,9000,9000,9000,0,0.0,0,0.0,1.0,1.0,0,0,0.0,0,0,0,0,0,,,0,0,,,0,0.0,0,0.0,600,1275.0,31275.0,31275.0,130708,0.02017659226328301
late_arrival_10pct_30s,correlation_id_only_ablation,10248,600,24,0.25,1500,0,0,0,0,0,0,360,0,600,3600,3600,3600,600,600,600,1.0,1.0,1.0,1.0,1.0,1.0,9000,9000,9000,0,0.0,0,0.0,1.0,1.0,0,0,0.0,0,0,0,0,0,,,0,0,,,0,0.0,0,0.0,600,1275.0,31275.0,31275.0,130708,0.02017659226328301
late_arrival_10pct_30s,naive_temporal_window,10248,600,24,0.25,1500,0,0,0,0,0,0,360,0,600,3600,3600,3600,600,600,446,0.7433333333333333,0.7433333333333333,0.7433333333333333,0.7433333333333333,0.7433333333333333,0.9358333333333333,9000,9693,8307,693,0.077,1386,0.14298978644382543,0.8570102135561746,0.923,77,693,0.1925,77,77,77,0,0,1.0,1.0,0,0,,,0,0.0,0,0.0,446,1275.0,31275.0,31275.0,130708,0.02017659226328301
out_of_order_jitter_3s,strict_service_plus_correlation,10248,600,24,0.25,1500,0,0,0,0,0,0,0,3600,600,3600,3600,3600,600,600,600,1.0,1.0,1.0,1.0,1.0,1.0,9000,9000,9000,0,0.0,0,0.0,1.0,1.0,0,0,0.0,0,0,0,0,0,,,0,0,,,0,0.0,0,0.0,600,3475.5,4105.449999999999,4262.0,92068,0.014211972461486215
out_of_order_jitter_3s,correlation_id_only_ablation,10248,600,24,0.25,1500,0,0,0,0,0,0,0,3600,600,3600,3600,3600,600,600,600,1.0,1.0,1.0,1.0,1.0,1.0,9000,9000,9000,0,0.0,0,0.0,1.0,1.0,0,0,0.0,0,0,0,0,0,,,0,0,,,0,0.0,0,0.0,600,3475.5,4105.449999999999,4262.0,92068,0.014211972461486215
out_of_order_jitter_3s,naive_temporal_window,10248,600,24,0.25,1500,0,0,0,0,0,0,0,3600,600,3600,3600,3600,600,600,446,0.7433333333333333,0.7433333333333333,0.7433333333333333,0.7433333333333333,0.7433333333333333,0.9358333333333333,9000,9693,8307,693,0.077,1386,0.14298978644382543,0.8570102135561746,0.923,77,693,0.1925,77,77,77,0,0,1.0,1.0,0,0,,,0,0.0,0,0.0,446,3459.5,4103.75,4262.0,92068,0.014211972461486215
compound_adversarial,strict_service_plus_correlation,10248,600,24,0.25,1500,360,0,30,0,0,0,360,3600,600,3600,3600,3600,1218,540,290,0.48333333333333334,0.48333333333333334,0.5370370370370371,0.48333333333333334,0.5087719298245614,0.8283333333333334,9000,6589,6589,2411,0.2678888888888889,0,0.0,1.0,0.7321111111111112,30,318,0.08833333333333333,0,30,30,0,0,1.0,1.0,0,0,,,678,0.18833333333333332,0,0.0,290,4176.0,33420.25,34150.0,207253,0.0319923744249946
compound_adversarial,correlation_id_only_ablation,10248,600,24,0.25,1500,360,0,30,0,0,0,360,3600,600,3600,3600,3600,930,570,290,0.48333333333333334,0.48333333333333334,0.5087719298245614,0.48333333333333334,0.4957264957264957,0.9,9000,8136,7291,1709,0.18988888888888888,845,0.10385939036381514,0.8961406096361848,0.8101111111111111,30,318,0.08833333333333333,30,30,30,0,0,1.0,1.0,0,0,,,360,0.1,0,0.0,290,4176.0,33420.25,34150.0,207253,0.0319923744249946
compound_adversarial,naive_temporal_window,10248,600,24,0.25,1500,360,0,30,0,0,0,360,3600,600,3600,3600,3600,600,600,446,0.7433333333333333,0.7433333333333333,0.7433333333333333,0.7433333333333333,0.7433333333333333,0.9358333333333333,9000,9693,8307,693,0.077,1386,0.14298978644382543,0.8570102135561746,0.923,77,693,0.1925,77,77,77,0,0,1.0,1.0,0,0,,,0,0.0,0,0.0,446,4146.5,33543.25,34150.0,207253,0.0319923744249946
control,strict_service_plus_correlation,10349,600,24,0.25,1500,0,0,0,0,0,0,0,0,600,3600,3600,3600,600,600,600,1.0,1.0,1.0,1.0,1.0,1.0,9000,9000,9000,0,0.0,0,0.0,1.0,1.0,0,0,0.0,0,0,0,0,0,,,0,0,,,0,0.0,0,0.0,600,1275.0,1275.0,1275.0,0,0.0
control,correlation_id_only_ablation,10349,600,24,0.25,1500,0,0,0,0,0,0,0,0,600,3600,3600,3600,600,600,600,1.0,1.0,1.0,1.0,1.0,1.0,9000,9000,9000,0,0.0,0,0.0,1.0,1.0,0,0,0.0,0,0,0,0,0,,,0,0,,,0,0.0,0,0.0,600,1275.0,1275.0,1275.0,0,0.0
control,naive_temporal_window,10349,600,24,0.25,1500,0,0,0,0,0,0,0,0,600,3600,3600,3600,600,600,462,0.77,0.77,0.77,0.77,0.7699999999999999,0.9425,9000,9621,8379,621,0.069,1242,0.12909260991580918,0.8709073900841908,0.931,69,621,0.1725,69,69,69,0,0,1.0,1.0,0,0,,,0,0.0,0,0.0,462,1275.0,1275.0,1275.0,0,0.0
missing_random_1pct,strict_service_plus_correlation,10349,600,24,0.25,1500,36,0,0,0,0,0,0,0,600,3600,3600,3600,636,600,566,0.9433333333333334,0.9433333333333334,0.9433333333333334,0.9433333333333334,0.9433333333333332,0.99,9000,8822,8822,178,0.019777777777777776,0,0.0,1.0,0.9802222222222222,0,0,0.0,0,0,0,0,0,,,0,0,,,36,0.01,0,0.0,566,1275.0,1275.0,1275.0,0,0.0
missing_random_1pct,correlation_id_only_ablation,10349,600,24,0.25,1500,36,0,0,0,0,0,0,0,600,3600,3600,3600,636,600,566,0.9433333333333334,0.9433333333333334,0.9433333333333334,0.9433333333333334,0.9433333333333332,0.99,9000,8822,8822,178,0.019777777777777776,0,0.0,1.0,0.9802222222222222,0,0,0.0,0,0,0,0,0,,,0,0,,,36,0.01,0,0.0,566,1275.0,1275.0,1275.0,0,0.0
missing_random_1pct,naive_temporal_window,10349,600,24,0.25,1500,36,0,0,0,0,0,0,0,600,3600,3600,3600,600,600,462,0.77,0.77,0.77,0.77,0.7699999999999999,0.9425,9000,9621,8379,621,0.069,1242,0.12909260991580918,0.8709073900841908,0.931,69,621,0.1725,69,69,69,0,0,1.0,1.0,0,0,,,0,0.0,0,0.0,462,1275.0,1275.0,1275.0,0,0.0
missing_random_5pct,strict_service_plus_correlation,10349,600,24,0.25,1500,180,0,0,0,0,0,0,0,600,3600,3600,3600,780,600,438,0.73,0.73,0.73,0.73,0.7299999999999999,0.95,9000,8118,8118,882,0.098,0,0.0,1.0,0.902,0,0,0.0,0,0,0,0,0,,,0,0,,,180,0.05,0,0.0,438,1275.0,1275.0,1275.0,0,0.0
missing_random_5pct,correlation_id_only_ablation,10349,600,24,0.25,1500,180,0,0,0,0,0,0,0,600,3600,3600,3600,780,600,438,0.73,0.73,0.73,0.73,0.7299999999999999,0.95,9000,8118,8118,882,0.098,0,0.0,1.0,0.902,0,0,0.0,0,0,0,0,0,,,0,0,,,180,0.05,0,0.0,438,1275.0,1275.0,1275.0,0,0.0
missing_random_5pct,naive_temporal_window,10349,600,24,0.25,1500,180,0,0,0,0,0,0,0,600,3600,3600,3600,600,600,462,0.77,0.77,0.77,0.77,0.7699999999999999,0.9425,9000,9621,8379,621,0.069,1242,0.12909260991580918,0.8709073900841908,0.931,69,621,0.1725,69,69,69,0,0,1.0,1.0,0,0,,,0,0.0,0,0.0,462,1275.0,1275.0,1275.0,0,0.0
missing_random_10pct,strict_service_plus_correlation,10349,600,24,0.25,1500,360,0,0,0,0,0,0,0,600,3600,3600,3600,960,600,313,0.5216666666666666,0.5216666666666666,0.5216666666666666,0.5216666666666666,0.5216666666666666,0.9,9000,7285,7285,1715,0.19055555555555556,0,0.0,1.0,0.8094444444444444,0,0,0.0,0,0,0,0,0,,,0,0,,,360,0.1,0,0.0,313,1275.0,1275.0,1275.0,0,0.0
missing_random_10pct,correlation_id_only_ablation,10349,600,24,0.25,1500,360,0,0,0,0,0,0,0,600,3600,3600,3600,960,600,313,0.5216666666666666,0.5216666666666666,0.5216666666666666,0.5216666666666666,0.5216666666666666,0.9,9000,7285,7285,1715,0.19055555555555556,0,0.0,1.0,0.8094444444444444,0,0,0.0,0,0,0,0,0,,,0,0,,,360,0.1,0,0.0,313,1275.0,1275.0,1275.0,0,0.0
missing_random_10pct,naive_temporal_window,10349,600,24,0.25,1500,360,0,0,0,0,0,0,0,600,3600,3600,3600,600,600,462,0.77,0.77,0.77,0.77,0.7699999999999999,0.9425,9000,9621,8379,621,0.069,1242,0.12909260991580918,0.8709073900841908,0.931,69,621,0.1725,69,69,69,0,0,1.0,1.0,0,0,,,0,0.0,0,0.0,462,1275.0,1275.0,1275.0,0,0.0
missing_random_20pct,strict_service_plus_correlation,10349,600,24,0.25,1500,720,0,0,0,0,0,0,0,600,3600,3600,3600,1320,599,157,0.26166666666666666,0.26166666666666666,0.2621035058430718,0.26166666666666666,0.2618849040867389,0.8,9000,5769,5769,3231,0.359,0,0.0,1.0,0.641,0,0,0.0,0,0,0,0,0,,,0,0,,,720,0.2,0,0.0,157,1275.0,1275.0,1275.0,0,0.0
missing_random_20pct,correlation_id_only_ablation,10349,600,24,0.25,1500,720,0,0,0,0,0,0,0,600,3600,3600,3600,1320,599,157,0.26166666666666666,0.26166666666666666,0.2621035058430718,0.26166666666666666,0.2618849040867389,0.8,9000,5769,5769,3231,0.359,0,0.0,1.0,0.641,0,0,0.0,0,0,0,0,0,,,0,0,,,720,0.2,0,0.0,157,1275.0,1275.0,1275.0,0,0.0
missing_random_20pct,naive_temporal_window,10349,600,24,0.25,1500,720,0,0,0,0,0,0,0,600,3600,3600,3600,600,600,462,0.77,0.77,0.77,0.77,0.7699999999999999,0.9425,9000,9621,8379,621,0.069,1242,0.12909260991580918,0.8709073900841908,0.931,69,621,0.1725,69,69,69,0,0,1.0,1.0,0,0,,,0,0.0,0,0.0,462,1275.0,1275.0,1275.0,0,0.0
wrong_id_same_service_1pct,strict_service_plus_correlation,10349,600,24,0.25,1500,0,36,0,0,0,0,0,0,600,3600,3600,3600,808,565,532,0.8866666666666667,0.8866666666666667,0.9415929203539823,0.8866666666666667,0.9133047210300429,0.9422222222222222,9000,8310,8310,690,0.07666666666666666,0,0.0,1.0,0.9233333333333333,35,243,0.0675,0,35,35,0,0,1.0,1.0,0,0,,,243,0.0675,0,0.0,532,1275.0,1275.0,1275.0,0,0.0
wrong_id_same_service_1pct,correlation_id_only_ablation,10349,600,24,0.25,1500,0,36,0,0,0,0,0,0,600,3600,3600,3600,600,600,532,0.8866666666666667,0.8866666666666667,0.8866666666666667,0.8866666666666667,0.8866666666666667,0.99,9000,9033,8820,180,0.02,213,0.023580205911657257,0.9764197940883428,0.98,35,243,0.0675,35,35,35,0,0,1.0,1.0,0,0,,,0,0.0,0,0.0,532,1275.0,1275.0,1275.0,0,0.0
wrong_id_same_service_1pct,naive_temporal_window,10349,600,24,0.25,1500,0,36,0,0,0,0,0,0,600,3600,3600,3600,600,600,462,0.77,0.77,0.77,0.77,0.7699999999999999,0.9425,9000,9621,8379,621,0.069,1242,0.12909260991580918,0.8709073900841908,0.931,69,621,0.1725,69,69,69,0,0,1.0,1.0,0,0,,,0,0.0,0,0.0,462,1275.0,1275.0,1275.0,0,0.0
wrong_id_same_service_5pct,strict_service_plus_correlation,10349,600,24,0.25,1500,0,180,0,0,0,0,0,0,600,3600,3600,3600,1505,446,321,0.535,0.535,0.7197309417040358,0.535,0.6137667304015296,0.7486111111111111,9000,6026,6026,2974,0.33044444444444443,0,0.0,1.0,0.6695555555555556,154,1059,0.2941666666666667,0,154,154,0,0,1.0,1.0,0,0,,,1059,0.2941666666666667,0,0.0,321,1275.0,1275.0,1275.0,0,0.0
wrong_id_same_service_5pct,correlation_id_only_ablation,10349,600,24,0.25,1500,0,180,0,0,0,0,0,0,600,3600,3600,3600,600,600,321,0.535,0.535,0.535,0.535,0.535,0.95,9000,9176,8115,885,0.09833333333333333,1061,0.11562772449869224,0.8843722755013078,0.9016666666666666,154,1059,0.2941666666666667,154,154,154,0,0,1.0,1.0,0,0,,,0,0.0,0,0.0,321,1275.0,1275.0,1275.0,0,0.0
wrong_id_same_service_5pct,naive_temporal_window,10349,600,24,0.25,1500,0,180,0,0,0,0,0,0,600,3600,3600,3600,600,600,462,0.77,0.77,0.77,0.77,0.7699999999999999,0.9425,9000,9621,8379,621,0.069,1242,0.12909260991580918,0.8709073900841908,0.931,69,621,0.1725,69,69,69,0,0,1.0,1.0,0,0,,,0,0.0,0,0.0,462,1275.0,1275.0,1275.0,0,0.0
wrong_id_same_service_10pct,strict_service_plus_correlation,10349,600,24,0.25,1500,0,360,0,0,0,0,0,0,600,3600,3600,3600,2187,325,170,0.2833333333333333,0.2833333333333333,0.5230769230769231,0.2833333333333333,0.3675675675675676,0.5591666666666667,9000,3879,3879,5121,0.569,0,0.0,1.0,0.431,275,1862,0.5172222222222222,0,275,275,0,0,1.0,1.0,0,0,,,1862,0.5172222222222222,0,0.0,170,1275.0,1275.0,1275.0,0,0.0
wrong_id_same_service_10pct,correlation_id_only_ablation,10349,600,24,0.25,1500,0,360,0,0,0,0,0,0,600,3600,3600,3600,600,600,170,0.2833333333333333,0.2833333333333333,0.2833333333333333,0.2833333333333333,0.2833333333333333,0.9,9000,9383,7309,1691,0.18788888888888888,2074,0.22103804753277204,0.778961952467228,0.8121111111111111,275,1862,0.5172222222222222,275,275,275,0,0,1.0,1.0,0,0,,,0,0.0,0,0.0,170,1275.0,1275.0,1275.0,0,0.0
wrong_id_same_service_10pct,naive_temporal_window,10349,600,24,0.25,1500,0,360,0,0,0,0,0,0,600,3600,3600,3600,600,600,462,0.77,0.77,0.77,0.77,0.7699999999999999,0.9425,9000,9621,8379,621,0.069,1242,0.12909260991580918,0.8709073900841908,0.931,69,621,0.1725,69,69,69,0,0,1.0,1.0,0,0,,,0,0.0,0,0.0,462,1275.0,1275.0,1275.0,0,0.0
wrong_id_same_service_20pct,strict_service_plus_correlation,10349,600,24,0.25,1500,0,720,0,0,0,0,0,0,600,3600,3600,3600,2878,186,58,0.09666666666666666,0.09666666666666666,0.3118279569892473,0.09666666666666666,0.1475826972010178,0.3672222222222222,9000,1855,1855,7145,0.7938888888888889,0,0.0,1.0,0.2061111111111111,414,2692,0.7477777777777778,0,414,414,0,0,1.0,1.0,0,0,,,2692,0.7477777777777778,0,0.0,58,1275.0,1275.0,1275.0,0,0.0
wrong_id_same_service_20pct,correlation_id_only_ablation,10349,600,24,0.25,1500,0,720,0,0,0,0,0,0,600,3600,3600,3600,600,600,58,0.09666666666666666,0.09666666666666666,0.09666666666666666,0.09666666666666666,0.09666666666666666,0.8,9000,9607,5755,3245,0.3605555555555556,3852,0.4009576350577704,0.5990423649422296,0.6394444444444445,414,2692,0.7477777777777778,414,414,414,0,0,1.0,1.0,0,0,,,0,0.0,0,0.0,58,1275.0,1275.0,1275.0,0,0.0
wrong_id_same_service_20pct,naive_temporal_window,10349,600,24,0.25,1500,0,720,0,0,0,0,0,0,600,3600,3600,3600,600,600,462,0.77,0.77,0.77,0.77,0.7699999999999999,0.9425,9000,9621,8379,621,0.069,1242,0.12909260991580918,0.8709073900841908,0.931,69,621,0.1725,69,69,69,0,0,1.0,1.0,0,0,,,0,0.0,0,0.0,462,1275.0,1275.0,1275.0,0,0.0
missing_plane_deployment,strict_service_plus_correlation,10349,600,24,0.25,1500,600,0,0,0,0,0,0,0,600,3600,3600,3600,1200,600,0,0.0,0.0,0.0,0.0,0.0,0.8333333333333334,9000,6000,6000,3000,0.3333333333333333,0,0.0,1.0,0.6666666666666666,0,0,0.0,0,0,0,0,0,,,0,0,,,600,0.16666666666666666,0,0.0,0,,,,0,0.0
missing_plane_deployment,correlation_id_only_ablation,10349,600,24,0.25,1500,600,0,0,0,0,0,0,0,600,3600,3600,3600,1200,600,0,0.0,0.0,0.0,0.0,0.0,0.8333333333333334,9000,6000,6000,3000,0.3333333333333333,0,0.0,1.0,0.6666666666666666,0,0,0.0,0,0,0,0,0,,,0,0,,,600,0.16666666666666666,0,0.0,0,,,,0,0.0
missing_plane_deployment,naive_temporal_window,10349,600,24,0.25,1500,600,0,0,0,0,0,0,0,600,3600,3600,3600,600,600,462,0.77,0.77,0.77,0.77,0.7699999999999999,0.9425,9000,9621,8379,621,0.069,1242,0.12909260991580918,0.8709073900841908,0.931,69,621,0.1725,69,69,69,0,0,1.0,1.0,0,0,,,0,0.0,0,0.0,462,1275.0,1275.0,1275.0,0,0.0
missing_plane_identity,strict_service_plus_correlation,10349,600,24,0.25,1500,600,0,0,0,0,0,0,0,600,3600,3600,3600,1200,600,0,0.0,0.0,0.0,0.0,0.0,0.8333333333333334,9000,6000,6000,3000,0.3333333333333333,0,0.0,1.0,0.6666666666666666,0,0,0.0,0,0,0,0,0,,,0,0,,,600,0.16666666666666666,0,0.0,0,,,,0,0.0
missing_plane_identity,correlation_id_only_ablation,10349,600,24,0.25,1500,600,0,0,0,0,0,0,0,600,3600,3600,3600,1200,600,0,0.0,0.0,0.0,0.0,0.0,0.8333333333333334,9000,6000,6000,3000,0.3333333333333333,0,0.0,1.0,0.6666666666666666,0,0,0.0,0,0,0,0,0,,,0,0,,,600,0.16666666666666666,0,0.0,0,,,,0,0.0
missing_plane_identity,naive_temporal_window,10349,600,24,0.25,1500,600,0,0,0,0,0,0,0,600,3600,3600,3600,600,600,462,0.77,0.77,0.77,0.77,0.7699999999999999,0.9425,9000,9621,8379,621,0.069,1242,0.12909260991580918,0.8709073900841908,0.931,69,621,0.1725,69,69,69,0,0,1.0,1.0,0,0,,,0,0.0,0,0.0,462,1275.0,1275.0,1275.0,0,0.0
missing_plane_policy,strict_service_plus_correlation,10349,600,24,0.25,1500,600,0,0,0,0,0,0,0,600,3600,3600,3600,1200,600,0,0.0,0.0,0.0,0.0,0.0,0.8333333333333334,9000,6000,6000,3000,0.3333333333333333,0,0.0,1.0,0.6666666666666666,0,0,0.0,0,0,0,0,0,,,0,0,,,600,0.16666666666666666,0,0.0,0,,,,0,0.0
missing_plane_policy,correlation_id_only_ablation,10349,600,24,0.25,1500,600,0,0,0,0,0,0,0,600,3600,3600,3600,1200,600,0,0.0,0.0,0.0,0.0,0.0,0.8333333333333334,9000,6000,6000,3000,0.3333333333333333,0,0.0,1.0,0.6666666666666666,0,0,0.0,0,0,0,0,0,,,0,0,,,600,0.16666666666666666,0,0.0,0,,,,0,0.0
missing_plane_policy,naive_temporal_window,10349,600,24,0.25,1500,600,0,0,0,0,0,0,0,600,3600,3600,3600,600,600,462,0.77,0.77,0.77,0.77,0.7699999999999999,0.9425,9000,9621,8379,621,0.069,1242,0.12909260991580918,0.8709073900841908,0.931,69,621,0.1725,69,69,69,0,0,1.0,1.0,0,0,,,0,0.0,0,0.0,462,1275.0,1275.0,1275.0,0,0.0
missing_plane_telemetry,strict_service_plus_correlation,10349,600,24,0.25,1500,600,0,0,0,0,0,0,0,600,3600,3600,3600,1200,600,0,0.0,0.0,0.0,0.0,0.0,0.8333333333333334,9000,6000,6000,3000,0.3333333333333333,0,0.0,1.0,0.6666666666666666,0,0,0.0,0,0,0,0,0,,,0,0,,,600,0.16666666666666666,0,0.0,0,,,,0,0.0
missing_plane_telemetry,correlation_id_only_ablation,10349,600,24,0.25,1500,600,0,0,0,0,0,0,0,600,3600,3600,3600,1200,600,0,0.0,0.0,0.0,0.0,0.0,0.8333333333333334,9000,6000,6000,3000,0.3333333333333333,0,0.0,1.0,0.6666666666666666,0,0,0.0,0,0,0,0,0,,,0,0,,,600,0.16666666666666666,0,0.0,0,,,,0,0.0
missing_plane_telemetry,naive_temporal_window,10349,600,24,0.25,1500,600,0,0,0,0,0,0,0,600,3600,3600,3600,600,600,462,0.77,0.77,0.77,0.77,0.7699999999999999,0.9425,9000,9621,8379,621,0.069,1242,0.12909260991580918,0.8709073900841908,0.931,69,621,0.1725,69,69,69,0,0,1.0,1.0,0,0,,,0,0.0,0,0.0,462,1275.0,1275.0,1275.0,0,0.0
missing_plane_incident,strict_service_plus_correlation,10349,600,24,0.25,1500,600,0,0,0,0,0,0,0,600,3600,3600,3600,1200,600,0,0.0,0.0,0.0,0.0,0.0,0.8333333333333334,9000,6000,6000,3000,0.3333333333333333,0,0.0,1.0,0.6666666666666666,0,0,0.0,0,0,0,0,0,,,0,0,,,600,0.16666666666666666,0,0.0,0,,,,0,0.0
missing_plane_incident,correlation_id_only_ablation,10349,600,24,0.25,1500,600,0,0,0,0,0,0,0,600,3600,3600,3600,1200,600,0,0.0,0.0,0.0,0.0,0.0,0.8333333333333334,9000,6000,6000,3000,0.3333333333333333,0,0.0,1.0,0.6666666666666666,0,0,0.0,0,0,0,0,0,,,0,0,,,600,0.16666666666666666,0,0.0,0,,,,0,0.0
missing_plane_incident,naive_temporal_window,10349,600,24,0.25,1500,600,0,0,0,0,0,0,0,600,3600,3600,3600,600,600,462,0.77,0.77,0.77,0.77,0.7699999999999999,0.9425,9000,9621,8379,621,0.069,1242,0.12909260991580918,0.8709073900841908,0.931,69,621,0.1725,69,69,69,0,0,1.0,1.0,0,0,,,0,0.0,0,0.0,462,1275.0,1275.0,1275.0,0,0.0
missing_plane_recovery,strict_service_plus_correlation,10349,600,24,0.25,1500,600,0,0,0,0,0,0,0,600,3600,3600,3600,1200,600,0,0.0,0.0,0.0,0.0,0.0,0.8333333333333334,9000,6000,6000,3000,0.3333333333333333,0,0.0,1.0,0.6666666666666666,0,0,0.0,0,0,0,0,0,,,0,0,,,600,0.16666666666666666,0,0.0,0,,,,0,0.0
missing_plane_recovery,correlation_id_only_ablation,10349,600,24,0.25,1500,600,0,0,0,0,0,0,0,600,3600,3600,3600,1200,600,0,0.0,0.0,0.0,0.0,0.0,0.8333333333333334,9000,6000,6000,3000,0.3333333333333333,0,0.0,1.0,0.6666666666666666,0,0,0.0,0,0,0,0,0,,,0,0,,,600,0.16666666666666666,0,0.0,0,,,,0,0.0
missing_plane_recovery,naive_temporal_window,10349,600,24,0.25,1500,600,0,0,0,0,0,0,0,600,3600,3600,3600,600,600,462,0.77,0.77,0.77,0.77,0.7699999999999999,0.9425,9000,9621,8379,621,0.069,1242,0.12909260991580918,0.8709073900841908,0.931,69,621,0.1725,69,69,69,0,0,1.0,1.0,0,0,,,0,0.0,0,0.0,462,1275.0,1275.0,1275.0,0,0.0
collision_same_service_1pct,strict_service_plus_correlation,10349,600,24,0.25,1500,0,0,6,0,0,0,0,0,600,3600,3600,3600,660,588,588,0.98,0.98,1.0,0.98,0.98989898989899,0.9833333333333333,9000,8820,8820,180,0.02,0,0.0,1.0,0.98,6,72,0.02,0,6,6,0,0,1.0,1.0,0,0,,,72,0.02,0,0.0,588,1275.0,1275.0,1275.0,0,0.0
collision_same_service_1pct,correlation_id_only_ablation,10349,600,24,0.25,1500,0,0,6,0,0,0,0,0,600,3600,3600,3600,594,594,588,0.98,0.98,0.98989898989899,0.98,0.9849246231155778,1.0,9000,9216,9000,0,0.0,216,0.0234375,0.9765625,1.0,6,72,0.02,6,6,6,0,0,1.0,1.0,0,0,,,0,0.0,0,0.0,588,1275.0,1275.0,1275.0,0,0.0
collision_same_service_1pct,naive_temporal_window,10349,600,24,0.25,1500,0,0,6,0,0,0,0,0,600,3600,3600,3600,600,600,462,0.77,0.77,0.77,0.77,0.7699999999999999,0.9425,9000,9621,8379,621,0.069,1242,0.12909260991580918,0.8709073900841908,0.931,69,621,0.1725,69,69,69,0,0,1.0,1.0,0,0,,,0,0.0,0,0.0,462,1275.0,1275.0,1275.0,0,0.0
collision_same_service_5pct,strict_service_plus_correlation,10349,600,24,0.25,1500,0,0,30,0,0,0,0,0,600,3600,3600,3600,900,540,540,0.9,0.9,1.0,0.9,0.9473684210526316,0.9166666666666666,9000,8100,8100,900,0.1,0,0.0,1.0,0.9,30,360,0.1,0,30,30,0,0,1.0,1.0,0,0,,,360,0.1,0,0.0,540,1275.0,1275.0,1275.0,0,0.0
collision_same_service_5pct,correlation_id_only_ablation,10349,600,24,0.25,1500,0,0,30,0,0,0,0,0,600,3600,3600,3600,570,570,540,0.9,0.9,0.9473684210526315,0.9,0.9230769230769231,1.0,9000,10080,9000,0,0.0,1080,0.10714285714285714,0.8928571428571429,1.0,30,360,0.1,30,30,30,0,0,1.0,1.0,0,0,,,0,0.0,0,0.0,540,1275.0,1275.0,1275.0,0,0.0
collision_same_service_5pct,naive_temporal_window,10349,600,24,0.25,1500,0,0,30,0,0,0,0,0,600,3600,3600,3600,600,600,462,0.77,0.77,0.77,0.77,0.7699999999999999,0.9425,9000,9621,8379,621,0.069,1242,0.12909260991580918,0.8709073900841908,0.931,69,621,0.1725,69,69,69,0,0,1.0,1.0,0,0,,,0,0.0,0,0.0,462,1275.0,1275.0,1275.0,0,0.0
collision_same_service_10pct,strict_service_plus_correlation,10349,600,24,0.25,1500,0,0,60,0,0,0,0,0,600,3600,3600,3600,1200,480,480,0.8,0.8,1.0,0.8,0.888888888888889,0.8333333333333334,9000,7200,7200,1800,0.2,0,0.0,1.0,0.8,60,720,0.2,0,60,60,0,0,1.0,1.0,0,0,,,720,0.2,0,0.0,480,1275.0,1275.0,1275.0,0,0.0
collision_same_service_10pct,correlation_id_only_ablation,10349,600,24,0.25,1500,0,0,60,0,0,0,0,0,600,3600,3600,3600,540,540,480,0.8,0.8,0.8888888888888888,0.8,0.8421052631578948,1.0,9000,11160,9000,0,0.0,2160,0.1935483870967742,0.8064516129032258,1.0,60,720,0.2,60,60,60,0,0,1.0,1.0,0,0,,,0,0.0,0,0.0,480,1275.0,1275.0,1275.0,0,0.0
collision_same_service_10pct,naive_temporal_window,10349,600,24,0.25,1500,0,0,60,0,0,0,0,0,600,3600,3600,3600,600,600,462,0.77,0.77,0.77,0.77,0.7699999999999999,0.9425,9000,9621,8379,621,0.069,1242,0.12909260991580918,0.8709073900841908,0.931,69,621,0.1725,69,69,69,0,0,1.0,1.0,0,0,,,0,0.0,0,0.0,462,1275.0,1275.0,1275.0,0,0.0
collision_cross_service_5pct,strict_service_plus_correlation,10349,600,24,0.25,1500,0,0,30,0,0,0,0,0,600,3600,3600,3600,600,600,600,1.0,1.0,1.0,1.0,1.0,1.0,9000,9000,9000,0,0.0,0,0.0,1.0,1.0,0,0,0.0,0,0,0,0,0,,,0,0,,,0,0.0,0,0.0,600,1275.0,1275.0,1275.0,0,0.0
collision_cross_service_5pct,correlation_id_only_ablation,10349,600,24,0.25,1500,0,0,30,0,0,0,0,0,600,3600,3600,3600,570,570,540,0.9,0.9,0.9473684210526315,0.9,0.9230769230769231,1.0,9000,10080,9000,0,0.0,1080,0.10714285714285714,0.8928571428571429,1.0,30,360,0.1,30,30,30,0,0,1.0,1.0,0,0,,,0,0.0,0,0.0,540,1275.0,1275.0,1275.0,0,0.0
collision_cross_service_5pct,naive_temporal_window,10349,600,24,0.25,1500,0,0,30,0,0,0,0,0,600,3600,3600,3600,600,600,462,0.77,0.77,0.77,0.77,0.7699999999999999,0.9425,9000,9621,8379,621,0.069,1242,0.12909260991580918,0.8709073900841908,0.931,69,621,0.1725,69,69,69,0,0,1.0,1.0,0,0,,,0,0.0,0,0.0,462,1275.0,1275.0,1275.0,0,0.0
duplicate_exact_10pct,strict_service_plus_correlation,10349,600,24,0.25,1500,0,0,0,360,0,0,0,0,600,3600,3600,3960,600,600,600,1.0,1.0,1.0,1.0,1.0,1.0,9000,9000,9000,0,0.0,0,0.0,1.0,1.0,0,0,0.0,0,0,0,0,0,,,0,0,,,0,0.0,360,0.09090909090909091,600,1275.0,1275.0,1275.0,0,0.0
duplicate_exact_10pct,correlation_id_only_ablation,10349,600,24,0.25,1500,0,0,0,360,0,0,0,0,600,3600,3600,3960,600,600,600,1.0,1.0,1.0,1.0,1.0,1.0,9000,9000,9000,0,0.0,0,0.0,1.0,1.0,0,0,0.0,0,0,0,0,0,,,0,0,,,0,0.0,360,0.09090909090909091,600,1275.0,1275.0,1275.0,0,0.0
duplicate_exact_10pct,naive_temporal_window,10349,600,24,0.25,1500,0,0,0,360,0,0,0,0,600,3600,3600,3960,600,600,462,0.77,0.77,0.77,0.77,0.7699999999999999,0.9425,9000,9621,8379,621,0.069,1242,0.12909260991580918,0.8709073900841908,0.931,69,621,0.1725,69,69,69,0,0,1.0,1.0,0,0,,,0,0.0,360,0.09090909090909091,462,1275.0,1275.0,1275.0,0,0.0
duplicate_source_conflict_5pct,strict_service_plus_correlation,10349,600,24,0.25,1500,0,0,0,0,180,0,0,0,600,3600,3600,3780,960,600,442,0.7366666666666667,0.7366666666666667,0.7366666666666667,0.7366666666666667,0.7366666666666667,0.95,9000,8123,8123,877,0.09744444444444444,0,0.0,1.0,0.9025555555555556,0,0,0.0,0,0,0,0,0,,,180,180,1.0,1.0,360,0.09523809523809523,0,0.0,442,1275.0,1275.0,1275.0,0,0.0
duplicate_source_conflict_5pct,correlation_id_only_ablation,10349,600,24,0.25,1500,0,0,0,0,180,0,0,0,600,3600,3600,3780,600,600,442,0.7366666666666667,0.7366666666666667,0.7366666666666667,0.7366666666666667,0.7366666666666667,1.0,9000,10103,9000,0,0.0,1103,0.10917549242799168,0.8908245075720083,1.0,0,0,0.0,0,158,0,158,0,0.0,,180,180,1.0,1.0,0,0.0,0,0.0,442,1275.0,1275.0,1275.0,0,0.0
duplicate_source_conflict_5pct,naive_temporal_window,10349,600,24,0.25,1500,0,0,0,0,180,0,0,0,600,3600,3600,3780,600,600,341,0.5683333333333334,0.5683333333333334,0.5683333333333334,0.5683333333333334,0.5683333333333334,0.9425,9000,10771,8379,621,0.069,2392,0.22207780150403864,0.7779221984959613,0.931,69,621,0.1725,69,202,69,133,0,0.3415841584158416,1.0,180,180,1.0,1.0,0,0.0,0,0.0,341,1275.0,1275.0,1275.0,0,0.0
clock_skew_random_10pct_5s,strict_service_plus_correlation,10349,600,24,0.25,1500,0,0,0,0,0,360,0,0,600,3600,3600,3600,1950,330,330,0.55,0.55,1.0,0.55,0.7096774193548387,0.625,9000,4950,4950,4050,0.45,0,0.0,1.0,0.55,0,0,0.0,0,270,0,270,0,0.0,,0,0,,,1620,0.45,0,0.0,330,1275.0,1275.0,1275.0,0,0.0
clock_skew_random_10pct_5s,correlation_id_only_ablation,10349,600,24,0.25,1500,0,0,0,0,0,360,0,0,600,3600,3600,3600,600,600,600,1.0,1.0,1.0,1.0,1.0,1.0,9000,9000,9000,0,0.0,0,0.0,1.0,1.0,0,0,0.0,0,270,0,270,0,0.0,,0,0,,,0,0.0,0,0.0,600,1275.0,1275.0,1275.0,0,0.0
clock_skew_random_10pct_5s,naive_temporal_window,10349,600,24,0.25,1500,0,0,0,0,0,360,0,0,600,3600,3600,3600,871,672,254,0.42333333333333334,0.42333333333333334,0.37797619047619047,0.42333333333333334,0.39937106918238996,0.8536111111111111,9000,7937,6857,2143,0.2381111111111111,1080,0.13607156356305908,0.863928436436941,0.7618888888888888,110,657,0.1825,110,88,88,0,22,1.0,0.8,0,0,,,0,0.0,0,0.0,254,1275.0,1275.0,1275.0,0,0.0
late_arrival_10pct_30s,strict_service_plus_correlation,10349,600,24,0.25,1500,0,0,0,0,0,0,360,0,600,3600,3600,3600,600,600,600,1.0,1.0,1.0,1.0,1.0,1.0,9000,9000,9000,0,0.0,0,0.0,1.0,1.0,0,0,0.0,0,0,0,0,0,,,0,0,,,0,0.0,0,0.0,600,1275.0,31275.0,31275.0,132134,0.02039671513692075
late_arrival_10pct_30s,correlation_id_only_ablation,10349,600,24,0.25,1500,0,0,0,0,0,0,360,0,600,3600,3600,3600,600,600,600,1.0,1.0,1.0,1.0,1.0,1.0,9000,9000,9000,0,0.0,0,0.0,1.0,1.0,0,0,0.0,0,0,0,0,0,,,0,0,,,0,0.0,0,0.0,600,1275.0,31275.0,31275.0,132134,0.02039671513692075
late_arrival_10pct_30s,naive_temporal_window,10349,600,24,0.25,1500,0,0,0,0,0,0,360,0,600,3600,3600,3600,600,600,462,0.77,0.77,0.77,0.77,0.7699999999999999,0.9425,9000,9621,8379,621,0.069,1242,0.12909260991580918,0.8709073900841908,0.931,69,621,0.1725,69,69,69,0,0,1.0,1.0,0,0,,,0,0.0,0,0.0,462,1275.0,31275.0,31275.0,132134,0.02039671513692075
out_of_order_jitter_3s,strict_service_plus_correlation,10349,600,24,0.25,1500,0,0,0,0,0,0,0,3600,600,3600,3600,3600,600,600,600,1.0,1.0,1.0,1.0,1.0,1.0,9000,9000,9000,0,0.0,0,0.0,1.0,1.0,0,0,0.0,0,0,0,0,0,,,0,0,,,0,0.0,0,0.0,600,3424.0,4104.2,4267.0,91487,0.014122287055046154
out_of_order_jitter_3s,correlation_id_only_ablation,10349,600,24,0.25,1500,0,0,0,0,0,0,0,3600,600,3600,3600,3600,600,600,600,1.0,1.0,1.0,1.0,1.0,1.0,9000,9000,9000,0,0.0,0,0.0,1.0,1.0,0,0,0.0,0,0,0,0,0,,,0,0,,,0,0.0,0,0.0,600,3424.0,4104.2,4267.0,91487,0.014122287055046154
out_of_order_jitter_3s,naive_temporal_window,10349,600,24,0.25,1500,0,0,0,0,0,0,0,3600,600,3600,3600,3600,600,600,462,0.77,0.77,0.77,0.77,0.7699999999999999,0.9425,9000,9621,8379,621,0.069,1242,0.12909260991580918,0.8709073900841908,0.931,69,621,0.1725,69,69,69,0,0,1.0,1.0,0,0,,,0,0.0,0,0.0,462,3430.0,4107.799999999999,4267.0,91487,0.014122287055046154
compound_adversarial,strict_service_plus_correlation,10349,600,24,0.25,1500,360,0,30,0,0,0,360,3600,600,3600,3600,3600,1225,540,285,0.475,0.475,0.5277777777777778,0.475,0.5,0.826388888888889,9000,6553,6553,2447,0.2718888888888889,0,0.0,1.0,0.7281111111111112,30,325,0.09027777777777778,0,30,30,0,0,1.0,1.0,0,0,,,685,0.19027777777777777,0,0.0,285,3924.0,33395.6,33968.0,206294,0.03184433947701522
compound_adversarial,correlation_id_only_ablation,10349,600,24,0.25,1500,360,0,30,0,0,0,360,3600,600,3600,3600,3600,930,570,285,0.475,0.475,0.5,0.475,0.48717948717948717,0.9,9000,8160,7284,1716,0.19066666666666668,876,0.10735294117647058,0.8926470588235295,0.8093333333333333,30,325,0.09027777777777778,30,30,30,0,0,1.0,1.0,0,0,,,360,0.1,0,0.0,285,3924.0,33395.6,33968.0,206294,0.03184433947701522
compound_adversarial,naive_temporal_window,10349,600,24,0.25,1500,360,0,30,0,0,0,360,3600,600,3600,3600,3600,600,600,462,0.77,0.77,0.77,0.77,0.7699999999999999,0.9425,9000,9621,8379,621,0.069,1242,0.12909260991580918,0.8709073900841908,0.931,69,621,0.1725,69,69,69,0,0,1.0,1.0,0,0,,,0,0.0,0,0.0,462,4004.5,33510.7,34256.0,206294,0.03184433947701522
control,strict_service_plus_correlation,10450,600,24,0.25,1500,0,0,0,0,0,0,0,0,600,3600,3600,3600,600,600,600,1.0,1.0,1.0,1.0,1.0,1.0,9000,9000,9000,0,0.0,0,0.0,1.0,1.0,0,0,0.0,0,0,0,0,0,,,0,0,,,0,0.0,0,0.0,600,1275.0,1275.0,1275.0,0,0.0
control,correlation_id_only_ablation,10450,600,24,0.25,1500,0,0,0,0,0,0,0,0,600,3600,3600,3600,600,600,600,1.0,1.0,1.0,1.0,1.0,1.0,9000,9000,9000,0,0.0,0,0.0,1.0,1.0,0,0,0.0,0,0,0,0,0,,,0,0,,,0,0.0,0,0.0,600,1275.0,1275.0,1275.0,0,0.0
control,naive_temporal_window,10450,600,24,0.25,1500,0,0,0,0,0,0,0,0,600,3600,3600,3600,600,600,438,0.73,0.73,0.73,0.73,0.7299999999999999,0.9325,9000,9729,8271,729,0.081,1458,0.1498612395929695,0.8501387604070305,0.919,81,729,0.2025,81,81,81,0,0,1.0,1.0,0,0,,,0,0.0,0,0.0,438,1275.0,1275.0,1275.0,0,0.0
missing_random_1pct,strict_service_plus_correlation,10450,600,24,0.25,1500,36,0,0,0,0,0,0,0,600,3600,3600,3600,636,600,564,0.94,0.94,0.94,0.94,0.94,0.99,9000,8820,8820,180,0.02,0,0.0,1.0,0.98,0,0,0.0,0,0,0,0,0,,,0,0,,,36,0.01,0,0.0,564,1275.0,1275.0,1275.0,0,0.0
missing_random_1pct,correlation_id_only_ablation,10450,600,24,0.25,1500,36,0,0,0,0,0,0,0,600,3600,3600,3600,636,600,564,0.94,0.94,0.94,0.94,0.94,0.99,9000,8820,8820,180,0.02,0,0.0,1.0,0.98,0,0,0.0,0,0,0,0,0,,,0,0,,,36,0.01,0,0.0,564,1275.0,1275.0,1275.0,0,0.0
missing_random_1pct,naive_temporal_window,10450,600,24,0.25,1500,36,0,0,0,0,0,0,0,600,3600,3600,3600,600,600,438,0.73,0.73,0.73,0.73,0.7299999999999999,0.9325,9000,9729,8271,729,0.081,1458,0.1498612395929695,0.8501387604070305,0.919,81,729,0.2025,81,81,81,0,0,1.0,1.0,0,0,,,0,0.0,0,0.0,438,1275.0,1275.0,1275.0,0,0.0
missing_random_5pct,strict_service_plus_correlation,10450,600,24,0.25,1500,180,0,0,0,0,0,0,0,600,3600,3600,3600,780,600,438,0.73,0.73,0.73,0.73,0.7299999999999999,0.95,9000,8118,8118,882,0.098,0,0.0,1.0,0.902,0,0,0.0,0,0,0,0,0,,,0,0,,,180,0.05,0,0.0,438,1275.0,1275.0,1275.0,0,0.0
missing_random_5pct,correlation_id_only_ablation,10450,600,24,0.25,1500,180,0,0,0,0,0,0,0,600,3600,3600,3600,780,600,438,0.73,0.73,0.73,0.73,0.7299999999999999,0.95,9000,8118,8118,882,0.098,0,0.0,1.0,0.902,0,0,0.0,0,0,0,0,0,,,0,0,,,180,0.05,0,0.0,438,1275.0,1275.0,1275.0,0,0.0
missing_random_5pct,naive_temporal_window,10450,600,24,0.25,1500,180,0,0,0,0,0,0,0,600,3600,3600,3600,600,600,438,0.73,0.73,0.73,0.73,0.7299999999999999,0.9325,9000,9729,8271,729,0.081,1458,0.1498612395929695,0.8501387604070305,0.919,81,729,0.2025,81,81,81,0,0,1.0,1.0,0,0,,,0,0.0,0,0.0,438,1275.0,1275.0,1275.0,0,0.0
missing_random_10pct,strict_service_plus_correlation,10450,600,24,0.25,1500,360,0,0,0,0,0,0,0,600,3600,3600,3600,960,600,318,0.53,0.53,0.53,0.53,0.53,0.9,9000,7291,7291,1709,0.18988888888888888,0,0.0,1.0,0.8101111111111111,0,0,0.0,0,0,0,0,0,,,0,0,,,360,0.1,0,0.0,318,1275.0,1275.0,1275.0,0,0.0
missing_random_10pct,correlation_id_only_ablation,10450,600,24,0.25,1500,360,0,0,0,0,0,0,0,600,3600,3600,3600,960,600,318,0.53,0.53,0.53,0.53,0.53,0.9,9000,7291,7291,1709,0.18988888888888888,0,0.0,1.0,0.8101111111111111,0,0,0.0,0,0,0,0,0,,,0,0,,,360,0.1,0,0.0,318,1275.0,1275.0,1275.0,0,0.0
missing_random_10pct,naive_temporal_window,10450,600,24,0.25,1500,360,0,0,0,0,0,0,0,600,3600,3600,3600,600,600,438,0.73,0.73,0.73,0.73,0.7299999999999999,0.9325,9000,9729,8271,729,0.081,1458,0.1498612395929695,0.8501387604070305,0.919,81,729,0.2025,81,81,81,0,0,1.0,1.0,0,0,,,0,0.0,0,0.0,438,1275.0,1275.0,1275.0,0,0.0
missing_random_20pct,strict_service_plus_correlation,10450,600,24,0.25,1500,720,0,0,0,0,0,0,0,600,3600,3600,3600,1320,598,154,0.25666666666666665,0.25666666666666665,0.25752508361204013,0.25666666666666665,0.2570951585976628,0.8,9000,5758,5758,3242,0.3602222222222222,0,0.0,1.0,0.6397777777777778,0,0,0.0,0,0,0,0,0,,,0,0,,,720,0.2,0,0.0,154,1275.0,1275.0,1275.0,0,0.0
missing_random_20pct,correlation_id_only_ablation,10450,600,24,0.25,1500,720,0,0,0,0,0,0,0,600,3600,3600,3600,1320,598,154,0.25666666666666665,0.25666666666666665,0.25752508361204013,0.25666666666666665,0.2570951585976628,0.8,9000,5758,5758,3242,0.3602222222222222,0,0.0,1.0,0.6397777777777778,0,0,0.0,0,0,0,0,0,,,0,0,,,720,0.2,0,0.0,154,1275.0,1275.0,1275.0,0,0.0
missing_random_20pct,naive_temporal_window,10450,600,24,0.25,1500,720,0,0,0,0,0,0,0,600,3600,3600,3600,600,600,438,0.73,0.73,0.73,0.73,0.7299999999999999,0.9325,9000,9729,8271,729,0.081,1458,0.1498612395929695,0.8501387604070305,0.919,81,729,0.2025,81,81,81,0,0,1.0,1.0,0,0,,,0,0.0,0,0.0,438,1275.0,1275.0,1275.0,0,0.0
wrong_id_same_service_1pct,strict_service_plus_correlation,10450,600,24,0.25,1500,0,36,0,0,0,0,0,0,600,3600,3600,3600,809,565,531,0.885,0.885,0.9398230088495575,0.885,0.911587982832618,0.9419444444444445,9000,8305,8305,695,0.07722222222222222,0,0.0,1.0,0.9227777777777778,35,244,0.06777777777777778,0,35,35,0,0,1.0,1.0,0,0,,,244,0.06777777777777778,0,0.0,531,1275.0,1275.0,1275.0,0,0.0
wrong_id_same_service_1pct,correlation_id_only_ablation,10450,600,24,0.25,1500,0,36,0,0,0,0,0,0,600,3600,3600,3600,600,600,531,0.885,0.885,0.885,0.885,0.885,0.99,9000,9035,8820,180,0.02,215,0.023796347537354733,0.9762036524626453,0.98,35,244,0.06777777777777778,35,35,35,0,0,1.0,1.0,0,0,,,0,0.0,0,0.0,531,1275.0,1275.0,1275.0,0,0.0
wrong_id_same_service_1pct,naive_temporal_window,10450,600,24,0.25,1500,0,36,0,0,0,0,0,0,600,3600,3600,3600,600,600,438,0.73,0.73,0.73,0.73,0.7299999999999999,0.9325,9000,9729,8271,729,0.081,1458,0.1498612395929695,0.8501387604070305,0.919,81,729,0.2025,81,81,81,0,0,1.0,1.0,0,0,,,0,0.0,0,0.0,438,1275.0,1275.0,1275.0,0,0.0
wrong_id_same_service_5pct,strict_service_plus_correlation,10450,600,24,0.25,1500,0,180,0,0,0,0,0,0,600,3600,3600,3600,1513,442,331,0.5516666666666666,0.5516666666666666,0.748868778280543,0.5516666666666666,0.6353166986564299,0.7463888888888889,9000,6029,6029,2971,0.33011111111111113,0,0.0,1.0,0.6698888888888889,158,1071,0.2975,0,158,158,0,0,1.0,1.0,0,0,,,1071,0.2975,0,0.0,331,1275.0,1275.0,1275.0,0,0.0
wrong_id_same_service_5pct,correlation_id_only_ablation,10450,600,24,0.25,1500,0,180,0,0,0,0,0,0,600,3600,3600,3600,600,600,331,0.5516666666666666,0.5516666666666666,0.5516666666666666,0.5516666666666666,0.5516666666666666,0.95,9000,9160,8124,876,0.09733333333333333,1036,0.1131004366812227,0.8868995633187773,0.9026666666666666,158,1071,0.2975,158,158,158,0,0,1.0,1.0,0,0,,,0,0.0,0,0.0,331,1275.0,1275.0,1275.0,0,0.0
wrong_id_same_service_5pct,naive_temporal_window,10450,600,24,0.25,1500,0,180,0,0,0,0,0,0,600,3600,3600,3600,600,600,438,0.73,0.73,0.73,0.73,0.7299999999999999,0.9325,9000,9729,8271,729,0.081,1458,0.1498612395929695,0.8501387604070305,0.919,81,729,0.2025,81,81,81,0,0,1.0,1.0,0,0,,,0,0.0,0,0.0,438,1275.0,1275.0,1275.0,0,0.0
wrong_id_same_service_10pct,strict_service_plus_correlation,10450,600,24,0.25,1500,0,360,0,0,0,0,0,0,600,3600,3600,3600,2121,336,173,0.28833333333333333,0.28833333333333333,0.5148809523809523,0.28833333333333333,0.3696581196581196,0.5775,9000,4078,4078,4922,0.5468888888888889,0,0.0,1.0,0.45311111111111113,264,1785,0.49583333333333335,0,264,264,0,0,1.0,1.0,0,0,,,1785,0.49583333333333335,0,0.0,173,1275.0,1275.0,1275.0,0,0.0
wrong_id_same_service_10pct,correlation_id_only_ablation,10450,600,24,0.25,1500,0,360,0,0,0,0,0,0,600,3600,3600,3600,600,600,173,0.28833333333333333,0.28833333333333333,0.28833333333333333,0.28833333333333333,0.28833333333333333,0.9,9000,9343,7288,1712,0.1902222222222222,2055,0.21995076527881838,0.7800492347211816,0.8097777777777778,264,1785,0.49583333333333335,264,264,264,0,0,1.0,1.0,0,0,,,0,0.0,0,0.0,173,1275.0,1275.0,1275.0,0,0.0
wrong_id_same_service_10pct,naive_temporal_window,10450,600,24,0.25,1500,0,360,0,0,0,0,0,0,600,3600,3600,3600,600,600,438,0.73,0.73,0.73,0.73,0.7299999999999999,0.9325,9000,9729,8271,729,0.081,1458,0.1498612395929695,0.8501387604070305,0.919,81,729,0.2025,81,81,81,0,0,1.0,1.0,0,0,,,0,0.0,0,0.0,438,1275.0,1275.0,1275.0,0,0.0
wrong_id_same_service_20pct,strict_service_plus_correlation,10450,600,24,0.25,1500,0,720,0,0,0,0,0,0,600,3600,3600,3600,2912,179,45,0.075,0.075,0.25139664804469275,0.075,0.11553273427471117,0.35777777777777775,9000,1745,1745,7255,0.8061111111111111,0,0.0,1.0,0.1938888888888889,421,2733,0.7591666666666667,0,421,421,0,0,1.0,1.0,0,0,,,2733,0.7591666666666667,0,0.0,45,1275.0,1275.0,1275.0,0,0.0
wrong_id_same_service_20pct,correlation_id_only_ablation,10450,600,24,0.25,1500,0,720,0,0,0,0,0,0,600,3600,3600,3600,600,600,45,0.075,0.075,0.075,0.075,0.075,0.8,9000,9594,5756,3244,0.36044444444444446,3838,0.40004169272461954,0.5999583072753805,0.6395555555555555,421,2733,0.7591666666666667,421,421,421,0,0,1.0,1.0,0,0,,,0,0.0,0,0.0,45,1275.0,1275.0,1275.0,0,0.0
wrong_id_same_service_20pct,naive_temporal_window,10450,600,24,0.25,1500,0,720,0,0,0,0,0,0,600,3600,3600,3600,600,600,438,0.73,0.73,0.73,0.73,0.7299999999999999,0.9325,9000,9729,8271,729,0.081,1458,0.1498612395929695,0.8501387604070305,0.919,81,729,0.2025,81,81,81,0,0,1.0,1.0,0,0,,,0,0.0,0,0.0,438,1275.0,1275.0,1275.0,0,0.0
missing_plane_deployment,strict_service_plus_correlation,10450,600,24,0.25,1500,600,0,0,0,0,0,0,0,600,3600,3600,3600,1200,600,0,0.0,0.0,0.0,0.0,0.0,0.8333333333333334,9000,6000,6000,3000,0.3333333333333333,0,0.0,1.0,0.6666666666666666,0,0,0.0,0,0,0,0,0,,,0,0,,,600,0.16666666666666666,0,0.0,0,,,,0,0.0
missing_plane_deployment,correlation_id_only_ablation,10450,600,24,0.25,1500,600,0,0,0,0,0,0,0,600,3600,3600,3600,1200,600,0,0.0,0.0,0.0,0.0,0.0,0.8333333333333334,9000,6000,6000,3000,0.3333333333333333,0,0.0,1.0,0.6666666666666666,0,0,0.0,0,0,0,0,0,,,0,0,,,600,0.16666666666666666,0,0.0,0,,,,0,0.0
missing_plane_deployment,naive_temporal_window,10450,600,24,0.25,1500,600,0,0,0,0,0,0,0,600,3600,3600,3600,600,600,438,0.73,0.73,0.73,0.73,0.7299999999999999,0.9325,9000,9729,8271,729,0.081,1458,0.1498612395929695,0.8501387604070305,0.919,81,729,0.2025,81,81,81,0,0,1.0,1.0,0,0,,,0,0.0,0,0.0,438,1275.0,1275.0,1275.0,0,0.0
missing_plane_identity,strict_service_plus_correlation,10450,600,24,0.25,1500,600,0,0,0,0,0,0,0,600,3600,3600,3600,1200,600,0,0.0,0.0,0.0,0.0,0.0,0.8333333333333334,9000,6000,6000,3000,0.3333333333333333,0,0.0,1.0,0.6666666666666666,0,0,0.0,0,0,0,0,0,,,0,0,,,600,0.16666666666666666,0,0.0,0,,,,0,0.0
missing_plane_identity,correlation_id_only_ablation,10450,600,24,0.25,1500,600,0,0,0,0,0,0,0,600,3600,3600,3600,1200,600,0,0.0,0.0,0.0,0.0,0.0,0.8333333333333334,9000,6000,6000,3000,0.3333333333333333,0,0.0,1.0,0.6666666666666666,0,0,0.0,0,0,0,0,0,,,0,0,,,600,0.16666666666666666,0,0.0,0,,,,0,0.0
missing_plane_identity,naive_temporal_window,10450,600,24,0.25,1500,600,0,0,0,0,0,0,0,600,3600,3600,3600,600,600,438,0.73,0.73,0.73,0.73,0.7299999999999999,0.9325,9000,9729,8271,729,0.081,1458,0.1498612395929695,0.8501387604070305,0.919,81,729,0.2025,81,81,81,0,0,1.0,1.0,0,0,,,0,0.0,0,0.0,438,1275.0,1275.0,1275.0,0,0.0
missing_plane_policy,strict_service_plus_correlation,10450,600,24,0.25,1500,600,0,0,0,0,0,0,0,600,3600,3600,3600,1200,600,0,0.0,0.0,0.0,0.0,0.0,0.8333333333333334,9000,6000,6000,3000,0.3333333333333333,0,0.0,1.0,0.6666666666666666,0,0,0.0,0,0,0,0,0,,,0,0,,,600,0.16666666666666666,0,0.0,0,,,,0,0.0
missing_plane_policy,correlation_id_only_ablation,10450,600,24,0.25,1500,600,0,0,0,0,0,0,0,600,3600,3600,3600,1200,600,0,0.0,0.0,0.0,0.0,0.0,0.8333333333333334,9000,6000,6000,3000,0.3333333333333333,0,0.0,1.0,0.6666666666666666,0,0,0.0,0,0,0,0,0,,,0,0,,,600,0.16666666666666666,0,0.0,0,,,,0,0.0
missing_plane_policy,naive_temporal_window,10450,600,24,0.25,1500,600,0,0,0,0,0,0,0,600,3600,3600,3600,600,600,438,0.73,0.73,0.73,0.73,0.7299999999999999,0.9325,9000,9729,8271,729,0.081,1458,0.1498612395929695,0.8501387604070305,0.919,81,729,0.2025,81,81,81,0,0,1.0,1.0,0,0,,,0,0.0,0,0.0,438,1275.0,1275.0,1275.0,0,0.0
missing_plane_telemetry,strict_service_plus_correlation,10450,600,24,0.25,1500,600,0,0,0,0,0,0,0,600,3600,3600,3600,1200,600,0,0.0,0.0,0.0,0.0,0.0,0.8333333333333334,9000,6000,6000,3000,0.3333333333333333,0,0.0,1.0,0.6666666666666666,0,0,0.0,0,0,0,0,0,,,0,0,,,600,0.16666666666666666,0,0.0,0,,,,0,0.0
missing_plane_telemetry,correlation_id_only_ablation,10450,600,24,0.25,1500,600,0,0,0,0,0,0,0,600,3600,3600,3600,1200,600,0,0.0,0.0,0.0,0.0,0.0,0.8333333333333334,9000,6000,6000,3000,0.3333333333333333,0,0.0,1.0,0.6666666666666666,0,0,0.0,0,0,0,0,0,,,0,0,,,600,0.16666666666666666,0,0.0,0,,,,0,0.0
missing_plane_telemetry,naive_temporal_window,10450,600,24,0.25,1500,600,0,0,0,0,0,0,0,600,3600,3600,3600,600,600,438,0.73,0.73,0.73,0.73,0.7299999999999999,0.9325,9000,9729,8271,729,0.081,1458,0.1498612395929695,0.8501387604070305,0.919,81,729,0.2025,81,81,81,0,0,1.0,1.0,0,0,,,0,0.0,0,0.0,438,1275.0,1275.0,1275.0,0,0.0
missing_plane_incident,strict_service_plus_correlation,10450,600,24,0.25,1500,600,0,0,0,0,0,0,0,600,3600,3600,3600,1200,600,0,0.0,0.0,0.0,0.0,0.0,0.8333333333333334,9000,6000,6000,3000,0.3333333333333333,0,0.0,1.0,0.6666666666666666,0,0,0.0,0,0,0,0,0,,,0,0,,,600,0.16666666666666666,0,0.0,0,,,,0,0.0
missing_plane_incident,correlation_id_only_ablation,10450,600,24,0.25,1500,600,0,0,0,0,0,0,0,600,3600,3600,3600,1200,600,0,0.0,0.0,0.0,0.0,0.0,0.8333333333333334,9000,6000,6000,3000,0.3333333333333333,0,0.0,1.0,0.6666666666666666,0,0,0.0,0,0,0,0,0,,,0,0,,,600,0.16666666666666666,0,0.0,0,,,,0,0.0
missing_plane_incident,naive_temporal_window,10450,600,24,0.25,1500,600,0,0,0,0,0,0,0,600,3600,3600,3600,600,600,438,0.73,0.73,0.73,0.73,0.7299999999999999,0.9325,9000,9729,8271,729,0.081,1458,0.1498612395929695,0.8501387604070305,0.919,81,729,0.2025,81,81,81,0,0,1.0,1.0,0,0,,,0,0.0,0,0.0,438,1275.0,1275.0,1275.0,0,0.0
missing_plane_recovery,strict_service_plus_correlation,10450,600,24,0.25,1500,600,0,0,0,0,0,0,0,600,3600,3600,3600,1200,600,0,0.0,0.0,0.0,0.0,0.0,0.8333333333333334,9000,6000,6000,3000,0.3333333333333333,0,0.0,1.0,0.6666666666666666,0,0,0.0,0,0,0,0,0,,,0,0,,,600,0.16666666666666666,0,0.0,0,,,,0,0.0
missing_plane_recovery,correlation_id_only_ablation,10450,600,24,0.25,1500,600,0,0,0,0,0,0,0,600,3600,3600,3600,1200,600,0,0.0,0.0,0.0,0.0,0.0,0.8333333333333334,9000,6000,6000,3000,0.3333333333333333,0,0.0,1.0,0.6666666666666666,0,0,0.0,0,0,0,0,0,,,0,0,,,600,0.16666666666666666,0,0.0,0,,,,0,0.0
missing_plane_recovery,naive_temporal_window,10450,600,24,0.25,1500,600,0,0,0,0,0,0,0,600,3600,3600,3600,600,600,438,0.73,0.73,0.73,0.73,0.7299999999999999,0.9325,9000,9729,8271,729,0.081,1458,0.1498612395929695,0.8501387604070305,0.919,81,729,0.2025,81,81,81,0,0,1.0,1.0,0,0,,,0,0.0,0,0.0,438,1275.0,1275.0,1275.0,0,0.0
collision_same_service_1pct,strict_service_plus_correlation,10450,600,24,0.25,1500,0,0,6,0,0,0,0,0,600,3600,3600,3600,660,588,588,0.98,0.98,1.0,0.98,0.98989898989899,0.9833333333333333,9000,8820,8820,180,0.02,0,0.0,1.0,0.98,6,72,0.02,0,6,6,0,0,1.0,1.0,0,0,,,72,0.02,0,0.0,588,1275.0,1275.0,1275.0,0,0.0
collision_same_service_1pct,correlation_id_only_ablation,10450,600,24,0.25,1500,0,0,6,0,0,0,0,0,600,3600,3600,3600,594,594,588,0.98,0.98,0.98989898989899,0.98,0.9849246231155778,1.0,9000,9216,9000,0,0.0,216,0.0234375,0.9765625,1.0,6,72,0.02,6,6,6,0,0,1.0,1.0,0,0,,,0,0.0,0,0.0,588,1275.0,1275.0,1275.0,0,0.0
collision_same_service_1pct,naive_temporal_window,10450,600,24,0.25,1500,0,0,6,0,0,0,0,0,600,3600,3600,3600,600,600,438,0.73,0.73,0.73,0.73,0.7299999999999999,0.9325,9000,9729,8271,729,0.081,1458,0.1498612395929695,0.8501387604070305,0.919,81,729,0.2025,81,81,81,0,0,1.0,1.0,0,0,,,0,0.0,0,0.0,438,1275.0,1275.0,1275.0,0,0.0
collision_same_service_5pct,strict_service_plus_correlation,10450,600,24,0.25,1500,0,0,30,0,0,0,0,0,600,3600,3600,3600,900,540,540,0.9,0.9,1.0,0.9,0.9473684210526316,0.9166666666666666,9000,8100,8100,900,0.1,0,0.0,1.0,0.9,30,360,0.1,0,30,30,0,0,1.0,1.0,0,0,,,360,0.1,0,0.0,540,1275.0,1275.0,1275.0,0,0.0
collision_same_service_5pct,correlation_id_only_ablation,10450,600,24,0.25,1500,0,0,30,0,0,0,0,0,600,3600,3600,3600,570,570,540,0.9,0.9,0.9473684210526315,0.9,0.9230769230769231,1.0,9000,10080,9000,0,0.0,1080,0.10714285714285714,0.8928571428571429,1.0,30,360,0.1,30,30,30,0,0,1.0,1.0,0,0,,,0,0.0,0,0.0,540,1275.0,1275.0,1275.0,0,0.0
collision_same_service_5pct,naive_temporal_window,10450,600,24,0.25,1500,0,0,30,0,0,0,0,0,600,3600,3600,3600,600,600,438,0.73,0.73,0.73,0.73,0.7299999999999999,0.9325,9000,9729,8271,729,0.081,1458,0.1498612395929695,0.8501387604070305,0.919,81,729,0.2025,81,81,81,0,0,1.0,1.0,0,0,,,0,0.0,0,0.0,438,1275.0,1275.0,1275.0,0,0.0
collision_same_service_10pct,strict_service_plus_correlation,10450,600,24,0.25,1500,0,0,60,0,0,0,0,0,600,3600,3600,3600,1200,480,480,0.8,0.8,1.0,0.8,0.888888888888889,0.8333333333333334,9000,7200,7200,1800,0.2,0,0.0,1.0,0.8,60,720,0.2,0,60,60,0,0,1.0,1.0,0,0,,,720,0.2,0,0.0,480,1275.0,1275.0,1275.0,0,0.0
collision_same_service_10pct,correlation_id_only_ablation,10450,600,24,0.25,1500,0,0,60,0,0,0,0,0,600,3600,3600,3600,540,540,480,0.8,0.8,0.8888888888888888,0.8,0.8421052631578948,1.0,9000,11160,9000,0,0.0,2160,0.1935483870967742,0.8064516129032258,1.0,60,720,0.2,60,60,60,0,0,1.0,1.0,0,0,,,0,0.0,0,0.0,480,1275.0,1275.0,1275.0,0,0.0
collision_same_service_10pct,naive_temporal_window,10450,600,24,0.25,1500,0,0,60,0,0,0,0,0,600,3600,3600,3600,600,600,438,0.73,0.73,0.73,0.73,0.7299999999999999,0.9325,9000,9729,8271,729,0.081,1458,0.1498612395929695,0.8501387604070305,0.919,81,729,0.2025,81,81,81,0,0,1.0,1.0,0,0,,,0,0.0,0,0.0,438,1275.0,1275.0,1275.0,0,0.0
collision_cross_service_5pct,strict_service_plus_correlation,10450,600,24,0.25,1500,0,0,30,0,0,0,0,0,600,3600,3600,3600,600,600,600,1.0,1.0,1.0,1.0,1.0,1.0,9000,9000,9000,0,0.0,0,0.0,1.0,1.0,0,0,0.0,0,0,0,0,0,,,0,0,,,0,0.0,0,0.0,600,1275.0,1275.0,1275.0,0,0.0
collision_cross_service_5pct,correlation_id_only_ablation,10450,600,24,0.25,1500,0,0,30,0,0,0,0,0,600,3600,3600,3600,570,570,540,0.9,0.9,0.9473684210526315,0.9,0.9230769230769231,1.0,9000,10080,9000,0,0.0,1080,0.10714285714285714,0.8928571428571429,1.0,30,360,0.1,30,30,30,0,0,1.0,1.0,0,0,,,0,0.0,0,0.0,540,1275.0,1275.0,1275.0,0,0.0
collision_cross_service_5pct,naive_temporal_window,10450,600,24,0.25,1500,0,0,30,0,0,0,0,0,600,3600,3600,3600,600,600,438,0.73,0.73,0.73,0.73,0.7299999999999999,0.9325,9000,9729,8271,729,0.081,1458,0.1498612395929695,0.8501387604070305,0.919,81,729,0.2025,81,81,81,0,0,1.0,1.0,0,0,,,0,0.0,0,0.0,438,1275.0,1275.0,1275.0,0,0.0
duplicate_exact_10pct,strict_service_plus_correlation,10450,600,24,0.25,1500,0,0,0,360,0,0,0,0,600,3600,3600,3960,600,600,600,1.0,1.0,1.0,1.0,1.0,1.0,9000,9000,9000,0,0.0,0,0.0,1.0,1.0,0,0,0.0,0,0,0,0,0,,,0,0,,,0,0.0,360,0.09090909090909091,600,1275.0,1275.0,1275.0,0,0.0
duplicate_exact_10pct,correlation_id_only_ablation,10450,600,24,0.25,1500,0,0,0,360,0,0,0,0,600,3600,3600,3960,600,600,600,1.0,1.0,1.0,1.0,1.0,1.0,9000,9000,9000,0,0.0,0,0.0,1.0,1.0,0,0,0.0,0,0,0,0,0,,,0,0,,,0,0.0,360,0.09090909090909091,600,1275.0,1275.0,1275.0,0,0.0
duplicate_exact_10pct,naive_temporal_window,10450,600,24,0.25,1500,0,0,0,360,0,0,0,0,600,3600,3600,3960,600,600,438,0.73,0.73,0.73,0.73,0.7299999999999999,0.9325,9000,9729,8271,729,0.081,1458,0.1498612395929695,0.8501387604070305,0.919,81,729,0.2025,81,81,81,0,0,1.0,1.0,0,0,,,0,0.0,360,0.09090909090909091,438,1275.0,1275.0,1275.0,0,0.0
duplicate_source_conflict_5pct,strict_service_plus_correlation,10450,600,24,0.25,1500,0,0,0,0,180,0,0,0,600,3600,3600,3780,960,600,436,0.7266666666666667,0.7266666666666667,0.7266666666666667,0.7266666666666667,0.7266666666666666,0.95,9000,8116,8116,884,0.09822222222222222,0,0.0,1.0,0.9017777777777778,0,0,0.0,0,0,0,0,0,,,180,180,1.0,1.0,360,0.09523809523809523,0,0.0,436,1275.0,1275.0,1275.0,0,0.0
duplicate_source_conflict_5pct,correlation_id_only_ablation,10450,600,24,0.25,1500,0,0,0,0,180,0,0,0,600,3600,3600,3780,600,600,436,0.7266666666666667,0.7266666666666667,0.7266666666666667,0.7266666666666667,0.7266666666666666,1.0,9000,10096,9000,0,0.0,1096,0.10855784469096671,0.8914421553090333,1.0,0,0,0.0,0,164,0,164,0,0.0,,180,180,1.0,1.0,0,0.0,0,0.0,436,1275.0,1275.0,1275.0,0,0.0
duplicate_source_conflict_5pct,naive_temporal_window,10450,600,24,0.25,1500,0,0,0,0,180,0,0,0,600,3600,3600,3780,600,600,319,0.5316666666666666,0.5316666666666666,0.5316666666666666,0.5316666666666666,0.5316666666666666,0.9325,9000,10871,8271,729,0.081,2600,0.2391684297672707,0.7608315702327293,0.919,81,729,0.2025,81,217,81,136,0,0.37327188940092165,1.0,180,180,1.0,1.0,0,0.0,0,0.0,319,1275.0,1275.0,1275.0,0,0.0
clock_skew_random_10pct_5s,strict_service_plus_correlation,10450,600,24,0.25,1500,0,0,0,0,0,360,0,0,600,3600,3600,3600,2010,318,318,0.53,0.53,1.0,0.53,0.6928104575163399,0.6083333333333333,9000,4770,4770,4230,0.47,0,0.0,1.0,0.53,0,0,0.0,0,282,0,282,0,0.0,,0,0,,,1692,0.47,0,0.0,318,1275.0,1275.0,1275.0,0,0.0
clock_skew_random_10pct_5s,correlation_id_only_ablation,10450,600,24,0.25,1500,0,0,0,0,0,360,0,0,600,3600,3600,3600,600,600,600,1.0,1.0,1.0,1.0,1.0,1.0,9000,9000,9000,0,0.0,0,0.0,1.0,1.0,0,0,0.0,0,282,0,282,0,0.0,,0,0,,,0,0.0,0,0.0,600,1275.0,1275.0,1275.0,0,0.0
clock_skew_random_10pct_5s,naive_temporal_window,10450,600,24,0.25,1500,0,0,0,0,0,360,0,0,600,3600,3600,3600,890,654,229,0.38166666666666665,0.38166666666666665,0.35015290519877673,0.38166666666666665,0.365231259968102,0.8441666666666666,9000,7988,6722,2278,0.2531111111111111,1266,0.1584877315973961,0.841512268402604,0.7468888888888889,114,739,0.20527777777777778,114,96,96,0,18,1.0,0.8421052631578947,0,0,,,0,0.0,0,0.0,229,1275.0,1275.0,1275.0,0,0.0
late_arrival_10pct_30s,strict_service_plus_correlation,10450,600,24,0.25,1500,0,0,0,0,0,0,360,0,600,3600,3600,3600,600,600,600,1.0,1.0,1.0,1.0,1.0,1.0,9000,9000,9000,0,0.0,0,0.0,1.0,1.0,0,0,0.0,0,0,0,0,0,,,0,0,,,0,0.0,0,0.0,600,1275.0,31275.0,31275.0,131292,0.02026674076132259
late_arrival_10pct_30s,correlation_id_only_ablation,10450,600,24,0.25,1500,0,0,0,0,0,0,360,0,600,3600,3600,3600,600,600,600,1.0,1.0,1.0,1.0,1.0,1.0,9000,9000,9000,0,0.0,0,0.0,1.0,1.0,0,0,0.0,0,0,0,0,0,,,0,0,,,0,0.0,0,0.0,600,1275.0,31275.0,31275.0,131292,0.02026674076132259
late_arrival_10pct_30s,naive_temporal_window,10450,600,24,0.25,1500,0,0,0,0,0,0,360,0,600,3600,3600,3600,600,600,438,0.73,0.73,0.73,0.73,0.7299999999999999,0.9325,9000,9729,8271,729,0.081,1458,0.1498612395929695,0.8501387604070305,0.919,81,729,0.2025,81,81,81,0,0,1.0,1.0,0,0,,,0,0.0,0,0.0,438,1275.0,31275.0,31275.0,131292,0.02026674076132259
out_of_order_jitter_3s,strict_service_plus_correlation,10450,600,24,0.25,1500,0,0,0,0,0,0,0,3600,600,3600,3600,3600,600,600,600,1.0,1.0,1.0,1.0,1.0,1.0,9000,9000,9000,0,0.0,0,0.0,1.0,1.0,0,0,0.0,0,0,0,0,0,,,0,0,,,0,0.0,0,0.0,600,3479.5,4078.3999999999996,4266.0,94417,0.01457457318390911
out_of_order_jitter_3s,correlation_id_only_ablation,10450,600,24,0.25,1500,0,0,0,0,0,0,0,3600,600,3600,3600,3600,600,600,600,1.0,1.0,1.0,1.0,1.0,1.0,9000,9000,9000,0,0.0,0,0.0,1.0,1.0,0,0,0.0,0,0,0,0,0,,,0,0,,,0,0.0,0,0.0,600,3479.5,4078.3999999999996,4266.0,94417,0.01457457318390911
out_of_order_jitter_3s,naive_temporal_window,10450,600,24,0.25,1500,0,0,0,0,0,0,0,3600,600,3600,3600,3600,600,600,438,0.73,0.73,0.73,0.73,0.7299999999999999,0.9325,9000,9729,8271,729,0.081,1458,0.1498612395929695,0.8501387604070305,0.919,81,729,0.2025,81,81,81,0,0,1.0,1.0,0,0,,,0,0.0,0,0.0,438,3489.5,4086.4500000000003,4266.0,94417,0.01457457318390911
compound_adversarial,strict_service_plus_correlation,10450,600,24,0.25,1500,360,0,30,0,0,0,360,3600,600,3600,3600,3600,1214,540,289,0.4816666666666667,0.4816666666666667,0.5351851851851852,0.4816666666666667,0.5070175438596491,0.8294444444444444,9000,6602,6602,2398,0.26644444444444443,0,0.0,1.0,0.7335555555555555,30,314,0.08722222222222223,0,30,30,0,0,1.0,1.0,0,0,,,674,0.18722222222222223,0,0.0,289,4096.0,33562.0,34123.0,205078,0.03165663301534377
compound_adversarial,correlation_id_only_ablation,10450,600,24,0.25,1500,360,0,30,0,0,0,360,3600,600,3600,3600,3600,930,570,289,0.4816666666666667,0.4816666666666667,0.5070175438596491,0.4816666666666667,0.49401709401709404,0.9,9000,8109,7286,1714,0.19044444444444444,823,0.10149216919472191,0.8985078308052781,0.8095555555555556,30,314,0.08722222222222223,30,30,30,0,0,1.0,1.0,0,0,,,360,0.1,0,0.0,289,4096.0,33562.0,34123.0,205078,0.03165663301534377
compound_adversarial,naive_temporal_window,10450,600,24,0.25,1500,360,0,30,0,0,0,360,3600,600,3600,3600,3600,600,600,438,0.73,0.73,0.73,0.73,0.7299999999999999,0.9325,9000,9729,8271,729,0.081,1458,0.1498612395929695,0.8501387604070305,0.919,81,729,0.2025,81,81,81,0,0,1.0,1.0,0,0,,,0,0.0,0,0.0,438,4094.0,33541.05,34215.0,205078,0.03165663301534377
control,strict_service_plus_correlation,10551,600,24,0.25,1500,0,0,0,0,0,0,0,0,600,3600,3600,3600,600,600,600,1.0,1.0,1.0,1.0,1.0,1.0,9000,9000,9000,0,0.0,0,0.0,1.0,1.0,0,0,0.0,0,0,0,0,0,,,0,0,,,0,0.0,0,0.0,600,1275.0,1275.0,1275.0,0,0.0
control,correlation_id_only_ablation,10551,600,24,0.25,1500,0,0,0,0,0,0,0,0,600,3600,3600,3600,600,600,600,1.0,1.0,1.0,1.0,1.0,1.0,9000,9000,9000,0,0.0,0,0.0,1.0,1.0,0,0,0.0,0,0,0,0,0,,,0,0,,,0,0.0,0,0.0,600,1275.0,1275.0,1275.0,0,0.0
control,naive_temporal_window,10551,600,24,0.25,1500,0,0,0,0,0,0,0,0,600,3600,3600,3600,600,600,452,0.7533333333333333,0.7533333333333333,0.7533333333333333,0.7533333333333333,0.7533333333333333,0.9383333333333334,9000,9666,8334,666,0.074,1332,0.1378026070763501,0.8621973929236499,0.926,74,666,0.185,74,74,74,0,0,1.0,1.0,0,0,,,0,0.0,0,0.0,452,1275.0,1275.0,1275.0,0,0.0
missing_random_1pct,strict_service_plus_correlation,10551,600,24,0.25,1500,36,0,0,0,0,0,0,0,600,3600,3600,3600,636,600,566,0.9433333333333334,0.9433333333333334,0.9433333333333334,0.9433333333333334,0.9433333333333332,0.99,9000,8822,8822,178,0.019777777777777776,0,0.0,1.0,0.9802222222222222,0,0,0.0,0,0,0,0,0,,,0,0,,,36,0.01,0,0.0,566,1275.0,1275.0,1275.0,0,0.0
missing_random_1pct,correlation_id_only_ablation,10551,600,24,0.25,1500,36,0,0,0,0,0,0,0,600,3600,3600,3600,636,600,566,0.9433333333333334,0.9433333333333334,0.9433333333333334,0.9433333333333334,0.9433333333333332,0.99,9000,8822,8822,178,0.019777777777777776,0,0.0,1.0,0.9802222222222222,0,0,0.0,0,0,0,0,0,,,0,0,,,36,0.01,0,0.0,566,1275.0,1275.0,1275.0,0,0.0
missing_random_1pct,naive_temporal_window,10551,600,24,0.25,1500,36,0,0,0,0,0,0,0,600,3600,3600,3600,600,600,452,0.7533333333333333,0.7533333333333333,0.7533333333333333,0.7533333333333333,0.7533333333333333,0.9383333333333334,9000,9666,8334,666,0.074,1332,0.1378026070763501,0.8621973929236499,0.926,74,666,0.185,74,74,74,0,0,1.0,1.0,0,0,,,0,0.0,0,0.0,452,1275.0,1275.0,1275.0,0,0.0
missing_random_5pct,strict_service_plus_correlation,10551,600,24,0.25,1500,180,0,0,0,0,0,0,0,600,3600,3600,3600,780,600,441,0.735,0.735,0.735,0.735,0.735,0.95,9000,8121,8121,879,0.09766666666666667,0,0.0,1.0,0.9023333333333333,0,0,0.0,0,0,0,0,0,,,0,0,,,180,0.05,0,0.0,441,1275.0,1275.0,1275.0,0,0.0
missing_random_5pct,correlation_id_only_ablation,10551,600,24,0.25,1500,180,0,0,0,0,0,0,0,600,3600,3600,3600,780,600,441,0.735,0.735,0.735,0.735,0.735,0.95,9000,8121,8121,879,0.09766666666666667,0,0.0,1.0,0.9023333333333333,0,0,0.0,0,0,0,0,0,,,0,0,,,180,0.05,0,0.0,441,1275.0,1275.0,1275.0,0,0.0
missing_random_5pct,naive_temporal_window,10551,600,24,0.25,1500,180,0,0,0,0,0,0,0,600,3600,3600,3600,600,600,452,0.7533333333333333,0.7533333333333333,0.7533333333333333,0.7533333333333333,0.7533333333333333,0.9383333333333334,9000,9666,8334,666,0.074,1332,0.1378026070763501,0.8621973929236499,0.926,74,666,0.185,74,74,74,0,0,1.0,1.0,0,0,,,0,0.0,0,0.0,452,1275.0,1275.0,1275.0,0,0.0
missing_random_10pct,strict_service_plus_correlation,10551,600,24,0.25,1500,360,0,0,0,0,0,0,0,600,3600,3600,3600,960,600,310,0.5166666666666667,0.5166666666666667,0.5166666666666667,0.5166666666666667,0.5166666666666667,0.9,9000,7280,7280,1720,0.19111111111111112,0,0.0,1.0,0.8088888888888889,0,0,0.0,0,0,0,0,0,,,0,0,,,360,0.1,0,0.0,310,1275.0,1275.0,1275.0,0,0.0
missing_random_10pct,correlation_id_only_ablation,10551,600,24,0.25,1500,360,0,0,0,0,0,0,0,600,3600,3600,3600,960,600,310,0.5166666666666667,0.5166666666666667,0.5166666666666667,0.5166666666666667,0.5166666666666667,0.9,9000,7280,7280,1720,0.19111111111111112,0,0.0,1.0,0.8088888888888889,0,0,0.0,0,0,0,0,0,,,0,0,,,360,0.1,0,0.0,310,1275.0,1275.0,1275.0,0,0.0
missing_random_10pct,naive_temporal_window,10551,600,24,0.25,1500,360,0,0,0,0,0,0,0,600,3600,3600,3600,600,600,452,0.7533333333333333,0.7533333333333333,0.7533333333333333,0.7533333333333333,0.7533333333333333,0.9383333333333334,9000,9666,8334,666,0.074,1332,0.1378026070763501,0.8621973929236499,0.926,74,666,0.185,74,74,74,0,0,1.0,1.0,0,0,,,0,0.0,0,0.0,452,1275.0,1275.0,1275.0,0,0.0
missing_random_20pct,strict_service_plus_correlation,10551,600,24,0.25,1500,720,0,0,0,0,0,0,0,600,3600,3600,3600,1320,598,157,0.26166666666666666,0.26166666666666666,0.2625418060200669,0.26166666666666666,0.2621035058430718,0.8,9000,5762,5762,3238,0.35977777777777775,0,0.0,1.0,0.6402222222222222,0,0,0.0,0,0,0,0,0,,,0,0,,,720,0.2,0,0.0,157,1275.0,1275.0,1275.0,0,0.0
missing_random_20pct,correlation_id_only_ablation,10551,600,24,0.25,1500,720,0,0,0,0,0,0,0,600,3600,3600,3600,1320,598,157,0.26166666666666666,0.26166666666666666,0.2625418060200669,0.26166666666666666,0.2621035058430718,0.8,9000,5762,5762,3238,0.35977777777777775,0,0.0,1.0,0.6402222222222222,0,0,0.0,0,0,0,0,0,,,0,0,,,720,0.2,0,0.0,157,1275.0,1275.0,1275.0,0,0.0
missing_random_20pct,naive_temporal_window,10551,600,24,0.25,1500,720,0,0,0,0,0,0,0,600,3600,3600,3600,600,600,452,0.7533333333333333,0.7533333333333333,0.7533333333333333,0.7533333333333333,0.7533333333333333,0.9383333333333334,9000,9666,8334,666,0.074,1332,0.1378026070763501,0.8621973929236499,0.926,74,666,0.185,74,74,74,0,0,1.0,1.0,0,0,,,0,0.0,0,0.0,452,1275.0,1275.0,1275.0,0,0.0
wrong_id_same_service_1pct,strict_service_plus_correlation,10551,600,24,0.25,1500,0,36,0,0,0,0,0,0,600,3600,3600,3600,815,564,529,0.8816666666666667,0.8816666666666667,0.9379432624113475,0.8816666666666667,0.9089347079037801,0.9402777777777778,9000,8285,8285,715,0.07944444444444444,0,0.0,1.0,0.9205555555555556,36,251,0.06972222222222223,0,36,36,0,0,1.0,1.0,0,0,,,251,0.06972222222222223,0,0.0,529,1275.0,1275.0,1275.0,0,0.0
wrong_id_same_service_1pct,correlation_id_only_ablation,10551,600,24,0.25,1500,0,36,0,0,0,0,0,0,600,3600,3600,3600,600,600,529,0.8816666666666667,0.8816666666666667,0.8816666666666667,0.8816666666666667,0.8816666666666667,0.99,9000,9035,8820,180,0.02,215,0.023796347537354733,0.9762036524626453,0.98,36,251,0.06972222222222223,36,36,36,0,0,1.0,1.0,0,0,,,0,0.0,0,0.0,529,1275.0,1275.0,1275.0,0,0.0
wrong_id_same_service_1pct,naive_temporal_window,10551,600,24,0.25,1500,0,36,0,0,0,0,0,0,600,3600,3600,3600,600,600,452,0.7533333333333333,0.7533333333333333,0.7533333333333333,0.7533333333333333,0.7533333333333333,0.9383333333333334,9000,9666,8334,666,0.074,1332,0.1378026070763501,0.8621973929236499,0.926,74,666,0.185,74,74,74,0,0,1.0,1.0,0,0,,,0,0.0,0,0.0,452,1275.0,1275.0,1275.0,0,0.0
wrong_id_same_service_5pct,strict_service_plus_correlation,10551,600,24,0.25,1500,0,180,0,0,0,0,0,0,600,3600,3600,3600,1502,448,326,0.5433333333333333,0.5433333333333333,0.7276785714285714,0.5433333333333333,0.6221374045801528,0.7494444444444445,9000,6031,6031,2969,0.3298888888888889,0,0.0,1.0,0.6701111111111111,152,1054,0.2927777777777778,0,152,152,0,0,1.0,1.0,0,0,,,1054,0.2927777777777778,0,0.0,326,1275.0,1275.0,1275.0,0,0.0
wrong_id_same_service_5pct,correlation_id_only_ablation,10551,600,24,0.25,1500,0,180,0,0,0,0,0,0,600,3600,3600,3600,600,600,326,0.5433333333333333,0.5433333333333333,0.5433333333333333,0.5433333333333333,0.5433333333333333,0.95,9000,9187,8126,874,0.0971111111111111,1061,0.11548927832807228,0.8845107216719277,0.9028888888888889,152,1054,0.2927777777777778,152,152,152,0,0,1.0,1.0,0,0,,,0,0.0,0,0.0,326,1275.0,1275.0,1275.0,0,0.0
wrong_id_same_service_5pct,naive_temporal_window,10551,600,24,0.25,1500,0,180,0,0,0,0,0,0,600,3600,3600,3600,600,600,452,0.7533333333333333,0.7533333333333333,0.7533333333333333,0.7533333333333333,0.7533333333333333,0.9383333333333334,9000,9666,8334,666,0.074,1332,0.1378026070763501,0.8621973929236499,0.926,74,666,0.185,74,74,74,0,0,1.0,1.0,0,0,,,0,0.0,0,0.0,452,1275.0,1275.0,1275.0,0,0.0
wrong_id_same_service_10pct,strict_service_plus_correlation,10551,600,24,0.25,1500,0,360,0,0,0,0,0,0,600,3600,3600,3600,2118,336,184,0.30666666666666664,0.30666666666666664,0.5476190476190477,0.30666666666666664,0.39316239316239315,0.5783333333333334,9000,4101,4101,4899,0.5443333333333333,0,0.0,1.0,0.45566666666666666,264,1782,0.495,0,264,264,0,0,1.0,1.0,0,0,,,1782,0.495,0,0.0,184,1275.0,1275.0,1275.0,0,0.0
wrong_id_same_service_10pct,correlation_id_only_ablation,10551,600,24,0.25,1500,0,360,0,0,0,0,0,0,600,3600,3600,3600,600,600,184,0.30666666666666664,0.30666666666666664,0.30666666666666664,0.30666666666666664,0.30666666666666664,0.9,9000,9367,7309,1691,0.18788888888888888,2058,0.2197074837194406,0.7802925162805594,0.8121111111111111,264,1782,0.495,264,264,264,0,0,1.0,1.0,0,0,,,0,0.0,0,0.0,184,1275.0,1275.0,1275.0,0,0.0
wrong_id_same_service_10pct,naive_temporal_window,10551,600,24,0.25,1500,0,360,0,0,0,0,0,0,600,3600,3600,3600,600,600,452,0.7533333333333333,0.7533333333333333,0.7533333333333333,0.7533333333333333,0.7533333333333333,0.9383333333333334,9000,9666,8334,666,0.074,1332,0.1378026070763501,0.8621973929236499,0.926,74,666,0.185,74,74,74,0,0,1.0,1.0,0,0,,,0,0.0,0,0.0,452,1275.0,1275.0,1275.0,0,0.0
wrong_id_same_service_20pct,strict_service_plus_correlation,10551,600,24,0.25,1500,0,720,0,0,0,0,0,0,600,3600,3600,3600,2934,178,45,0.075,0.075,0.25280898876404495,0.075,0.11568123393316196,0.3516666666666667,9000,1664,1664,7336,0.8151111111111111,0,0.0,1.0,0.18488888888888888,421,2755,0.7652777777777777,0,421,421,0,0,1.0,1.0,0,0,,,2755,0.7652777777777777,0,0.0,45,1275.0,1275.0,1275.0,0,0.0
wrong_id_same_service_20pct,correlation_id_only_ablation,10551,600,24,0.25,1500,0,720,0,0,0,0,0,0,600,3600,3600,3600,600,599,45,0.075,0.075,0.07512520868113523,0.075,0.07506255212677232,0.8005555555555556,9000,9672,5786,3214,0.3571111111111111,3886,0.401778329197684,0.5982216708023159,0.6428888888888888,421,2755,0.7652777777777777,421,421,421,0,0,1.0,1.0,0,0,,,0,0.0,0,0.0,45,1275.0,1275.0,1275.0,0,0.0
wrong_id_same_service_20pct,naive_temporal_window,10551,600,24,0.25,1500,0,720,0,0,0,0,0,0,600,3600,3600,3600,600,600,452,0.7533333333333333,0.7533333333333333,0.7533333333333333,0.7533333333333333,0.7533333333333333,0.9383333333333334,9000,9666,8334,666,0.074,1332,0.1378026070763501,0.8621973929236499,0.926,74,666,0.185,74,74,74,0,0,1.0,1.0,0,0,,,0,0.0,0,0.0,452,1275.0,1275.0,1275.0,0,0.0
missing_plane_deployment,strict_service_plus_correlation,10551,600,24,0.25,1500,600,0,0,0,0,0,0,0,600,3600,3600,3600,1200,600,0,0.0,0.0,0.0,0.0,0.0,0.8333333333333334,9000,6000,6000,3000,0.3333333333333333,0,0.0,1.0,0.6666666666666666,0,0,0.0,0,0,0,0,0,,,0,0,,,600,0.16666666666666666,0,0.0,0,,,,0,0.0
missing_plane_deployment,correlation_id_only_ablation,10551,600,24,0.25,1500,600,0,0,0,0,0,0,0,600,3600,3600,3600,1200,600,0,0.0,0.0,0.0,0.0,0.0,0.8333333333333334,9000,6000,6000,3000,0.3333333333333333,0,0.0,1.0,0.6666666666666666,0,0,0.0,0,0,0,0,0,,,0,0,,,600,0.16666666666666666,0,0.0,0,,,,0,0.0
missing_plane_deployment,naive_temporal_window,10551,600,24,0.25,1500,600,0,0,0,0,0,0,0,600,3600,3600,3600,600,600,452,0.7533333333333333,0.7533333333333333,0.7533333333333333,0.7533333333333333,0.7533333333333333,0.9383333333333334,9000,9666,8334,666,0.074,1332,0.1378026070763501,0.8621973929236499,0.926,74,666,0.185,74,74,74,0,0,1.0,1.0,0,0,,,0,0.0,0,0.0,452,1275.0,1275.0,1275.0,0,0.0
missing_plane_identity,strict_service_plus_correlation,10551,600,24,0.25,1500,600,0,0,0,0,0,0,0,600,3600,3600,3600,1200,600,0,0.0,0.0,0.0,0.0,0.0,0.8333333333333334,9000,6000,6000,3000,0.3333333333333333,0,0.0,1.0,0.6666666666666666,0,0,0.0,0,0,0,0,0,,,0,0,,,600,0.16666666666666666,0,0.0,0,,,,0,0.0
missing_plane_identity,correlation_id_only_ablation,10551,600,24,0.25,1500,600,0,0,0,0,0,0,0,600,3600,3600,3600,1200,600,0,0.0,0.0,0.0,0.0,0.0,0.8333333333333334,9000,6000,6000,3000,0.3333333333333333,0,0.0,1.0,0.6666666666666666,0,0,0.0,0,0,0,0,0,,,0,0,,,600,0.16666666666666666,0,0.0,0,,,,0,0.0
missing_plane_identity,naive_temporal_window,10551,600,24,0.25,1500,600,0,0,0,0,0,0,0,600,3600,3600,3600,600,600,452,0.7533333333333333,0.7533333333333333,0.7533333333333333,0.7533333333333333,0.7533333333333333,0.9383333333333334,9000,9666,8334,666,0.074,1332,0.1378026070763501,0.8621973929236499,0.926,74,666,0.185,74,74,74,0,0,1.0,1.0,0,0,,,0,0.0,0,0.0,452,1275.0,1275.0,1275.0,0,0.0
missing_plane_policy,strict_service_plus_correlation,10551,600,24,0.25,1500,600,0,0,0,0,0,0,0,600,3600,3600,3600,1200,600,0,0.0,0.0,0.0,0.0,0.0,0.8333333333333334,9000,6000,6000,3000,0.3333333333333333,0,0.0,1.0,0.6666666666666666,0,0,0.0,0,0,0,0,0,,,0,0,,,600,0.16666666666666666,0,0.0,0,,,,0,0.0
missing_plane_policy,correlation_id_only_ablation,10551,600,24,0.25,1500,600,0,0,0,0,0,0,0,600,3600,3600,3600,1200,600,0,0.0,0.0,0.0,0.0,0.0,0.8333333333333334,9000,6000,6000,3000,0.3333333333333333,0,0.0,1.0,0.6666666666666666,0,0,0.0,0,0,0,0,0,,,0,0,,,600,0.16666666666666666,0,0.0,0,,,,0,0.0
missing_plane_policy,naive_temporal_window,10551,600,24,0.25,1500,600,0,0,0,0,0,0,0,600,3600,3600,3600,600,600,452,0.7533333333333333,0.7533333333333333,0.7533333333333333,0.7533333333333333,0.7533333333333333,0.9383333333333334,9000,9666,8334,666,0.074,1332,0.1378026070763501,0.8621973929236499,0.926,74,666,0.185,74,74,74,0,0,1.0,1.0,0,0,,,0,0.0,0,0.0,452,1275.0,1275.0,1275.0,0,0.0
missing_plane_telemetry,strict_service_plus_correlation,10551,600,24,0.25,1500,600,0,0,0,0,0,0,0,600,3600,3600,3600,1200,600,0,0.0,0.0,0.0,0.0,0.0,0.8333333333333334,9000,6000,6000,3000,0.3333333333333333,0,0.0,1.0,0.6666666666666666,0,0,0.0,0,0,0,0,0,,,0,0,,,600,0.16666666666666666,0,0.0,0,,,,0,0.0
missing_plane_telemetry,correlation_id_only_ablation,10551,600,24,0.25,1500,600,0,0,0,0,0,0,0,600,3600,3600,3600,1200,600,0,0.0,0.0,0.0,0.0,0.0,0.8333333333333334,9000,6000,6000,3000,0.3333333333333333,0,0.0,1.0,0.6666666666666666,0,0,0.0,0,0,0,0,0,,,0,0,,,600,0.16666666666666666,0,0.0,0,,,,0,0.0
missing_plane_telemetry,naive_temporal_window,10551,600,24,0.25,1500,600,0,0,0,0,0,0,0,600,3600,3600,3600,600,600,452,0.7533333333333333,0.7533333333333333,0.7533333333333333,0.7533333333333333,0.7533333333333333,0.9383333333333334,9000,9666,8334,666,0.074,1332,0.1378026070763501,0.8621973929236499,0.926,74,666,0.185,74,74,74,0,0,1.0,1.0,0,0,,,0,0.0,0,0.0,452,1275.0,1275.0,1275.0,0,0.0
missing_plane_incident,strict_service_plus_correlation,10551,600,24,0.25,1500,600,0,0,0,0,0,0,0,600,3600,3600,3600,1200,600,0,0.0,0.0,0.0,0.0,0.0,0.8333333333333334,9000,6000,6000,3000,0.3333333333333333,0,0.0,1.0,0.6666666666666666,0,0,0.0,0,0,0,0,0,,,0,0,,,600,0.16666666666666666,0,0.0,0,,,,0,0.0
missing_plane_incident,correlation_id_only_ablation,10551,600,24,0.25,1500,600,0,0,0,0,0,0,0,600,3600,3600,3600,1200,600,0,0.0,0.0,0.0,0.0,0.0,0.8333333333333334,9000,6000,6000,3000,0.3333333333333333,0,0.0,1.0,0.6666666666666666,0,0,0.0,0,0,0,0,0,,,0,0,,,600,0.16666666666666666,0,0.0,0,,,,0,0.0
missing_plane_incident,naive_temporal_window,10551,600,24,0.25,1500,600,0,0,0,0,0,0,0,600,3600,3600,3600,600,600,452,0.7533333333333333,0.7533333333333333,0.7533333333333333,0.7533333333333333,0.7533333333333333,0.9383333333333334,9000,9666,8334,666,0.074,1332,0.1378026070763501,0.8621973929236499,0.926,74,666,0.185,74,74,74,0,0,1.0,1.0,0,0,,,0,0.0,0,0.0,452,1275.0,1275.0,1275.0,0,0.0
missing_plane_recovery,strict_service_plus_correlation,10551,600,24,0.25,1500,600,0,0,0,0,0,0,0,600,3600,3600,3600,1200,600,0,0.0,0.0,0.0,0.0,0.0,0.8333333333333334,9000,6000,6000,3000,0.3333333333333333,0,0.0,1.0,0.6666666666666666,0,0,0.0,0,0,0,0,0,,,0,0,,,600,0.16666666666666666,0,0.0,0,,,,0,0.0
missing_plane_recovery,correlation_id_only_ablation,10551,600,24,0.25,1500,600,0,0,0,0,0,0,0,600,3600,3600,3600,1200,600,0,0.0,0.0,0.0,0.0,0.0,0.8333333333333334,9000,6000,6000,3000,0.3333333333333333,0,0.0,1.0,0.6666666666666666,0,0,0.0,0,0,0,0,0,,,0,0,,,600,0.16666666666666666,0,0.0,0,,,,0,0.0
missing_plane_recovery,naive_temporal_window,10551,600,24,0.25,1500,600,0,0,0,0,0,0,0,600,3600,3600,3600,600,600,452,0.7533333333333333,0.7533333333333333,0.7533333333333333,0.7533333333333333,0.7533333333333333,0.9383333333333334,9000,9666,8334,666,0.074,1332,0.1378026070763501,0.8621973929236499,0.926,74,666,0.185,74,74,74,0,0,1.0,1.0,0,0,,,0,0.0,0,0.0,452,1275.0,1275.0,1275.0,0,0.0
collision_same_service_1pct,strict_service_plus_correlation,10551,600,24,0.25,1500,0,0,6,0,0,0,0,0,600,3600,3600,3600,660,588,588,0.98,0.98,1.0,0.98,0.98989898989899,0.9833333333333333,9000,8820,8820,180,0.02,0,0.0,1.0,0.98,6,72,0.02,0,6,6,0,0,1.0,1.0,0,0,,,72,0.02,0,0.0,588,1275.0,1275.0,1275.0,0,0.0
collision_same_service_1pct,correlation_id_only_ablation,10551,600,24,0.25,1500,0,0,6,0,0,0,0,0,600,3600,3600,3600,594,594,588,0.98,0.98,0.98989898989899,0.98,0.9849246231155778,1.0,9000,9216,9000,0,0.0,216,0.0234375,0.9765625,1.0,6,72,0.02,6,6,6,0,0,1.0,1.0,0,0,,,0,0.0,0,0.0,588,1275.0,1275.0,1275.0,0,0.0
collision_same_service_1pct,naive_temporal_window,10551,600,24,0.25,1500,0,0,6,0,0,0,0,0,600,3600,3600,3600,600,600,452,0.7533333333333333,0.7533333333333333,0.7533333333333333,0.7533333333333333,0.7533333333333333,0.9383333333333334,9000,9666,8334,666,0.074,1332,0.1378026070763501,0.8621973929236499,0.926,74,666,0.185,74,74,74,0,0,1.0,1.0,0,0,,,0,0.0,0,0.0,452,1275.0,1275.0,1275.0,0,0.0
collision_same_service_5pct,strict_service_plus_correlation,10551,600,24,0.25,1500,0,0,30,0,0,0,0,0,600,3600,3600,3600,900,540,540,0.9,0.9,1.0,0.9,0.9473684210526316,0.9166666666666666,9000,8100,8100,900,0.1,0,0.0,1.0,0.9,30,360,0.1,0,30,30,0,0,1.0,1.0,0,0,,,360,0.1,0,0.0,540,1275.0,1275.0,1275.0,0,0.0
collision_same_service_5pct,correlation_id_only_ablation,10551,600,24,0.25,1500,0,0,30,0,0,0,0,0,600,3600,3600,3600,570,570,540,0.9,0.9,0.9473684210526315,0.9,0.9230769230769231,1.0,9000,10080,9000,0,0.0,1080,0.10714285714285714,0.8928571428571429,1.0,30,360,0.1,30,30,30,0,0,1.0,1.0,0,0,,,0,0.0,0,0.0,540,1275.0,1275.0,1275.0,0,0.0
collision_same_service_5pct,naive_temporal_window,10551,600,24,0.25,1500,0,0,30,0,0,0,0,0,600,3600,3600,3600,600,600,452,0.7533333333333333,0.7533333333333333,0.7533333333333333,0.7533333333333333,0.7533333333333333,0.9383333333333334,9000,9666,8334,666,0.074,1332,0.1378026070763501,0.8621973929236499,0.926,74,666,0.185,74,74,74,0,0,1.0,1.0,0,0,,,0,0.0,0,0.0,452,1275.0,1275.0,1275.0,0,0.0
collision_same_service_10pct,strict_service_plus_correlation,10551,600,24,0.25,1500,0,0,60,0,0,0,0,0,600,3600,3600,3600,1200,480,480,0.8,0.8,1.0,0.8,0.888888888888889,0.8333333333333334,9000,7200,7200,1800,0.2,0,0.0,1.0,0.8,60,720,0.2,0,60,60,0,0,1.0,1.0,0,0,,,720,0.2,0,0.0,480,1275.0,1275.0,1275.0,0,0.0
collision_same_service_10pct,correlation_id_only_ablation,10551,600,24,0.25,1500,0,0,60,0,0,0,0,0,600,3600,3600,3600,540,540,480,0.8,0.8,0.8888888888888888,0.8,0.8421052631578948,1.0,9000,11160,9000,0,0.0,2160,0.1935483870967742,0.8064516129032258,1.0,60,720,0.2,60,60,60,0,0,1.0,1.0,0,0,,,0,0.0,0,0.0,480,1275.0,1275.0,1275.0,0,0.0
collision_same_service_10pct,naive_temporal_window,10551,600,24,0.25,1500,0,0,60,0,0,0,0,0,600,3600,3600,3600,600,600,452,0.7533333333333333,0.7533333333333333,0.7533333333333333,0.7533333333333333,0.7533333333333333,0.9383333333333334,9000,9666,8334,666,0.074,1332,0.1378026070763501,0.8621973929236499,0.926,74,666,0.185,74,74,74,0,0,1.0,1.0,0,0,,,0,0.0,0,0.0,452,1275.0,1275.0,1275.0,0,0.0
collision_cross_service_5pct,strict_service_plus_correlation,10551,600,24,0.25,1500,0,0,30,0,0,0,0,0,600,3600,3600,3600,600,600,600,1.0,1.0,1.0,1.0,1.0,1.0,9000,9000,9000,0,0.0,0,0.0,1.0,1.0,0,0,0.0,0,0,0,0,0,,,0,0,,,0,0.0,0,0.0,600,1275.0,1275.0,1275.0,0,0.0
collision_cross_service_5pct,correlation_id_only_ablation,10551,600,24,0.25,1500,0,0,30,0,0,0,0,0,600,3600,3600,3600,570,570,540,0.9,0.9,0.9473684210526315,0.9,0.9230769230769231,1.0,9000,10080,9000,0,0.0,1080,0.10714285714285714,0.8928571428571429,1.0,30,360,0.1,30,30,30,0,0,1.0,1.0,0,0,,,0,0.0,0,0.0,540,1275.0,1275.0,1275.0,0,0.0
collision_cross_service_5pct,naive_temporal_window,10551,600,24,0.25,1500,0,0,30,0,0,0,0,0,600,3600,3600,3600,600,600,452,0.7533333333333333,0.7533333333333333,0.7533333333333333,0.7533333333333333,0.7533333333333333,0.9383333333333334,9000,9666,8334,666,0.074,1332,0.1378026070763501,0.8621973929236499,0.926,74,666,0.185,74,74,74,0,0,1.0,1.0,0,0,,,0,0.0,0,0.0,452,1275.0,1275.0,1275.0,0,0.0
duplicate_exact_10pct,strict_service_plus_correlation,10551,600,24,0.25,1500,0,0,0,360,0,0,0,0,600,3600,3600,3960,600,600,600,1.0,1.0,1.0,1.0,1.0,1.0,9000,9000,9000,0,0.0,0,0.0,1.0,1.0,0,0,0.0,0,0,0,0,0,,,0,0,,,0,0.0,360,0.09090909090909091,600,1275.0,1275.0,1275.0,0,0.0
duplicate_exact_10pct,correlation_id_only_ablation,10551,600,24,0.25,1500,0,0,0,360,0,0,0,0,600,3600,3600,3960,600,600,600,1.0,1.0,1.0,1.0,1.0,1.0,9000,9000,9000,0,0.0,0,0.0,1.0,1.0,0,0,0.0,0,0,0,0,0,,,0,0,,,0,0.0,360,0.09090909090909091,600,1275.0,1275.0,1275.0,0,0.0
duplicate_exact_10pct,naive_temporal_window,10551,600,24,0.25,1500,0,0,0,360,0,0,0,0,600,3600,3600,3960,600,600,452,0.7533333333333333,0.7533333333333333,0.7533333333333333,0.7533333333333333,0.7533333333333333,0.9383333333333334,9000,9666,8334,666,0.074,1332,0.1378026070763501,0.8621973929236499,0.926,74,666,0.185,74,74,74,0,0,1.0,1.0,0,0,,,0,0.0,360,0.09090909090909091,452,1275.0,1275.0,1275.0,0,0.0
duplicate_source_conflict_5pct,strict_service_plus_correlation,10551,600,24,0.25,1500,0,0,0,0,180,0,0,0,600,3600,3600,3780,960,600,436,0.7266666666666667,0.7266666666666667,0.7266666666666667,0.7266666666666667,0.7266666666666666,0.95,9000,8116,8116,884,0.09822222222222222,0,0.0,1.0,0.9017777777777778,0,0,0.0,0,0,0,0,0,,,180,180,1.0,1.0,360,0.09523809523809523,0,0.0,436,1275.0,1275.0,1275.0,0,0.0
duplicate_source_conflict_5pct,correlation_id_only_ablation,10551,600,24,0.25,1500,0,0,0,0,180,0,0,0,600,3600,3600,3780,600,600,436,0.7266666666666667,0.7266666666666667,0.7266666666666667,0.7266666666666667,0.7266666666666666,1.0,9000,10096,9000,0,0.0,1096,0.10855784469096671,0.8914421553090333,1.0,0,0,0.0,0,164,0,164,0,0.0,,180,180,1.0,1.0,0,0.0,0,0.0,436,1275.0,1275.0,1275.0,0,0.0
duplicate_source_conflict_5pct,naive_temporal_window,10551,600,24,0.25,1500,0,0,0,0,180,0,0,0,600,3600,3600,3780,600,600,323,0.5383333333333333,0.5383333333333333,0.5383333333333333,0.5383333333333333,0.5383333333333333,0.9383333333333334,9000,10822,8334,666,0.074,2488,0.22990205137682498,0.770097948623175,0.926,74,666,0.185,74,212,74,138,0,0.3490566037735849,1.0,180,180,1.0,1.0,0,0.0,0,0.0,323,1275.0,1275.0,1275.0,0,0.0
clock_skew_random_10pct_5s,strict_service_plus_correlation,10551,600,24,0.25,1500,0,0,0,0,0,360,0,0,600,3600,3600,3600,1995,321,321,0.535,0.535,1.0,0.535,0.6970684039087948,0.6125,9000,4815,4815,4185,0.465,0,0.0,1.0,0.535,0,0,0.0,0,279,0,279,0,0.0,,0,0,,,1674,0.465,0,0.0,321,1275.0,1275.0,1275.0,0,0.0
clock_skew_random_10pct_5s,correlation_id_only_ablation,10551,600,24,0.25,1500,0,0,0,0,0,360,0,0,600,3600,3600,3600,600,600,600,1.0,1.0,1.0,1.0,1.0,1.0,9000,9000,9000,0,0.0,0,0.0,1.0,1.0,0,0,0.0,0,279,0,279,0,0.0,,0,0,,,0,0.0,0,0.0,600,1275.0,1275.0,1275.0,0,0.0
clock_skew_random_10pct_5s,naive_temporal_window,10551,600,24,0.25,1500,0,0,0,0,0,360,0,0,600,3600,3600,3600,880,671,240,0.4,0.4,0.35767511177347244,0.4,0.37765538945712035,0.8494444444444444,9000,7971,6798,2202,0.24466666666666667,1173,0.14715844937899888,0.8528415506210011,0.7553333333333333,106,685,0.19027777777777777,106,87,87,0,19,1.0,0.8207547169811321,0,0,,,0,0.0,0,0.0,240,1275.0,1275.0,1275.0,0,0.0
late_arrival_10pct_30s,strict_service_plus_correlation,10551,600,24,0.25,1500,0,0,0,0,0,0,360,0,600,3600,3600,3600,600,600,600,1.0,1.0,1.0,1.0,1.0,1.0,9000,9000,9000,0,0.0,0,0.0,1.0,1.0,0,0,0.0,0,0,0,0,0,,,0,0,,,0,0.0,0,0.0,600,1275.0,31275.0,31275.0,130595,0.02015914914636782
late_arrival_10pct_30s,correlation_id_only_ablation,10551,600,24,0.25,1500,0,0,0,0,0,0,360,0,600,3600,3600,3600,600,600,600,1.0,1.0,1.0,1.0,1.0,1.0,9000,9000,9000,0,0.0,0,0.0,1.0,1.0,0,0,0.0,0,0,0,0,0,,,0,0,,,0,0.0,0,0.0,600,1275.0,31275.0,31275.0,130595,0.02015914914636782
late_arrival_10pct_30s,naive_temporal_window,10551,600,24,0.25,1500,0,0,0,0,0,0,360,0,600,3600,3600,3600,600,600,452,0.7533333333333333,0.7533333333333333,0.7533333333333333,0.7533333333333333,0.7533333333333333,0.9383333333333334,9000,9666,8334,666,0.074,1332,0.1378026070763501,0.8621973929236499,0.926,74,666,0.185,74,74,74,0,0,1.0,1.0,0,0,,,0,0.0,0,0.0,452,1275.0,31275.0,31275.0,130595,0.02015914914636782
out_of_order_jitter_3s,strict_service_plus_correlation,10551,600,24,0.25,1500,0,0,0,0,0,0,0,3600,600,3600,3600,3600,600,600,600,1.0,1.0,1.0,1.0,1.0,1.0,9000,9000,9000,0,0.0,0,0.0,1.0,1.0,0,0,0.0,0,0,0,0,0,,,0,0,,,0,0.0,0,0.0,600,3491.5,4153.099999999999,4274.0,91834,0.01417585131672378
out_of_order_jitter_3s,correlation_id_only_ablation,10551,600,24,0.25,1500,0,0,0,0,0,0,0,3600,600,3600,3600,3600,600,600,600,1.0,1.0,1.0,1.0,1.0,1.0,9000,9000,9000,0,0.0,0,0.0,1.0,1.0,0,0,0.0,0,0,0,0,0,,,0,0,,,0,0.0,0,0.0,600,3491.5,4153.099999999999,4274.0,91834,0.01417585131672378
out_of_order_jitter_3s,naive_temporal_window,10551,600,24,0.25,1500,0,0,0,0,0,0,0,3600,600,3600,3600,3600,600,600,452,0.7533333333333333,0.7533333333333333,0.7533333333333333,0.7533333333333333,0.7533333333333333,0.9383333333333334,9000,9666,8334,666,0.074,1332,0.1378026070763501,0.8621973929236499,0.926,74,666,0.185,74,74,74,0,0,1.0,1.0,0,0,,,0,0.0,0,0.0,452,3490.5,4158.45,4274.0,91834,0.01417585131672378
compound_adversarial,strict_service_plus_correlation,10551,600,24,0.25,1500,360,0,30,0,0,0,360,3600,600,3600,3600,3600,1220,540,303,0.505,0.505,0.5611111111111111,0.505,0.531578947368421,0.8277777777777778,9000,6600,6600,2400,0.26666666666666666,0,0.0,1.0,0.7333333333333333,30,320,0.08888888888888889,0,30,30,0,0,1.0,1.0,0,0,,,680,0.18888888888888888,0,0.0,303,4201.0,33485.0,34209.0,206953,0.03194606526504276
compound_adversarial,correlation_id_only_ablation,10551,600,24,0.25,1500,360,0,30,0,0,0,360,3600,600,3600,3600,3600,930,570,303,0.505,0.505,0.531578947368421,0.505,0.5179487179487179,0.9,9000,8168,7316,1684,0.18711111111111112,852,0.10430950048971596,0.895690499510284,0.8128888888888889,30,320,0.08888888888888889,30,30,30,0,0,1.0,1.0,0,0,,,360,0.1,0,0.0,303,4201.0,33485.0,34209.0,206953,0.03194606526504276
compound_adversarial,naive_temporal_window,10551,600,24,0.25,1500,360,0,30,0,0,0,360,3600,600,3600,3600,3600,600,600,452,0.7533333333333333,0.7533333333333333,0.7533333333333333,0.7533333333333333,0.7533333333333333,0.9383333333333334,9000,9666,8334,666,0.074,1332,0.1378026070763501,0.8621973929236499,0.926,74,666,0.185,74,74,74,0,0,1.0,1.0,0,0,,,0,0.0,0,0.0,452,4066.0,33520.2,34275.0,206953,0.03194606526504276
control,strict_service_plus_correlation,10652,600,24,0.25,1500,0,0,0,0,0,0,0,0,600,3600,3600,3600,600,600,600,1.0,1.0,1.0,1.0,1.0,1.0,9000,9000,9000,0,0.0,0,0.0,1.0,1.0,0,0,0.0,0,0,0,0,0,,,0,0,,,0,0.0,0,0.0,600,1275.0,1275.0,1275.0,0,0.0
control,correlation_id_only_ablation,10652,600,24,0.25,1500,0,0,0,0,0,0,0,0,600,3600,3600,3600,600,600,600,1.0,1.0,1.0,1.0,1.0,1.0,9000,9000,9000,0,0.0,0,0.0,1.0,1.0,0,0,0.0,0,0,0,0,0,,,0,0,,,0,0.0,0,0.0,600,1275.0,1275.0,1275.0,0,0.0
control,naive_temporal_window,10652,600,24,0.25,1500,0,0,0,0,0,0,0,0,600,3600,3600,3600,600,600,432,0.72,0.72,0.72,0.72,0.72,0.93,9000,9756,8244,756,0.084,1512,0.15498154981549817,0.8450184501845018,0.916,84,756,0.21,84,84,84,0,0,1.0,1.0,0,0,,,0,0.0,0,0.0,432,1275.0,1275.0,1275.0,0,0.0
missing_random_1pct,strict_service_plus_correlation,10652,600,24,0.25,1500,36,0,0,0,0,0,0,0,600,3600,3600,3600,636,600,565,0.9416666666666667,0.9416666666666667,0.9416666666666667,0.9416666666666667,0.9416666666666667,0.99,9000,8821,8821,179,0.01988888888888889,0,0.0,1.0,0.9801111111111112,0,0,0.0,0,0,0,0,0,,,0,0,,,36,0.01,0,0.0,565,1275.0,1275.0,1275.0,0,0.0
missing_random_1pct,correlation_id_only_ablation,10652,600,24,0.25,1500,36,0,0,0,0,0,0,0,600,3600,3600,3600,636,600,565,0.9416666666666667,0.9416666666666667,0.9416666666666667,0.9416666666666667,0.9416666666666667,0.99,9000,8821,8821,179,0.01988888888888889,0,0.0,1.0,0.9801111111111112,0,0,0.0,0,0,0,0,0,,,0,0,,,36,0.01,0,0.0,565,1275.0,1275.0,1275.0,0,0.0
missing_random_1pct,naive_temporal_window,10652,600,24,0.25,1500,36,0,0,0,0,0,0,0,600,3600,3600,3600,600,600,432,0.72,0.72,0.72,0.72,0.72,0.93,9000,9756,8244,756,0.084,1512,0.15498154981549817,0.8450184501845018,0.916,84,756,0.21,84,84,84,0,0,1.0,1.0,0,0,,,0,0.0,0,0.0,432,1275.0,1275.0,1275.0,0,0.0
missing_random_5pct,strict_service_plus_correlation,10652,600,24,0.25,1500,180,0,0,0,0,0,0,0,600,3600,3600,3600,780,600,443,0.7383333333333333,0.7383333333333333,0.7383333333333333,0.7383333333333333,0.7383333333333333,0.95,9000,8127,8127,873,0.097,0,0.0,1.0,0.903,0,0,0.0,0,0,0,0,0,,,0,0,,,180,0.05,0,0.0,443,1275.0,1275.0,1275.0,0,0.0
missing_random_5pct,correlation_id_only_ablation,10652,600,24,0.25,1500,180,0,0,0,0,0,0,0,600,3600,3600,3600,780,600,443,0.7383333333333333,0.7383333333333333,0.7383333333333333,0.7383333333333333,0.7383333333333333,0.95,9000,8127,8127,873,0.097,0,0.0,1.0,0.903,0,0,0.0,0,0,0,0,0,,,0,0,,,180,0.05,0,0.0,443,1275.0,1275.0,1275.0,0,0.0
missing_random_5pct,naive_temporal_window,10652,600,24,0.25,1500,180,0,0,0,0,0,0,0,600,3600,3600,3600,600,600,432,0.72,0.72,0.72,0.72,0.72,0.93,9000,9756,8244,756,0.084,1512,0.15498154981549817,0.8450184501845018,0.916,84,756,0.21,84,84,84,0,0,1.0,1.0,0,0,,,0,0.0,0,0.0,432,1275.0,1275.0,1275.0,0,0.0
missing_random_10pct,strict_service_plus_correlation,10652,600,24,0.25,1500,360,0,0,0,0,0,0,0,600,3600,3600,3600,960,600,328,0.5466666666666666,0.5466666666666666,0.5466666666666666,0.5466666666666666,0.5466666666666666,0.9,9000,7300,7300,1700,0.18888888888888888,0,0.0,1.0,0.8111111111111111,0,0,0.0,0,0,0,0,0,,,0,0,,,360,0.1,0,0.0,328,1275.0,1275.0,1275.0,0,0.0
missing_random_10pct,correlation_id_only_ablation,10652,600,24,0.25,1500,360,0,0,0,0,0,0,0,600,3600,3600,3600,960,600,328,0.5466666666666666,0.5466666666666666,0.5466666666666666,0.5466666666666666,0.5466666666666666,0.9,9000,7300,7300,1700,0.18888888888888888,0,0.0,1.0,0.8111111111111111,0,0,0.0,0,0,0,0,0,,,0,0,,,360,0.1,0,0.0,328,1275.0,1275.0,1275.0,0,0.0
missing_random_10pct,naive_temporal_window,10652,600,24,0.25,1500,360,0,0,0,0,0,0,0,600,3600,3600,3600,600,600,432,0.72,0.72,0.72,0.72,0.72,0.93,9000,9756,8244,756,0.084,1512,0.15498154981549817,0.8450184501845018,0.916,84,756,0.21,84,84,84,0,0,1.0,1.0,0,0,,,0,0.0,0,0.0,432,1275.0,1275.0,1275.0,0,0.0
missing_random_20pct,strict_service_plus_correlation,10652,600,24,0.25,1500,720,0,0,0,0,0,0,0,600,3600,3600,3600,1320,600,157,0.26166666666666666,0.26166666666666666,0.26166666666666666,0.26166666666666666,0.26166666666666666,0.8,9000,5752,5752,3248,0.36088888888888887,0,0.0,1.0,0.6391111111111111,0,0,0.0,0,0,0,0,0,,,0,0,,,720,0.2,0,0.0,157,1275.0,1275.0,1275.0,0,0.0
missing_random_20pct,correlation_id_only_ablation,10652,600,24,0.25,1500,720,0,0,0,0,0,0,0,600,3600,3600,3600,1320,600,157,0.26166666666666666,0.26166666666666666,0.26166666666666666,0.26166666666666666,0.26166666666666666,0.8,9000,5752,5752,3248,0.36088888888888887,0,0.0,1.0,0.6391111111111111,0,0,0.0,0,0,0,0,0,,,0,0,,,720,0.2,0,0.0,157,1275.0,1275.0,1275.0,0,0.0
missing_random_20pct,naive_temporal_window,10652,600,24,0.25,1500,720,0,0,0,0,0,0,0,600,3600,3600,3600,600,600,432,0.72,0.72,0.72,0.72,0.72,0.93,9000,9756,8244,756,0.084,1512,0.15498154981549817,0.8450184501845018,0.916,84,756,0.21,84,84,84,0,0,1.0,1.0,0,0,,,0,0.0,0,0.0,432,1275.0,1275.0,1275.0,0,0.0
wrong_id_same_service_1pct,strict_service_plus_correlation,10652,600,24,0.25,1500,0,36,0,0,0,0,0,0,600,3600,3600,3600,811,564,534,0.89,0.89,0.9468085106382979,0.89,0.9175257731958764,0.9413888888888889,9000,8306,8306,694,0.07711111111111112,0,0.0,1.0,0.9228888888888889,36,247,0.06861111111111111,0,36,36,0,0,1.0,1.0,0,0,,,247,0.06861111111111111,0,0.0,534,1275.0,1275.0,1275.0,0,0.0
wrong_id_same_service_1pct,correlation_id_only_ablation,10652,600,24,0.25,1500,0,36,0,0,0,0,0,0,600,3600,3600,3600,600,600,534,0.89,0.89,0.89,0.89,0.89,0.99,9000,9032,8821,179,0.01988888888888889,211,0.02336138175376439,0.9766386182462357,0.9801111111111112,36,247,0.06861111111111111,36,36,36,0,0,1.0,1.0,0,0,,,0,0.0,0,0.0,534,1275.0,1275.0,1275.0,0,0.0
wrong_id_same_service_1pct,naive_temporal_window,10652,600,24,0.25,1500,0,36,0,0,0,0,0,0,600,3600,3600,3600,600,600,432,0.72,0.72,0.72,0.72,0.72,0.93,9000,9756,8244,756,0.084,1512,0.15498154981549817,0.8450184501845018,0.916,84,756,0.21,84,84,84,0,0,1.0,1.0,0,0,,,0,0.0,0,0.0,432,1275.0,1275.0,1275.0,0,0.0
wrong_id_same_service_5pct,strict_service_plus_correlation,10652,600,24,0.25,1500,0,180,0,0,0,0,0,0,600,3600,3600,3600,1532,441,319,0.5316666666666666,0.5316666666666666,0.7233560090702947,0.5316666666666666,0.6128722382324687,0.7411111111111112,9000,5947,5947,3053,0.3392222222222222,0,0.0,1.0,0.6607777777777778,159,1091,0.3030555555555556,0,159,159,0,0,1.0,1.0,0,0,,,1091,0.3030555555555556,0,0.0,319,1275.0,1275.0,1275.0,0,0.0
wrong_id_same_service_5pct,correlation_id_only_ablation,10652,600,24,0.25,1500,0,180,0,0,0,0,0,0,600,3600,3600,3600,600,600,319,0.5316666666666666,0.5316666666666666,0.5316666666666666,0.5316666666666666,0.5316666666666666,0.95,9000,9175,8123,877,0.09744444444444444,1052,0.11465940054495913,0.8853405994550408,0.9025555555555556,159,1091,0.3030555555555556,159,159,159,0,0,1.0,1.0,0,0,,,0,0.0,0,0.0,319,1275.0,1275.0,1275.0,0,0.0
wrong_id_same_service_5pct,naive_temporal_window,10652,600,24,0.25,1500,0,180,0,0,0,0,0,0,600,3600,3600,3600,600,600,432,0.72,0.72,0.72,0.72,0.72,0.93,9000,9756,8244,756,0.084,1512,0.15498154981549817,0.8450184501845018,0.916,84,756,0.21,84,84,84,0,0,1.0,1.0,0,0,,,0,0.0,0,0.0,432,1275.0,1275.0,1275.0,0,0.0
wrong_id_same_service_10pct,strict_service_plus_correlation,10652,600,24,0.25,1500,0,360,0,0,0,0,0,0,600,3600,3600,3600,2121,337,171,0.285,0.285,0.5074183976261127,0.285,0.3649946638207043,0.5775,9000,4072,4072,4928,0.5475555555555556,0,0.0,1.0,0.4524444444444444,263,1784,0.4955555555555556,0,263,263,0,0,1.0,1.0,0,0,,,1784,0.4955555555555556,0,0.0,171,1275.0,1275.0,1275.0,0,0.0
wrong_id_same_service_10pct,correlation_id_only_ablation,10652,600,24,0.25,1500,0,360,0,0,0,0,0,0,600,3600,3600,3600,600,600,171,0.285,0.285,0.285,0.285,0.285,0.9,9000,9349,7290,1710,0.19,2059,0.22023745855171675,0.7797625414482833,0.81,263,1784,0.4955555555555556,263,263,263,0,0,1.0,1.0,0,0,,,0,0.0,0,0.0,171,1275.0,1275.0,1275.0,0,0.0
wrong_id_same_service_10pct,naive_temporal_window,10652,600,24,0.25,1500,0,360,0,0,0,0,0,0,600,3600,3600,3600,600,600,432,0.72,0.72,0.72,0.72,0.72,0.93,9000,9756,8244,756,0.084,1512,0.15498154981549817,0.8450184501845018,0.916,84,756,0.21,84,84,84,0,0,1.0,1.0,0,0,,,0,0.0,0,0.0,432,1275.0,1275.0,1275.0,0,0.0
wrong_id_same_service_20pct,strict_service_plus_correlation,10652,600,24,0.25,1500,0,720,0,0,0,0,0,0,600,3600,3600,3600,2909,186,42,0.07,0.07,0.22580645161290322,0.07,0.10687022900763361,0.3586111111111111,9000,1713,1713,7287,0.8096666666666666,0,0.0,1.0,0.19033333333333333,414,2723,0.7563888888888889,0,414,414,0,0,1.0,1.0,0,0,,,2723,0.7563888888888889,0,0.0,42,1275.0,1275.0,1275.0,0,0.0
wrong_id_same_service_20pct,correlation_id_only_ablation,10652,600,24,0.25,1500,0,720,0,0,0,0,0,0,600,3600,3600,3600,600,600,42,0.07,0.07,0.07,0.07,0.07,0.8,9000,9641,5758,3242,0.3602222222222222,3883,0.4027590498910901,0.5972409501089099,0.6397777777777778,414,2723,0.7563888888888889,414,414,414,0,0,1.0,1.0,0,0,,,0,0.0,0,0.0,42,1275.0,1275.0,1275.0,0,0.0
wrong_id_same_service_20pct,naive_temporal_window,10652,600,24,0.25,1500,0,720,0,0,0,0,0,0,600,3600,3600,3600,600,600,432,0.72,0.72,0.72,0.72,0.72,0.93,9000,9756,8244,756,0.084,1512,0.15498154981549817,0.8450184501845018,0.916,84,756,0.21,84,84,84,0,0,1.0,1.0,0,0,,,0,0.0,0,0.0,432,1275.0,1275.0,1275.0,0,0.0
missing_plane_deployment,strict_service_plus_correlation,10652,600,24,0.25,1500,600,0,0,0,0,0,0,0,600,3600,3600,3600,1200,600,0,0.0,0.0,0.0,0.0,0.0,0.8333333333333334,9000,6000,6000,3000,0.3333333333333333,0,0.0,1.0,0.6666666666666666,0,0,0.0,0,0,0,0,0,,,0,0,,,600,0.16666666666666666,0,0.0,0,,,,0,0.0
missing_plane_deployment,correlation_id_only_ablation,10652,600,24,0.25,1500,600,0,0,0,0,0,0,0,600,3600,3600,3600,1200,600,0,0.0,0.0,0.0,0.0,0.0,0.8333333333333334,9000,6000,6000,3000,0.3333333333333333,0,0.0,1.0,0.6666666666666666,0,0,0.0,0,0,0,0,0,,,0,0,,,600,0.16666666666666666,0,0.0,0,,,,0,0.0
missing_plane_deployment,naive_temporal_window,10652,600,24,0.25,1500,600,0,0,0,0,0,0,0,600,3600,3600,3600,600,600,432,0.72,0.72,0.72,0.72,0.72,0.93,9000,9756,8244,756,0.084,1512,0.15498154981549817,0.8450184501845018,0.916,84,756,0.21,84,84,84,0,0,1.0,1.0,0,0,,,0,0.0,0,0.0,432,1275.0,1275.0,1275.0,0,0.0
missing_plane_identity,strict_service_plus_correlation,10652,600,24,0.25,1500,600,0,0,0,0,0,0,0,600,3600,3600,3600,1200,600,0,0.0,0.0,0.0,0.0,0.0,0.8333333333333334,9000,6000,6000,3000,0.3333333333333333,0,0.0,1.0,0.6666666666666666,0,0,0.0,0,0,0,0,0,,,0,0,,,600,0.16666666666666666,0,0.0,0,,,,0,0.0
missing_plane_identity,correlation_id_only_ablation,10652,600,24,0.25,1500,600,0,0,0,0,0,0,0,600,3600,3600,3600,1200,600,0,0.0,0.0,0.0,0.0,0.0,0.8333333333333334,9000,6000,6000,3000,0.3333333333333333,0,0.0,1.0,0.6666666666666666,0,0,0.0,0,0,0,0,0,,,0,0,,,600,0.16666666666666666,0,0.0,0,,,,0,0.0
missing_plane_identity,naive_temporal_window,10652,600,24,0.25,1500,600,0,0,0,0,0,0,0,600,3600,3600,3600,600,600,432,0.72,0.72,0.72,0.72,0.72,0.93,9000,9756,8244,756,0.084,1512,0.15498154981549817,0.8450184501845018,0.916,84,756,0.21,84,84,84,0,0,1.0,1.0,0,0,,,0,0.0,0,0.0,432,1275.0,1275.0,1275.0,0,0.0
missing_plane_policy,strict_service_plus_correlation,10652,600,24,0.25,1500,600,0,0,0,0,0,0,0,600,3600,3600,3600,1200,600,0,0.0,0.0,0.0,0.0,0.0,0.8333333333333334,9000,6000,6000,3000,0.3333333333333333,0,0.0,1.0,0.6666666666666666,0,0,0.0,0,0,0,0,0,,,0,0,,,600,0.16666666666666666,0,0.0,0,,,,0,0.0
missing_plane_policy,correlation_id_only_ablation,10652,600,24,0.25,1500,600,0,0,0,0,0,0,0,600,3600,3600,3600,1200,600,0,0.0,0.0,0.0,0.0,0.0,0.8333333333333334,9000,6000,6000,3000,0.3333333333333333,0,0.0,1.0,0.6666666666666666,0,0,0.0,0,0,0,0,0,,,0,0,,,600,0.16666666666666666,0,0.0,0,,,,0,0.0
missing_plane_policy,naive_temporal_window,10652,600,24,0.25,1500,600,0,0,0,0,0,0,0,600,3600,3600,3600,600,600,432,0.72,0.72,0.72,0.72,0.72,0.93,9000,9756,8244,756,0.084,1512,0.15498154981549817,0.8450184501845018,0.916,84,756,0.21,84,84,84,0,0,1.0,1.0,0,0,,,0,0.0,0,0.0,432,1275.0,1275.0,1275.0,0,0.0
missing_plane_telemetry,strict_service_plus_correlation,10652,600,24,0.25,1500,600,0,0,0,0,0,0,0,600,3600,3600,3600,1200,600,0,0.0,0.0,0.0,0.0,0.0,0.8333333333333334,9000,6000,6000,3000,0.3333333333333333,0,0.0,1.0,0.6666666666666666,0,0,0.0,0,0,0,0,0,,,0,0,,,600,0.16666666666666666,0,0.0,0,,,,0,0.0
missing_plane_telemetry,correlation_id_only_ablation,10652,600,24,0.25,1500,600,0,0,0,0,0,0,0,600,3600,3600,3600,1200,600,0,0.0,0.0,0.0,0.0,0.0,0.8333333333333334,9000,6000,6000,3000,0.3333333333333333,0,0.0,1.0,0.6666666666666666,0,0,0.0,0,0,0,0,0,,,0,0,,,600,0.16666666666666666,0,0.0,0,,,,0,0.0
missing_plane_telemetry,naive_temporal_window,10652,600,24,0.25,1500,600,0,0,0,0,0,0,0,600,3600,3600,3600,600,600,432,0.72,0.72,0.72,0.72,0.72,0.93,9000,9756,8244,756,0.084,1512,0.15498154981549817,0.8450184501845018,0.916,84,756,0.21,84,84,84,0,0,1.0,1.0,0,0,,,0,0.0,0,0.0,432,1275.0,1275.0,1275.0,0,0.0
missing_plane_incident,strict_service_plus_correlation,10652,600,24,0.25,1500,600,0,0,0,0,0,0,0,600,3600,3600,3600,1200,600,0,0.0,0.0,0.0,0.0,0.0,0.8333333333333334,9000,6000,6000,3000,0.3333333333333333,0,0.0,1.0,0.6666666666666666,0,0,0.0,0,0,0,0,0,,,0,0,,,600,0.16666666666666666,0,0.0,0,,,,0,0.0
missing_plane_incident,correlation_id_only_ablation,10652,600,24,0.25,1500,600,0,0,0,0,0,0,0,600,3600,3600,3600,1200,600,0,0.0,0.0,0.0,0.0,0.0,0.8333333333333334,9000,6000,6000,3000,0.3333333333333333,0,0.0,1.0,0.6666666666666666,0,0,0.0,0,0,0,0,0,,,0,0,,,600,0.16666666666666666,0,0.0,0,,,,0,0.0
missing_plane_incident,naive_temporal_window,10652,600,24,0.25,1500,600,0,0,0,0,0,0,0,600,3600,3600,3600,600,600,432,0.72,0.72,0.72,0.72,0.72,0.93,9000,9756,8244,756,0.084,1512,0.15498154981549817,0.8450184501845018,0.916,84,756,0.21,84,84,84,0,0,1.0,1.0,0,0,,,0,0.0,0,0.0,432,1275.0,1275.0,1275.0,0,0.0
missing_plane_recovery,strict_service_plus_correlation,10652,600,24,0.25,1500,600,0,0,0,0,0,0,0,600,3600,3600,3600,1200,600,0,0.0,0.0,0.0,0.0,0.0,0.8333333333333334,9000,6000,6000,3000,0.3333333333333333,0,0.0,1.0,0.6666666666666666,0,0,0.0,0,0,0,0,0,,,0,0,,,600,0.16666666666666666,0,0.0,0,,,,0,0.0
missing_plane_recovery,correlation_id_only_ablation,10652,600,24,0.25,1500,600,0,0,0,0,0,0,0,600,3600,3600,3600,1200,600,0,0.0,0.0,0.0,0.0,0.0,0.8333333333333334,9000,6000,6000,3000,0.3333333333333333,0,0.0,1.0,0.6666666666666666,0,0,0.0,0,0,0,0,0,,,0,0,,,600,0.16666666666666666,0,0.0,0,,,,0,0.0
missing_plane_recovery,naive_temporal_window,10652,600,24,0.25,1500,600,0,0,0,0,0,0,0,600,3600,3600,3600,600,600,432,0.72,0.72,0.72,0.72,0.72,0.93,9000,9756,8244,756,0.084,1512,0.15498154981549817,0.8450184501845018,0.916,84,756,0.21,84,84,84,0,0,1.0,1.0,0,0,,,0,0.0,0,0.0,432,1275.0,1275.0,1275.0,0,0.0
collision_same_service_1pct,strict_service_plus_correlation,10652,600,24,0.25,1500,0,0,6,0,0,0,0,0,600,3600,3600,3600,660,588,588,0.98,0.98,1.0,0.98,0.98989898989899,0.9833333333333333,9000,8820,8820,180,0.02,0,0.0,1.0,0.98,6,72,0.02,0,6,6,0,0,1.0,1.0,0,0,,,72,0.02,0,0.0,588,1275.0,1275.0,1275.0,0,0.0
collision_same_service_1pct,correlation_id_only_ablation,10652,600,24,0.25,1500,0,0,6,0,0,0,0,0,600,3600,3600,3600,594,594,588,0.98,0.98,0.98989898989899,0.98,0.9849246231155778,1.0,9000,9216,9000,0,0.0,216,0.0234375,0.9765625,1.0,6,72,0.02,6,6,6,0,0,1.0,1.0,0,0,,,0,0.0,0,0.0,588,1275.0,1275.0,1275.0,0,0.0
collision_same_service_1pct,naive_temporal_window,10652,600,24,0.25,1500,0,0,6,0,0,0,0,0,600,3600,3600,3600,600,600,432,0.72,0.72,0.72,0.72,0.72,0.93,9000,9756,8244,756,0.084,1512,0.15498154981549817,0.8450184501845018,0.916,84,756,0.21,84,84,84,0,0,1.0,1.0,0,0,,,0,0.0,0,0.0,432,1275.0,1275.0,1275.0,0,0.0
collision_same_service_5pct,strict_service_plus_correlation,10652,600,24,0.25,1500,0,0,30,0,0,0,0,0,600,3600,3600,3600,900,540,540,0.9,0.9,1.0,0.9,0.9473684210526316,0.9166666666666666,9000,8100,8100,900,0.1,0,0.0,1.0,0.9,30,360,0.1,0,30,30,0,0,1.0,1.0,0,0,,,360,0.1,0,0.0,540,1275.0,1275.0,1275.0,0,0.0
collision_same_service_5pct,correlation_id_only_ablation,10652,600,24,0.25,1500,0,0,30,0,0,0,0,0,600,3600,3600,3600,570,570,540,0.9,0.9,0.9473684210526315,0.9,0.9230769230769231,1.0,9000,10080,9000,0,0.0,1080,0.10714285714285714,0.8928571428571429,1.0,30,360,0.1,30,30,30,0,0,1.0,1.0,0,0,,,0,0.0,0,0.0,540,1275.0,1275.0,1275.0,0,0.0
collision_same_service_5pct,naive_temporal_window,10652,600,24,0.25,1500,0,0,30,0,0,0,0,0,600,3600,3600,3600,600,600,432,0.72,0.72,0.72,0.72,0.72,0.93,9000,9756,8244,756,0.084,1512,0.15498154981549817,0.8450184501845018,0.916,84,756,0.21,84,84,84,0,0,1.0,1.0,0,0,,,0,0.0,0,0.0,432,1275.0,1275.0,1275.0,0,0.0
collision_same_service_10pct,strict_service_plus_correlation,10652,600,24,0.25,1500,0,0,60,0,0,0,0,0,600,3600,3600,3600,1200,480,480,0.8,0.8,1.0,0.8,0.888888888888889,0.8333333333333334,9000,7200,7200,1800,0.2,0,0.0,1.0,0.8,60,720,0.2,0,60,60,0,0,1.0,1.0,0,0,,,720,0.2,0,0.0,480,1275.0,1275.0,1275.0,0,0.0
collision_same_service_10pct,correlation_id_only_ablation,10652,600,24,0.25,1500,0,0,60,0,0,0,0,0,600,3600,3600,3600,540,540,480,0.8,0.8,0.8888888888888888,0.8,0.8421052631578948,1.0,9000,11160,9000,0,0.0,2160,0.1935483870967742,0.8064516129032258,1.0,60,720,0.2,60,60,60,0,0,1.0,1.0,0,0,,,0,0.0,0,0.0,480,1275.0,1275.0,1275.0,0,0.0
collision_same_service_10pct,naive_temporal_window,10652,600,24,0.25,1500,0,0,60,0,0,0,0,0,600,3600,3600,3600,600,600,432,0.72,0.72,0.72,0.72,0.72,0.93,9000,9756,8244,756,0.084,1512,0.15498154981549817,0.8450184501845018,0.916,84,756,0.21,84,84,84,0,0,1.0,1.0,0,0,,,0,0.0,0,0.0,432,1275.0,1275.0,1275.0,0,0.0
collision_cross_service_5pct,strict_service_plus_correlation,10652,600,24,0.25,1500,0,0,30,0,0,0,0,0,600,3600,3600,3600,600,600,600,1.0,1.0,1.0,1.0,1.0,1.0,9000,9000,9000,0,0.0,0,0.0,1.0,1.0,0,0,0.0,0,0,0,0,0,,,0,0,,,0,0.0,0,0.0,600,1275.0,1275.0,1275.0,0,0.0
collision_cross_service_5pct,correlation_id_only_ablation,10652,600,24,0.25,1500,0,0,30,0,0,0,0,0,600,3600,3600,3600,570,570,540,0.9,0.9,0.9473684210526315,0.9,0.9230769230769231,1.0,9000,10080,9000,0,0.0,1080,0.10714285714285714,0.8928571428571429,1.0,30,360,0.1,30,30,30,0,0,1.0,1.0,0,0,,,0,0.0,0,0.0,540,1275.0,1275.0,1275.0,0,0.0
collision_cross_service_5pct,naive_temporal_window,10652,600,24,0.25,1500,0,0,30,0,0,0,0,0,600,3600,3600,3600,600,600,432,0.72,0.72,0.72,0.72,0.72,0.93,9000,9756,8244,756,0.084,1512,0.15498154981549817,0.8450184501845018,0.916,84,756,0.21,84,84,84,0,0,1.0,1.0,0,0,,,0,0.0,0,0.0,432,1275.0,1275.0,1275.0,0,0.0
duplicate_exact_10pct,strict_service_plus_correlation,10652,600,24,0.25,1500,0,0,0,360,0,0,0,0,600,3600,3600,3960,600,600,600,1.0,1.0,1.0,1.0,1.0,1.0,9000,9000,9000,0,0.0,0,0.0,1.0,1.0,0,0,0.0,0,0,0,0,0,,,0,0,,,0,0.0,360,0.09090909090909091,600,1275.0,1275.0,1275.0,0,0.0
duplicate_exact_10pct,correlation_id_only_ablation,10652,600,24,0.25,1500,0,0,0,360,0,0,0,0,600,3600,3600,3960,600,600,600,1.0,1.0,1.0,1.0,1.0,1.0,9000,9000,9000,0,0.0,0,0.0,1.0,1.0,0,0,0.0,0,0,0,0,0,,,0,0,,,0,0.0,360,0.09090909090909091,600,1275.0,1275.0,1275.0,0,0.0
duplicate_exact_10pct,naive_temporal_window,10652,600,24,0.25,1500,0,0,0,360,0,0,0,0,600,3600,3600,3960,600,600,432,0.72,0.72,0.72,0.72,0.72,0.93,9000,9756,8244,756,0.084,1512,0.15498154981549817,0.8450184501845018,0.916,84,756,0.21,84,84,84,0,0,1.0,1.0,0,0,,,0,0.0,360,0.09090909090909091,432,1275.0,1275.0,1275.0,0,0.0
duplicate_source_conflict_5pct,strict_service_plus_correlation,10652,600,24,0.25,1500,0,0,0,0,180,0,0,0,600,3600,3600,3780,960,600,430,0.7166666666666667,0.7166666666666667,0.7166666666666667,0.7166666666666667,0.7166666666666667,0.95,9000,8110,8110,890,0.09888888888888889,0,0.0,1.0,0.9011111111111111,0,0,0.0,0,0,0,0,0,,,180,180,1.0,1.0,360,0.09523809523809523,0,0.0,430,1275.0,1275.0,1275.0,0,0.0
duplicate_source_conflict_5pct,correlation_id_only_ablation,10652,600,24,0.25,1500,0,0,0,0,180,0,0,0,600,3600,3600,3780,600,600,430,0.7166666666666667,0.7166666666666667,0.7166666666666667,0.7166666666666667,0.7166666666666667,1.0,9000,10090,9000,0,0.0,1090,0.10802775024777007,0.8919722497522299,1.0,0,0,0.0,0,170,0,170,0,0.0,,180,180,1.0,1.0,0,0.0,0,0.0,430,1275.0,1275.0,1275.0,0,0.0
duplicate_source_conflict_5pct,naive_temporal_window,10652,600,24,0.25,1500,0,0,0,0,180,0,0,0,600,3600,3600,3780,600,600,316,0.5266666666666666,0.5266666666666666,0.5266666666666666,0.5266666666666666,0.5266666666666666,0.93,9000,10948,8244,756,0.084,2704,0.24698575082206795,0.753014249177932,0.916,84,756,0.21,84,213,84,129,0,0.39436619718309857,1.0,180,180,1.0,1.0,0,0.0,0,0.0,316,1275.0,1275.0,1275.0,0,0.0
clock_skew_random_10pct_5s,strict_service_plus_correlation,10652,600,24,0.25,1500,0,0,0,0,0,360,0,0,600,3600,3600,3600,2035,313,313,0.5216666666666666,0.5216666666666666,1.0,0.5216666666666666,0.6856516976998904,0.6013888888888889,9000,4695,4695,4305,0.47833333333333333,0,0.0,1.0,0.5216666666666666,0,0,0.0,0,287,0,287,0,0.0,,0,0,,,1722,0.47833333333333333,0,0.0,313,1275.0,1275.0,1275.0,0,0.0
clock_skew_random_10pct_5s,correlation_id_only_ablation,10652,600,24,0.25,1500,0,0,0,0,0,360,0,0,600,3600,3600,3600,600,600,600,1.0,1.0,1.0,1.0,1.0,1.0,9000,9000,9000,0,0.0,0,0.0,1.0,1.0,0,0,0.0,0,287,0,287,0,0.0,,0,0,,,0,0.0,0,0.0,600,1275.0,1275.0,1275.0,0,0.0
clock_skew_random_10pct_5s,naive_temporal_window,10652,600,24,0.25,1500,0,0,0,0,0,360,0,0,600,3600,3600,3600,881,663,226,0.37666666666666665,0.37666666666666665,0.34087481146304677,0.37666666666666665,0.3578780680918448,0.8444444444444444,9000,8043,6723,2277,0.253,1320,0.1641178664677359,0.835882133532264,0.747,126,785,0.21805555555555556,126,100,100,0,26,1.0,0.7936507936507936,0,0,,,0,0.0,0,0.0,226,1275.0,1275.0,1275.0,0,0.0
late_arrival_10pct_30s,strict_service_plus_correlation,10652,600,24,0.25,1500,0,0,0,0,0,0,360,0,600,3600,3600,3600,600,600,600,1.0,1.0,1.0,1.0,1.0,1.0,9000,9000,9000,0,0.0,0,0.0,1.0,1.0,0,0,0.0,0,0,0,0,0,,,0,0,,,0,0.0,0,0.0,600,1275.0,31275.0,31275.0,131250,0.02026025747892933
late_arrival_10pct_30s,correlation_id_only_ablation,10652,600,24,0.25,1500,0,0,0,0,0,0,360,0,600,3600,3600,3600,600,600,600,1.0,1.0,1.0,1.0,1.0,1.0,9000,9000,9000,0,0.0,0,0.0,1.0,1.0,0,0,0.0,0,0,0,0,0,,,0,0,,,0,0.0,0,0.0,600,1275.0,31275.0,31275.0,131250,0.02026025747892933
late_arrival_10pct_30s,naive_temporal_window,10652,600,24,0.25,1500,0,0,0,0,0,0,360,0,600,3600,3600,3600,600,600,432,0.72,0.72,0.72,0.72,0.72,0.93,9000,9756,8244,756,0.084,1512,0.15498154981549817,0.8450184501845018,0.916,84,756,0.21,84,84,84,0,0,1.0,1.0,0,0,,,0,0.0,0,0.0,432,1275.0,31275.0,31275.0,131250,0.02026025747892933
out_of_order_jitter_3s,strict_service_plus_correlation,10652,600,24,0.25,1500,0,0,0,0,0,0,0,3600,600,3600,3600,3600,600,600,600,1.0,1.0,1.0,1.0,1.0,1.0,9000,9000,9000,0,0.0,0,0.0,1.0,1.0,0,0,0.0,0,0,0,0,0,,,0,0,,,0,0.0,0,0.0,600,3448.5,4134.1,4272.0,93402,0.01441789385940539
out_of_order_jitter_3s,correlation_id_only_ablation,10652,600,24,0.25,1500,0,0,0,0,0,0,0,3600,600,3600,3600,3600,600,600,600,1.0,1.0,1.0,1.0,1.0,1.0,9000,9000,9000,0,0.0,0,0.0,1.0,1.0,0,0,0.0,0,0,0,0,0,,,0,0,,,0,0.0,0,0.0,600,3448.5,4134.1,4272.0,93402,0.01441789385940539
out_of_order_jitter_3s,naive_temporal_window,10652,600,24,0.25,1500,0,0,0,0,0,0,0,3600,600,3600,3600,3600,600,600,432,0.72,0.72,0.72,0.72,0.72,0.93,9000,9756,8244,756,0.084,1512,0.15498154981549817,0.8450184501845018,0.916,84,756,0.21,84,84,84,0,0,1.0,1.0,0,0,,,0,0.0,0,0.0,432,3444.0,4134.9,4272.0,93402,0.01441789385940539
compound_adversarial,strict_service_plus_correlation,10652,600,24,0.25,1500,360,0,30,0,0,0,360,3600,600,3600,3600,3600,1217,540,283,0.4716666666666667,0.4716666666666667,0.524074074074074,0.4716666666666667,0.4964912280701754,0.8286111111111111,9000,6584,6584,2416,0.26844444444444443,0,0.0,1.0,0.7315555555555555,30,317,0.08805555555555555,0,30,30,0,0,1.0,1.0,0,0,,,677,0.18805555555555556,0,0.0,283,30397.0,33581.4,34230.0,208349,0.032161557222685315
compound_adversarial,correlation_id_only_ablation,10652,600,24,0.25,1500,360,0,30,0,0,0,360,3600,600,3600,3600,3600,930,570,283,0.4716666666666667,0.4716666666666667,0.4964912280701754,0.4716666666666667,0.4837606837606837,0.9,9000,8115,7282,1718,0.19088888888888889,833,0.10264941466420209,0.8973505853357979,0.8091111111111111,30,317,0.08805555555555555,30,30,30,0,0,1.0,1.0,0,0,,,360,0.1,0,0.0,283,30397.0,33581.4,34230.0,208349,0.032161557222685315
compound_adversarial,naive_temporal_window,10652,600,24,0.25,1500,360,0,30,0,0,0,360,3600,600,3600,3600,3600,600,600,432,0.72,0.72,0.72,0.72,0.72,0.93,9000,9756,8244,756,0.084,1512,0.15498154981549817,0.8450184501845018,0.916,84,756,0.21,84,84,84,0,0,1.0,1.0,0,0,,,0,0.0,0,0.0,432,30341.0,33490.149999999994,34243.0,208349,0.032161557222685315
control,strict_service_plus_correlation,10753,600,24,0.25,1500,0,0,0,0,0,0,0,0,600,3600,3600,3600,600,600,600,1.0,1.0,1.0,1.0,1.0,1.0,9000,9000,9000,0,0.0,0,0.0,1.0,1.0,0,0,0.0,0,0,0,0,0,,,0,0,,,0,0.0,0,0.0,600,1275.0,1275.0,1275.0,0,0.0
control,correlation_id_only_ablation,10753,600,24,0.25,1500,0,0,0,0,0,0,0,0,600,3600,3600,3600,600,600,600,1.0,1.0,1.0,1.0,1.0,1.0,9000,9000,9000,0,0.0,0,0.0,1.0,1.0,0,0,0.0,0,0,0,0,0,,,0,0,,,0,0.0,0,0.0,600,1275.0,1275.0,1275.0,0,0.0
control,naive_temporal_window,10753,600,24,0.25,1500,0,0,0,0,0,0,0,0,600,3600,3600,3600,600,600,436,0.7266666666666667,0.7266666666666667,0.7266666666666667,0.7266666666666667,0.7266666666666666,0.9316666666666666,9000,9738,8262,738,0.082,1476,0.15157116451016636,0.8484288354898336,0.918,82,738,0.205,82,82,82,0,0,1.0,1.0,0,0,,,0,0.0,0,0.0,436,1275.0,1275.0,1275.0,0,0.0
missing_random_1pct,strict_service_plus_correlation,10753,600,24,0.25,1500,36,0,0,0,0,0,0,0,600,3600,3600,3600,636,600,565,0.9416666666666667,0.9416666666666667,0.9416666666666667,0.9416666666666667,0.9416666666666667,0.99,9000,8821,8821,179,0.01988888888888889,0,0.0,1.0,0.9801111111111112,0,0,0.0,0,0,0,0,0,,,0,0,,,36,0.01,0,0.0,565,1275.0,1275.0,1275.0,0,0.0
missing_random_1pct,correlation_id_only_ablation,10753,600,24,0.25,1500,36,0,0,0,0,0,0,0,600,3600,3600,3600,636,600,565,0.9416666666666667,0.9416666666666667,0.9416666666666667,0.9416666666666667,0.9416666666666667,0.99,9000,8821,8821,179,0.01988888888888889,0,0.0,1.0,0.9801111111111112,0,0,0.0,0,0,0,0,0,,,0,0,,,36,0.01,0,0.0,565,1275.0,1275.0,1275.0,0,0.0
missing_random_1pct,naive_temporal_window,10753,600,24,0.25,1500,36,0,0,0,0,0,0,0,600,3600,3600,3600,600,600,436,0.7266666666666667,0.7266666666666667,0.7266666666666667,0.7266666666666667,0.7266666666666666,0.9316666666666666,9000,9738,8262,738,0.082,1476,0.15157116451016636,0.8484288354898336,0.918,82,738,0.205,82,82,82,0,0,1.0,1.0,0,0,,,0,0.0,0,0.0,436,1275.0,1275.0,1275.0,0,0.0
missing_random_5pct,strict_service_plus_correlation,10753,600,24,0.25,1500,180,0,0,0,0,0,0,0,600,3600,3600,3600,780,600,444,0.74,0.74,0.74,0.74,0.74,0.95,9000,8125,8125,875,0.09722222222222222,0,0.0,1.0,0.9027777777777778,0,0,0.0,0,0,0,0,0,,,0,0,,,180,0.05,0,0.0,444,1275.0,1275.0,1275.0,0,0.0
missing_random_5pct,correlation_id_only_ablation,10753,600,24,0.25,1500,180,0,0,0,0,0,0,0,600,3600,3600,3600,780,600,444,0.74,0.74,0.74,0.74,0.74,0.95,9000,8125,8125,875,0.09722222222222222,0,0.0,1.0,0.9027777777777778,0,0,0.0,0,0,0,0,0,,,0,0,,,180,0.05,0,0.0,444,1275.0,1275.0,1275.0,0,0.0
missing_random_5pct,naive_temporal_window,10753,600,24,0.25,1500,180,0,0,0,0,0,0,0,600,3600,3600,3600,600,600,436,0.7266666666666667,0.7266666666666667,0.7266666666666667,0.7266666666666667,0.7266666666666666,0.9316666666666666,9000,9738,8262,738,0.082,1476,0.15157116451016636,0.8484288354898336,0.918,82,738,0.205,82,82,82,0,0,1.0,1.0,0,0,,,0,0.0,0,0.0,436,1275.0,1275.0,1275.0,0,0.0
missing_random_10pct,strict_service_plus_correlation,10753,600,24,0.25,1500,360,0,0,0,0,0,0,0,600,3600,3600,3600,960,600,328,0.5466666666666666,0.5466666666666666,0.5466666666666666,0.5466666666666666,0.5466666666666666,0.9,9000,7305,7305,1695,0.18833333333333332,0,0.0,1.0,0.8116666666666666,0,0,0.0,0,0,0,0,0,,,0,0,,,360,0.1,0,0.0,328,1275.0,1275.0,1275.0,0,0.0
missing_random_10pct,correlation_id_only_ablation,10753,600,24,0.25,1500,360,0,0,0,0,0,0,0,600,3600,3600,3600,960,600,328,0.5466666666666666,0.5466666666666666,0.5466666666666666,0.5466666666666666,0.5466666666666666,0.9,9000,7305,7305,1695,0.18833333333333332,0,0.0,1.0,0.8116666666666666,0,0,0.0,0,0,0,0,0,,,0,0,,,360,0.1,0,0.0,328,1275.0,1275.0,1275.0,0,0.0
missing_random_10pct,naive_temporal_window,10753,600,24,0.25,1500,360,0,0,0,0,0,0,0,600,3600,3600,3600,600,600,436,0.7266666666666667,0.7266666666666667,0.7266666666666667,0.7266666666666667,0.7266666666666666,0.9316666666666666,9000,9738,8262,738,0.082,1476,0.15157116451016636,0.8484288354898336,0.918,82,738,0.205,82,82,82,0,0,1.0,1.0,0,0,,,0,0.0,0,0.0,436,1275.0,1275.0,1275.0,0,0.0
missing_random_20pct,strict_service_plus_correlation,10753,600,24,0.25,1500,720,0,0,0,0,0,0,0,600,3600,3600,3600,1320,600,147,0.245,0.245,0.245,0.245,0.245,0.8,9000,5738,5738,3262,0.36244444444444446,0,0.0,1.0,0.6375555555555555,0,0,0.0,0,0,0,0,0,,,0,0,,,720,0.2,0,0.0,147,1275.0,1275.0,1275.0,0,0.0
missing_random_20pct,correlation_id_only_ablation,10753,600,24,0.25,1500,720,0,0,0,0,0,0,0,600,3600,3600,3600,1320,600,147,0.245,0.245,0.245,0.245,0.245,0.8,9000,5738,5738,3262,0.36244444444444446,0,0.0,1.0,0.6375555555555555,0,0,0.0,0,0,0,0,0,,,0,0,,,720,0.2,0,0.0,147,1275.0,1275.0,1275.0,0,0.0
missing_random_20pct,naive_temporal_window,10753,600,24,0.25,1500,720,0,0,0,0,0,0,0,600,3600,3600,3600,600,600,436,0.7266666666666667,0.7266666666666667,0.7266666666666667,0.7266666666666667,0.7266666666666666,0.9316666666666666,9000,9738,8262,738,0.082,1476,0.15157116451016636,0.8484288354898336,0.918,82,738,0.205,82,82,82,0,0,1.0,1.0,0,0,,,0,0.0,0,0.0,436,1275.0,1275.0,1275.0,0,0.0
wrong_id_same_service_1pct,strict_service_plus_correlation,10753,600,24,0.25,1500,0,36,0,0,0,0,0,0,600,3600,3600,3600,811,565,532,0.8866666666666667,0.8866666666666667,0.9415929203539823,0.8866666666666667,0.9133047210300429,0.9413888888888889,9000,8298,8298,702,0.078,0,0.0,1.0,0.922,35,246,0.06833333333333333,0,35,35,0,0,1.0,1.0,0,0,,,246,0.06833333333333333,0,0.0,532,1275.0,1275.0,1275.0,0,0.0
wrong_id_same_service_1pct,correlation_id_only_ablation,10753,600,24,0.25,1500,0,36,0,0,0,0,0,0,600,3600,3600,3600,600,600,532,0.8866666666666667,0.8866666666666667,0.8866666666666667,0.8866666666666667,0.8866666666666667,0.99,9000,9040,8823,177,0.019666666666666666,217,0.024004424778761062,0.9759955752212389,0.9803333333333333,35,246,0.06833333333333333,35,35,35,0,0,1.0,1.0,0,0,,,0,0.0,0,0.0,532,1275.0,1275.0,1275.0,0,0.0
wrong_id_same_service_1pct,naive_temporal_window,10753,600,24,0.25,1500,0,36,0,0,0,0,0,0,600,3600,3600,3600,600,600,436,0.7266666666666667,0.7266666666666667,0.7266666666666667,0.7266666666666667,0.7266666666666666,0.9316666666666666,9000,9738,8262,738,0.082,1476,0.15157116451016636,0.8484288354898336,0.918,82,738,0.205,82,82,82,0,0,1.0,1.0,0,0,,,0,0.0,0,0.0,436,1275.0,1275.0,1275.0,0,0.0
wrong_id_same_service_5pct,strict_service_plus_correlation,10753,600,24,0.25,1500,0,180,0,0,0,0,0,0,600,3600,3600,3600,1503,447,324,0.54,0.54,0.7248322147651006,0.54,0.6189111747851004,0.7491666666666666,9000,6030,6030,2970,0.33,0,0.0,1.0,0.67,153,1056,0.29333333333333333,0,153,153,0,0,1.0,1.0,0,0,,,1056,0.29333333333333333,0,0.0,324,1275.0,1275.0,1275.0,0,0.0
wrong_id_same_service_5pct,correlation_id_only_ablation,10753,600,24,0.25,1500,0,180,0,0,0,0,0,0,600,3600,3600,3600,600,600,324,0.54,0.54,0.54,0.54,0.54,0.95,9000,9183,8121,879,0.09766666666666667,1062,0.1156484808885985,0.8843515191114015,0.9023333333333333,153,1056,0.29333333333333333,153,153,153,0,0,1.0,1.0,0,0,,,0,0.0,0,0.0,324,1275.0,1275.0,1275.0,0,0.0
wrong_id_same_service_5pct,naive_temporal_window,10753,600,24,0.25,1500,0,180,0,0,0,0,0,0,600,3600,3600,3600,600,600,436,0.7266666666666667,0.7266666666666667,0.7266666666666667,0.7266666666666667,0.7266666666666666,0.9316666666666666,9000,9738,8262,738,0.082,1476,0.15157116451016636,0.8484288354898336,0.918,82,738,0.205,82,82,82,0,0,1.0,1.0,0,0,,,0,0.0,0,0.0,436,1275.0,1275.0,1275.0,0,0.0
wrong_id_same_service_10pct,strict_service_plus_correlation,10753,600,24,0.25,1500,0,360,0,0,0,0,0,0,600,3600,3600,3600,2170,327,170,0.2833333333333333,0.2833333333333333,0.5198776758409785,0.2833333333333333,0.36677454153182304,0.5638888888888889,9000,3934,3934,5066,0.5628888888888889,0,0.0,1.0,0.4371111111111111,273,1843,0.5119444444444444,0,273,273,0,0,1.0,1.0,0,0,,,1843,0.5119444444444444,0,0.0,170,1275.0,1275.0,1275.0,0,0.0
wrong_id_same_service_10pct,correlation_id_only_ablation,10753,600,24,0.25,1500,0,360,0,0,0,0,0,0,600,3600,3600,3600,600,600,170,0.2833333333333333,0.2833333333333333,0.2833333333333333,0.2833333333333333,0.2833333333333333,0.9,9000,9347,7294,1706,0.18955555555555556,2053,0.2196426660960736,0.7803573339039264,0.8104444444444444,273,1843,0.5119444444444444,273,273,273,0,0,1.0,1.0,0,0,,,0,0.0,0,0.0,170,1275.0,1275.0,1275.0,0,0.0
wrong_id_same_service_10pct,naive_temporal_window,10753,600,24,0.25,1500,0,360,0,0,0,0,0,0,600,3600,3600,3600,600,600,436,0.7266666666666667,0.7266666666666667,0.7266666666666667,0.7266666666666667,0.7266666666666666,0.9316666666666666,9000,9738,8262,738,0.082,1476,0.15157116451016636,0.8484288354898336,0.918,82,738,0.205,82,82,82,0,0,1.0,1.0,0,0,,,0,0.0,0,0.0,436,1275.0,1275.0,1275.0,0,0.0
wrong_id_same_service_20pct,strict_service_plus_correlation,10753,600,24,0.25,1500,0,720,0,0,0,0,0,0,600,3600,3600,3600,2952,170,42,0.07,0.07,0.24705882352941178,0.07,0.10909090909090909,0.3466666666666667,9000,1634,1634,7366,0.8184444444444444,0,0.0,1.0,0.18155555555555555,430,2782,0.7727777777777778,0,430,430,0,0,1.0,1.0,0,0,,,2782,0.7727777777777778,0,0.0,42,1275.0,1275.0,1275.0,0,0.0
wrong_id_same_service_20pct,correlation_id_only_ablation,10753,600,24,0.25,1500,0,720,0,0,0,0,0,0,600,3600,3600,3600,600,600,42,0.07,0.07,0.07,0.07,0.07,0.8002777777777778,9000,9594,5756,3244,0.36044444444444446,3838,0.40004169272461954,0.5999583072753805,0.6395555555555555,430,2782,0.7727777777777778,430,430,430,0,0,1.0,1.0,0,0,,,0,0.0,0,0.0,42,1275.0,1275.0,1275.0,0,0.0
wrong_id_same_service_20pct,naive_temporal_window,10753,600,24,0.25,1500,0,720,0,0,0,0,0,0,600,3600,3600,3600,600,600,436,0.7266666666666667,0.7266666666666667,0.7266666666666667,0.7266666666666667,0.7266666666666666,0.9316666666666666,9000,9738,8262,738,0.082,1476,0.15157116451016636,0.8484288354898336,0.918,82,738,0.205,82,82,82,0,0,1.0,1.0,0,0,,,0,0.0,0,0.0,436,1275.0,1275.0,1275.0,0,0.0
missing_plane_deployment,strict_service_plus_correlation,10753,600,24,0.25,1500,600,0,0,0,0,0,0,0,600,3600,3600,3600,1200,600,0,0.0,0.0,0.0,0.0,0.0,0.8333333333333334,9000,6000,6000,3000,0.3333333333333333,0,0.0,1.0,0.6666666666666666,0,0,0.0,0,0,0,0,0,,,0,0,,,600,0.16666666666666666,0,0.0,0,,,,0,0.0
missing_plane_deployment,correlation_id_only_ablation,10753,600,24,0.25,1500,600,0,0,0,0,0,0,0,600,3600,3600,3600,1200,600,0,0.0,0.0,0.0,0.0,0.0,0.8333333333333334,9000,6000,6000,3000,0.3333333333333333,0,0.0,1.0,0.6666666666666666,0,0,0.0,0,0,0,0,0,,,0,0,,,600,0.16666666666666666,0,0.0,0,,,,0,0.0
missing_plane_deployment,naive_temporal_window,10753,600,24,0.25,1500,600,0,0,0,0,0,0,0,600,3600,3600,3600,600,600,436,0.7266666666666667,0.7266666666666667,0.7266666666666667,0.7266666666666667,0.7266666666666666,0.9316666666666666,9000,9738,8262,738,0.082,1476,0.15157116451016636,0.8484288354898336,0.918,82,738,0.205,82,82,82,0,0,1.0,1.0,0,0,,,0,0.0,0,0.0,436,1275.0,1275.0,1275.0,0,0.0
missing_plane_identity,strict_service_plus_correlation,10753,600,24,0.25,1500,600,0,0,0,0,0,0,0,600,3600,3600,3600,1200,600,0,0.0,0.0,0.0,0.0,0.0,0.8333333333333334,9000,6000,6000,3000,0.3333333333333333,0,0.0,1.0,0.6666666666666666,0,0,0.0,0,0,0,0,0,,,0,0,,,600,0.16666666666666666,0,0.0,0,,,,0,0.0
missing_plane_identity,correlation_id_only_ablation,10753,600,24,0.25,1500,600,0,0,0,0,0,0,0,600,3600,3600,3600,1200,600,0,0.0,0.0,0.0,0.0,0.0,0.8333333333333334,9000,6000,6000,3000,0.3333333333333333,0,0.0,1.0,0.6666666666666666,0,0,0.0,0,0,0,0,0,,,0,0,,,600,0.16666666666666666,0,0.0,0,,,,0,0.0
missing_plane_identity,naive_temporal_window,10753,600,24,0.25,1500,600,0,0,0,0,0,0,0,600,3600,3600,3600,600,600,436,0.7266666666666667,0.7266666666666667,0.7266666666666667,0.7266666666666667,0.7266666666666666,0.9316666666666666,9000,9738,8262,738,0.082,1476,0.15157116451016636,0.8484288354898336,0.918,82,738,0.205,82,82,82,0,0,1.0,1.0,0,0,,,0,0.0,0,0.0,436,1275.0,1275.0,1275.0,0,0.0
missing_plane_policy,strict_service_plus_correlation,10753,600,24,0.25,1500,600,0,0,0,0,0,0,0,600,3600,3600,3600,1200,600,0,0.0,0.0,0.0,0.0,0.0,0.8333333333333334,9000,6000,6000,3000,0.3333333333333333,0,0.0,1.0,0.6666666666666666,0,0,0.0,0,0,0,0,0,,,0,0,,,600,0.16666666666666666,0,0.0,0,,,,0,0.0
missing_plane_policy,correlation_id_only_ablation,10753,600,24,0.25,1500,600,0,0,0,0,0,0,0,600,3600,3600,3600,1200,600,0,0.0,0.0,0.0,0.0,0.0,0.8333333333333334,9000,6000,6000,3000,0.3333333333333333,0,0.0,1.0,0.6666666666666666,0,0,0.0,0,0,0,0,0,,,0,0,,,600,0.16666666666666666,0,0.0,0,,,,0,0.0
missing_plane_policy,naive_temporal_window,10753,600,24,0.25,1500,600,0,0,0,0,0,0,0,600,3600,3600,3600,600,600,436,0.7266666666666667,0.7266666666666667,0.7266666666666667,0.7266666666666667,0.7266666666666666,0.9316666666666666,9000,9738,8262,738,0.082,1476,0.15157116451016636,0.8484288354898336,0.918,82,738,0.205,82,82,82,0,0,1.0,1.0,0,0,,,0,0.0,0,0.0,436,1275.0,1275.0,1275.0,0,0.0
missing_plane_telemetry,strict_service_plus_correlation,10753,600,24,0.25,1500,600,0,0,0,0,0,0,0,600,3600,3600,3600,1200,600,0,0.0,0.0,0.0,0.0,0.0,0.8333333333333334,9000,6000,6000,3000,0.3333333333333333,0,0.0,1.0,0.6666666666666666,0,0,0.0,0,0,0,0,0,,,0,0,,,600,0.16666666666666666,0,0.0,0,,,,0,0.0
missing_plane_telemetry,correlation_id_only_ablation,10753,600,24,0.25,1500,600,0,0,0,0,0,0,0,600,3600,3600,3600,1200,600,0,0.0,0.0,0.0,0.0,0.0,0.8333333333333334,9000,6000,6000,3000,0.3333333333333333,0,0.0,1.0,0.6666666666666666,0,0,0.0,0,0,0,0,0,,,0,0,,,600,0.16666666666666666,0,0.0,0,,,,0,0.0
missing_plane_telemetry,naive_temporal_window,10753,600,24,0.25,1500,600,0,0,0,0,0,0,0,600,3600,3600,3600,600,600,436,0.7266666666666667,0.7266666666666667,0.7266666666666667,0.7266666666666667,0.7266666666666666,0.9316666666666666,9000,9738,8262,738,0.082,1476,0.15157116451016636,0.8484288354898336,0.918,82,738,0.205,82,82,82,0,0,1.0,1.0,0,0,,,0,0.0,0,0.0,436,1275.0,1275.0,1275.0,0,0.0
missing_plane_incident,strict_service_plus_correlation,10753,600,24,0.25,1500,600,0,0,0,0,0,0,0,600,3600,3600,3600,1200,600,0,0.0,0.0,0.0,0.0,0.0,0.8333333333333334,9000,6000,6000,3000,0.3333333333333333,0,0.0,1.0,0.6666666666666666,0,0,0.0,0,0,0,0,0,,,0,0,,,600,0.16666666666666666,0,0.0,0,,,,0,0.0
missing_plane_incident,correlation_id_only_ablation,10753,600,24,0.25,1500,600,0,0,0,0,0,0,0,600,3600,3600,3600,1200,600,0,0.0,0.0,0.0,0.0,0.0,0.8333333333333334,9000,6000,6000,3000,0.3333333333333333,0,0.0,1.0,0.6666666666666666,0,0,0.0,0,0,0,0,0,,,0,0,,,600,0.16666666666666666,0,0.0,0,,,,0,0.0
missing_plane_incident,naive_temporal_window,10753,600,24,0.25,1500,600,0,0,0,0,0,0,0,600,3600,3600,3600,600,600,436,0.7266666666666667,0.7266666666666667,0.7266666666666667,0.7266666666666667,0.7266666666666666,0.9316666666666666,9000,9738,8262,738,0.082,1476,0.15157116451016636,0.8484288354898336,0.918,82,738,0.205,82,82,82,0,0,1.0,1.0,0,0,,,0,0.0,0,0.0,436,1275.0,1275.0,1275.0,0,0.0
missing_plane_recovery,strict_service_plus_correlation,10753,600,24,0.25,1500,600,0,0,0,0,0,0,0,600,3600,3600,3600,1200,600,0,0.0,0.0,0.0,0.0,0.0,0.8333333333333334,9000,6000,6000,3000,0.3333333333333333,0,0.0,1.0,0.6666666666666666,0,0,0.0,0,0,0,0,0,,,0,0,,,600,0.16666666666666666,0,0.0,0,,,,0,0.0
missing_plane_recovery,correlation_id_only_ablation,10753,600,24,0.25,1500,600,0,0,0,0,0,0,0,600,3600,3600,3600,1200,600,0,0.0,0.0,0.0,0.0,0.0,0.8333333333333334,9000,6000,6000,3000,0.3333333333333333,0,0.0,1.0,0.6666666666666666,0,0,0.0,0,0,0,0,0,,,0,0,,,600,0.16666666666666666,0,0.0,0,,,,0,0.0
missing_plane_recovery,naive_temporal_window,10753,600,24,0.25,1500,600,0,0,0,0,0,0,0,600,3600,3600,3600,600,600,436,0.7266666666666667,0.7266666666666667,0.7266666666666667,0.7266666666666667,0.7266666666666666,0.9316666666666666,9000,9738,8262,738,0.082,1476,0.15157116451016636,0.8484288354898336,0.918,82,738,0.205,82,82,82,0,0,1.0,1.0,0,0,,,0,0.0,0,0.0,436,1275.0,1275.0,1275.0,0,0.0
collision_same_service_1pct,strict_service_plus_correlation,10753,600,24,0.25,1500,0,0,6,0,0,0,0,0,600,3600,3600,3600,660,588,588,0.98,0.98,1.0,0.98,0.98989898989899,0.9833333333333333,9000,8820,8820,180,0.02,0,0.0,1.0,0.98,6,72,0.02,0,6,6,0,0,1.0,1.0,0,0,,,72,0.02,0,0.0,588,1275.0,1275.0,1275.0,0,0.0
collision_same_service_1pct,correlation_id_only_ablation,10753,600,24,0.25,1500,0,0,6,0,0,0,0,0,600,3600,3600,3600,594,594,588,0.98,0.98,0.98989898989899,0.98,0.9849246231155778,1.0,9000,9216,9000,0,0.0,216,0.0234375,0.9765625,1.0,6,72,0.02,6,6,6,0,0,1.0,1.0,0,0,,,0,0.0,0,0.0,588,1275.0,1275.0,1275.0,0,0.0
collision_same_service_1pct,naive_temporal_window,10753,600,24,0.25,1500,0,0,6,0,0,0,0,0,600,3600,3600,3600,600,600,436,0.7266666666666667,0.7266666666666667,0.7266666666666667,0.7266666666666667,0.7266666666666666,0.9316666666666666,9000,9738,8262,738,0.082,1476,0.15157116451016636,0.8484288354898336,0.918,82,738,0.205,82,82,82,0,0,1.0,1.0,0,0,,,0,0.0,0,0.0,436,1275.0,1275.0,1275.0,0,0.0
collision_same_service_5pct,strict_service_plus_correlation,10753,600,24,0.25,1500,0,0,30,0,0,0,0,0,600,3600,3600,3600,900,540,540,0.9,0.9,1.0,0.9,0.9473684210526316,0.9166666666666666,9000,8100,8100,900,0.1,0,0.0,1.0,0.9,30,360,0.1,0,30,30,0,0,1.0,1.0,0,0,,,360,0.1,0,0.0,540,1275.0,1275.0,1275.0,0,0.0
collision_same_service_5pct,correlation_id_only_ablation,10753,600,24,0.25,1500,0,0,30,0,0,0,0,0,600,3600,3600,3600,570,570,540,0.9,0.9,0.9473684210526315,0.9,0.9230769230769231,1.0,9000,10080,9000,0,0.0,1080,0.10714285714285714,0.8928571428571429,1.0,30,360,0.1,30,30,30,0,0,1.0,1.0,0,0,,,0,0.0,0,0.0,540,1275.0,1275.0,1275.0,0,0.0
collision_same_service_5pct,naive_temporal_window,10753,600,24,0.25,1500,0,0,30,0,0,0,0,0,600,3600,3600,3600,600,600,436,0.7266666666666667,0.7266666666666667,0.7266666666666667,0.7266666666666667,0.7266666666666666,0.9316666666666666,9000,9738,8262,738,0.082,1476,0.15157116451016636,0.8484288354898336,0.918,82,738,0.205,82,82,82,0,0,1.0,1.0,0,0,,,0,0.0,0,0.0,436,1275.0,1275.0,1275.0,0,0.0
collision_same_service_10pct,strict_service_plus_correlation,10753,600,24,0.25,1500,0,0,60,0,0,0,0,0,600,3600,3600,3600,1200,480,480,0.8,0.8,1.0,0.8,0.888888888888889,0.8333333333333334,9000,7200,7200,1800,0.2,0,0.0,1.0,0.8,60,720,0.2,0,60,60,0,0,1.0,1.0,0,0,,,720,0.2,0,0.0,480,1275.0,1275.0,1275.0,0,0.0
collision_same_service_10pct,correlation_id_only_ablation,10753,600,24,0.25,1500,0,0,60,0,0,0,0,0,600,3600,3600,3600,540,540,480,0.8,0.8,0.8888888888888888,0.8,0.8421052631578948,1.0,9000,11160,9000,0,0.0,2160,0.1935483870967742,0.8064516129032258,1.0,60,720,0.2,60,60,60,0,0,1.0,1.0,0,0,,,0,0.0,0,0.0,480,1275.0,1275.0,1275.0,0,0.0
collision_same_service_10pct,naive_temporal_window,10753,600,24,0.25,1500,0,0,60,0,0,0,0,0,600,3600,3600,3600,600,600,436,0.7266666666666667,0.7266666666666667,0.7266666666666667,0.7266666666666667,0.7266666666666666,0.9316666666666666,9000,9738,8262,738,0.082,1476,0.15157116451016636,0.8484288354898336,0.918,82,738,0.205,82,82,82,0,0,1.0,1.0,0,0,,,0,0.0,0,0.0,436,1275.0,1275.0,1275.0,0,0.0
collision_cross_service_5pct,strict_service_plus_correlation,10753,600,24,0.25,1500,0,0,30,0,0,0,0,0,600,3600,3600,3600,600,600,600,1.0,1.0,1.0,1.0,1.0,1.0,9000,9000,9000,0,0.0,0,0.0,1.0,1.0,0,0,0.0,0,0,0,0,0,,,0,0,,,0,0.0,0,0.0,600,1275.0,1275.0,1275.0,0,0.0
collision_cross_service_5pct,correlation_id_only_ablation,10753,600,24,0.25,1500,0,0,30,0,0,0,0,0,600,3600,3600,3600,570,570,540,0.9,0.9,0.9473684210526315,0.9,0.9230769230769231,1.0,9000,10080,9000,0,0.0,1080,0.10714285714285714,0.8928571428571429,1.0,30,360,0.1,30,30,30,0,0,1.0,1.0,0,0,,,0,0.0,0,0.0,540,1275.0,1275.0,1275.0,0,0.0
collision_cross_service_5pct,naive_temporal_window,10753,600,24,0.25,1500,0,0,30,0,0,0,0,0,600,3600,3600,3600,600,600,436,0.7266666666666667,0.7266666666666667,0.7266666666666667,0.7266666666666667,0.7266666666666666,0.9316666666666666,9000,9738,8262,738,0.082,1476,0.15157116451016636,0.8484288354898336,0.918,82,738,0.205,82,82,82,0,0,1.0,1.0,0,0,,,0,0.0,0,0.0,436,1275.0,1275.0,1275.0,0,0.0
duplicate_exact_10pct,strict_service_plus_correlation,10753,600,24,0.25,1500,0,0,0,360,0,0,0,0,600,3600,3600,3960,600,600,600,1.0,1.0,1.0,1.0,1.0,1.0,9000,9000,9000,0,0.0,0,0.0,1.0,1.0,0,0,0.0,0,0,0,0,0,,,0,0,,,0,0.0,360,0.09090909090909091,600,1275.0,1275.0,1275.0,0,0.0
duplicate_exact_10pct,correlation_id_only_ablation,10753,600,24,0.25,1500,0,0,0,360,0,0,0,0,600,3600,3600,3960,600,600,600,1.0,1.0,1.0,1.0,1.0,1.0,9000,9000,9000,0,0.0,0,0.0,1.0,1.0,0,0,0.0,0,0,0,0,0,,,0,0,,,0,0.0,360,0.09090909090909091,600,1275.0,1275.0,1275.0,0,0.0
duplicate_exact_10pct,naive_temporal_window,10753,600,24,0.25,1500,0,0,0,360,0,0,0,0,600,3600,3600,3960,600,600,436,0.7266666666666667,0.7266666666666667,0.7266666666666667,0.7266666666666667,0.7266666666666666,0.9316666666666666,9000,9738,8262,738,0.082,1476,0.15157116451016636,0.8484288354898336,0.918,82,738,0.205,82,82,82,0,0,1.0,1.0,0,0,,,0,0.0,360,0.09090909090909091,436,1275.0,1275.0,1275.0,0,0.0
duplicate_source_conflict_5pct,strict_service_plus_correlation,10753,600,24,0.25,1500,0,0,0,0,180,0,0,0,600,3600,3600,3780,960,600,439,0.7316666666666667,0.7316666666666667,0.7316666666666667,0.7316666666666667,0.7316666666666667,0.95,9000,8121,8121,879,0.09766666666666667,0,0.0,1.0,0.9023333333333333,0,0,0.0,0,0,0,0,0,,,180,180,1.0,1.0,360,0.09523809523809523,0,0.0,439,1275.0,1275.0,1275.0,0,0.0
duplicate_source_conflict_5pct,correlation_id_only_ablation,10753,600,24,0.25,1500,0,0,0,0,180,0,0,0,600,3600,3600,3780,600,600,439,0.7316666666666667,0.7316666666666667,0.7316666666666667,0.7316666666666667,0.7316666666666667,1.0,9000,10101,9000,0,0.0,1101,0.108999108999109,0.891000891000891,1.0,0,0,0.0,0,161,0,161,0,0.0,,180,180,1.0,1.0,0,0.0,0,0.0,439,1275.0,1275.0,1275.0,0,0.0
duplicate_source_conflict_5pct,naive_temporal_window,10753,600,24,0.25,1500,0,0,0,0,180,0,0,0,600,3600,3600,3780,600,600,321,0.535,0.535,0.535,0.535,0.535,0.9316666666666666,9000,10926,8262,738,0.082,2664,0.24382207578253706,0.7561779242174629,0.918,82,738,0.205,82,208,82,126,0,0.3942307692307692,1.0,180,180,1.0,1.0,0,0.0,0,0.0,321,1275.0,1275.0,1275.0,0,0.0
clock_skew_random_10pct_5s,strict_service_plus_correlation,10753,600,24,0.25,1500,0,0,0,0,0,360,0,0,600,3600,3600,3600,1990,322,322,0.5366666666666666,0.5366666666666666,1.0,0.5366666666666666,0.6984815618221257,0.6138888888888889,9000,4830,4830,4170,0.4633333333333333,0,0.0,1.0,0.5366666666666666,0,0,0.0,0,278,0,278,0,0.0,,0,0,,,1668,0.4633333333333333,0,0.0,322,1275.0,1275.0,1275.0,0,0.0
clock_skew_random_10pct_5s,correlation_id_only_ablation,10753,600,24,0.25,1500,0,0,0,0,0,360,0,0,600,3600,3600,3600,600,600,600,1.0,1.0,1.0,1.0,1.0,1.0,9000,9000,9000,0,0.0,0,0.0,1.0,1.0,0,0,0.0,0,278,0,278,0,0.0,,0,0,,,0,0.0,0,0.0,600,1275.0,1275.0,1275.0,0,0.0
clock_skew_random_10pct_5s,naive_temporal_window,10753,600,24,0.25,1500,0,0,0,0,0,360,0,0,600,3600,3600,3600,868,675,226,0.37666666666666665,0.37666666666666665,0.3348148148148148,0.37666666666666665,0.35450980392156867,0.8436111111111111,9000,8055,6723,2277,0.253,1332,0.1653631284916201,0.8346368715083798,0.747,131,787,0.21861111111111112,131,100,100,0,31,1.0,0.7633587786259542,0,0,,,0,0.0,0,0.0,226,1275.0,1275.0,1275.0,0,0.0
late_arrival_10pct_30s,strict_service_plus_correlation,10753,600,24,0.25,1500,0,0,0,0,0,0,360,0,600,3600,3600,3600,600,600,600,1.0,1.0,1.0,1.0,1.0,1.0,9000,9000,9000,0,0.0,0,0.0,1.0,1.0,0,0,0.0,0,0,0,0,0,,,0,0,,,0,0.0,0,0.0,600,1275.0,31275.0,31275.0,133079,0.02054258899076904
late_arrival_10pct_30s,correlation_id_only_ablation,10753,600,24,0.25,1500,0,0,0,0,0,0,360,0,600,3600,3600,3600,600,600,600,1.0,1.0,1.0,1.0,1.0,1.0,9000,9000,9000,0,0.0,0,0.0,1.0,1.0,0,0,0.0,0,0,0,0,0,,,0,0,,,0,0.0,0,0.0,600,1275.0,31275.0,31275.0,133079,0.02054258899076904
late_arrival_10pct_30s,naive_temporal_window,10753,600,24,0.25,1500,0,0,0,0,0,0,360,0,600,3600,3600,3600,600,600,436,0.7266666666666667,0.7266666666666667,0.7266666666666667,0.7266666666666667,0.7266666666666666,0.9316666666666666,9000,9738,8262,738,0.082,1476,0.15157116451016636,0.8484288354898336,0.918,82,738,0.205,82,82,82,0,0,1.0,1.0,0,0,,,0,0.0,0,0.0,436,1275.0,31275.0,31275.0,133079,0.02054258899076904
out_of_order_jitter_3s,strict_service_plus_correlation,10753,600,24,0.25,1500,0,0,0,0,0,0,0,3600,600,3600,3600,3600,600,600,600,1.0,1.0,1.0,1.0,1.0,1.0,9000,9000,9000,0,0.0,0,0.0,1.0,1.0,0,0,0.0,0,0,0,0,0,,,0,0,,,0,0.0,0,0.0,600,3449.5,4131.15,4274.0,92912,0.014342255564817387
out_of_order_jitter_3s,correlation_id_only_ablation,10753,600,24,0.25,1500,0,0,0,0,0,0,0,3600,600,3600,3600,3600,600,600,600,1.0,1.0,1.0,1.0,1.0,1.0,9000,9000,9000,0,0.0,0,0.0,1.0,1.0,0,0,0.0,0,0,0,0,0,,,0,0,,,0,0.0,0,0.0,600,3449.5,4131.15,4274.0,92912,0.014342255564817387
out_of_order_jitter_3s,naive_temporal_window,10753,600,24,0.25,1500,0,0,0,0,0,0,0,3600,600,3600,3600,3600,600,600,436,0.7266666666666667,0.7266666666666667,0.7266666666666667,0.7266666666666667,0.7266666666666666,0.9316666666666666,9000,9738,8262,738,0.082,1476,0.15157116451016636,0.8484288354898336,0.918,82,738,0.205,82,82,82,0,0,1.0,1.0,0,0,,,0,0.0,0,0.0,436,3435.5,4129.5,4274.0,92912,0.014342255564817387
compound_adversarial,strict_service_plus_correlation,10753,600,24,0.25,1500,360,0,30,0,0,0,360,3600,600,3600,3600,3600,1228,540,276,0.46,0.46,0.5111111111111111,0.46,0.4842105263157895,0.8255555555555556,9000,6533,6533,2467,0.27411111111111114,0,0.0,1.0,0.7258888888888889,30,328,0.09111111111111111,0,30,30,0,0,1.0,1.0,0,0,,,688,0.19111111111111112,0,0.0,276,4089.5,33545.25,34225.0,208329,0.03215846994535519
compound_adversarial,correlation_id_only_ablation,10753,600,24,0.25,1500,360,0,30,0,0,0,360,3600,600,3600,3600,3600,930,570,276,0.46,0.46,0.4842105263157895,0.46,0.47179487179487184,0.9,9000,8174,7279,1721,0.1912222222222222,895,0.10949351602642525,0.8905064839735748,0.8087777777777778,30,328,0.09111111111111111,30,30,30,0,0,1.0,1.0,0,0,,,360,0.1,0,0.0,276,4089.5,33545.25,34225.0,208329,0.03215846994535519
compound_adversarial,naive_temporal_window,10753,600,24,0.25,1500,360,0,30,0,0,0,360,3600,600,3600,3600,3600,600,600,436,0.7266666666666667,0.7266666666666667,0.7266666666666667,0.7266666666666667,0.7266666666666666,0.9316666666666666,9000,9738,8262,738,0.082,1476,0.15157116451016636,0.8484288354898336,0.918,82,738,0.205,82,82,82,0,0,1.0,1.0,0,0,,,0,0.0,0,0.0,436,4149.5,33566.75,34258.0,208329,0.03215846994535519
control,strict_service_plus_correlation,10854,600,24,0.25,1500,0,0,0,0,0,0,0,0,600,3600,3600,3600,600,600,600,1.0,1.0,1.0,1.0,1.0,1.0,9000,9000,9000,0,0.0,0,0.0,1.0,1.0,0,0,0.0,0,0,0,0,0,,,0,0,,,0,0.0,0,0.0,600,1275.0,1275.0,1275.0,0,0.0
control,correlation_id_only_ablation,10854,600,24,0.25,1500,0,0,0,0,0,0,0,0,600,3600,3600,3600,600,600,600,1.0,1.0,1.0,1.0,1.0,1.0,9000,9000,9000,0,0.0,0,0.0,1.0,1.0,0,0,0.0,0,0,0,0,0,,,0,0,,,0,0.0,0,0.0,600,1275.0,1275.0,1275.0,0,0.0
control,naive_temporal_window,10854,600,24,0.25,1500,0,0,0,0,0,0,0,0,600,3600,3600,3600,600,600,442,0.7366666666666667,0.7366666666666667,0.7366666666666667,0.7366666666666667,0.7366666666666667,0.9341666666666667,9000,9711,8289,711,0.079,1422,0.1464318813716404,0.8535681186283596,0.921,79,711,0.1975,79,79,79,0,0,1.0,1.0,0,0,,,0,0.0,0,0.0,442,1275.0,1275.0,1275.0,0,0.0
missing_random_1pct,strict_service_plus_correlation,10854,600,24,0.25,1500,36,0,0,0,0,0,0,0,600,3600,3600,3600,636,600,566,0.9433333333333334,0.9433333333333334,0.9433333333333334,0.9433333333333334,0.9433333333333332,0.99,9000,8822,8822,178,0.019777777777777776,0,0.0,1.0,0.9802222222222222,0,0,0.0,0,0,0,0,0,,,0,0,,,36,0.01,0,0.0,566,1275.0,1275.0,1275.0,0,0.0
missing_random_1pct,correlation_id_only_ablation,10854,600,24,0.25,1500,36,0,0,0,0,0,0,0,600,3600,3600,3600,636,600,566,0.9433333333333334,0.9433333333333334,0.9433333333333334,0.9433333333333334,0.9433333333333332,0.99,9000,8822,8822,178,0.019777777777777776,0,0.0,1.0,0.9802222222222222,0,0,0.0,0,0,0,0,0,,,0,0,,,36,0.01,0,0.0,566,1275.0,1275.0,1275.0,0,0.0
missing_random_1pct,naive_temporal_window,10854,600,24,0.25,1500,36,0,0,0,0,0,0,0,600,3600,3600,3600,600,600,442,0.7366666666666667,0.7366666666666667,0.7366666666666667,0.7366666666666667,0.7366666666666667,0.9341666666666667,9000,9711,8289,711,0.079,1422,0.1464318813716404,0.8535681186283596,0.921,79,711,0.1975,79,79,79,0,0,1.0,1.0,0,0,,,0,0.0,0,0.0,442,1275.0,1275.0,1275.0,0,0.0
missing_random_5pct,strict_service_plus_correlation,10854,600,24,0.25,1500,180,0,0,0,0,0,0,0,600,3600,3600,3600,780,600,437,0.7283333333333334,0.7283333333333334,0.7283333333333334,0.7283333333333334,0.7283333333333334,0.95,9000,8117,8117,883,0.09811111111111111,0,0.0,1.0,0.9018888888888889,0,0,0.0,0,0,0,0,0,,,0,0,,,180,0.05,0,0.0,437,1275.0,1275.0,1275.0,0,0.0
missing_random_5pct,correlation_id_only_ablation,10854,600,24,0.25,1500,180,0,0,0,0,0,0,0,600,3600,3600,3600,780,600,437,0.7283333333333334,0.7283333333333334,0.7283333333333334,0.7283333333333334,0.7283333333333334,0.95,9000,8117,8117,883,0.09811111111111111,0,0.0,1.0,0.9018888888888889,0,0,0.0,0,0,0,0,0,,,0,0,,,180,0.05,0,0.0,437,1275.0,1275.0,1275.0,0,0.0
missing_random_5pct,naive_temporal_window,10854,600,24,0.25,1500,180,0,0,0,0,0,0,0,600,3600,3600,3600,600,600,442,0.7366666666666667,0.7366666666666667,0.7366666666666667,0.7366666666666667,0.7366666666666667,0.9341666666666667,9000,9711,8289,711,0.079,1422,0.1464318813716404,0.8535681186283596,0.921,79,711,0.1975,79,79,79,0,0,1.0,1.0,0,0,,,0,0.0,0,0.0,442,1275.0,1275.0,1275.0,0,0.0
missing_random_10pct,strict_service_plus_correlation,10854,600,24,0.25,1500,360,0,0,0,0,0,0,0,600,3600,3600,3600,960,600,325,0.5416666666666666,0.5416666666666666,0.5416666666666666,0.5416666666666666,0.5416666666666666,0.9,9000,7300,7300,1700,0.18888888888888888,0,0.0,1.0,0.8111111111111111,0,0,0.0,0,0,0,0,0,,,0,0,,,360,0.1,0,0.0,325,1275.0,1275.0,1275.0,0,0.0
missing_random_10pct,correlation_id_only_ablation,10854,600,24,0.25,1500,360,0,0,0,0,0,0,0,600,3600,3600,3600,960,600,325,0.5416666666666666,0.5416666666666666,0.5416666666666666,0.5416666666666666,0.5416666666666666,0.9,9000,7300,7300,1700,0.18888888888888888,0,0.0,1.0,0.8111111111111111,0,0,0.0,0,0,0,0,0,,,0,0,,,360,0.1,0,0.0,325,1275.0,1275.0,1275.0,0,0.0
missing_random_10pct,naive_temporal_window,10854,600,24,0.25,1500,360,0,0,0,0,0,0,0,600,3600,3600,3600,600,600,442,0.7366666666666667,0.7366666666666667,0.7366666666666667,0.7366666666666667,0.7366666666666667,0.9341666666666667,9000,9711,8289,711,0.079,1422,0.1464318813716404,0.8535681186283596,0.921,79,711,0.1975,79,79,79,0,0,1.0,1.0,0,0,,,0,0.0,0,0.0,442,1275.0,1275.0,1275.0,0,0.0
missing_random_20pct,strict_service_plus_correlation,10854,600,24,0.25,1500,720,0,0,0,0,0,0,0,600,3600,3600,3600,1320,600,162,0.27,0.27,0.27,0.27,0.27,0.8,9000,5761,5761,3239,0.35988888888888887,0,0.0,1.0,0.6401111111111111,0,0,0.0,0,0,0,0,0,,,0,0,,,720,0.2,0,0.0,162,1275.0,1275.0,1275.0,0,0.0
missing_random_20pct,correlation_id_only_ablation,10854,600,24,0.25,1500,720,0,0,0,0,0,0,0,600,3600,3600,3600,1320,600,162,0.27,0.27,0.27,0.27,0.27,0.8,9000,5761,5761,3239,0.35988888888888887,0,0.0,1.0,0.6401111111111111,0,0,0.0,0,0,0,0,0,,,0,0,,,720,0.2,0,0.0,162,1275.0,1275.0,1275.0,0,0.0
missing_random_20pct,naive_temporal_window,10854,600,24,0.25,1500,720,0,0,0,0,0,0,0,600,3600,3600,3600,600,600,442,0.7366666666666667,0.7366666666666667,0.7366666666666667,0.7366666666666667,0.7366666666666667,0.9341666666666667,9000,9711,8289,711,0.079,1422,0.1464318813716404,0.8535681186283596,0.921,79,711,0.1975,79,79,79,0,0,1.0,1.0,0,0,,,0,0.0,0,0.0,442,1275.0,1275.0,1275.0,0,0.0
wrong_id_same_service_1pct,strict_service_plus_correlation,10854,600,24,0.25,1500,0,36,0,0,0,0,0,0,600,3600,3600,3600,811,565,529,0.8816666666666667,0.8816666666666667,0.9362831858407079,0.8816666666666667,0.9081545064377683,0.9413888888888889,9000,8295,8295,705,0.07833333333333334,0,0.0,1.0,0.9216666666666666,35,246,0.06833333333333333,0,35,35,0,0,1.0,1.0,0,0,,,246,0.06833333333333333,0,0.0,529,1275.0,1275.0,1275.0,0,0.0
wrong_id_same_service_1pct,correlation_id_only_ablation,10854,600,24,0.25,1500,0,36,0,0,0,0,0,0,600,3600,3600,3600,600,600,529,0.8816666666666667,0.8816666666666667,0.8816666666666667,0.8816666666666667,0.8816666666666667,0.99,9000,9037,8820,180,0.02,217,0.024012393493415957,0.975987606506584,0.98,35,246,0.06833333333333333,35,35,35,0,0,1.0,1.0,0,0,,,0,0.0,0,0.0,529,1275.0,1275.0,1275.0,0,0.0
wrong_id_same_service_1pct,naive_temporal_window,10854,600,24,0.25,1500,0,36,0,0,0,0,0,0,600,3600,3600,3600,600,600,442,0.7366666666666667,0.7366666666666667,0.7366666666666667,0.7366666666666667,0.7366666666666667,0.9341666666666667,9000,9711,8289,711,0.079,1422,0.1464318813716404,0.8535681186283596,0.921,79,711,0.1975,79,79,79,0,0,1.0,1.0,0,0,,,0,0.0,0,0.0,442,1275.0,1275.0,1275.0,0,0.0
wrong_id_same_service_5pct,strict_service_plus_correlation,10854,600,24,0.25,1500,0,180,0,0,0,0,0,0,600,3600,3600,3600,1522,444,320,0.5333333333333333,0.5333333333333333,0.7207207207207207,0.5333333333333333,0.6130268199233716,0.7438888888888889,9000,5968,5968,3032,0.3368888888888889,0,0.0,1.0,0.6631111111111111,156,1078,0.29944444444444446,0,156,156,0,0,1.0,1.0,0,0,,,1078,0.29944444444444446,0,0.0,320,1275.0,1275.0,1275.0,0,0.0
wrong_id_same_service_5pct,correlation_id_only_ablation,10854,600,24,0.25,1500,0,180,0,0,0,0,0,0,600,3600,3600,3600,600,600,320,0.5333333333333333,0.5333333333333333,0.5333333333333333,0.5333333333333333,0.5333333333333333,0.95,9000,9186,8124,876,0.09733333333333333,1062,0.11561071195297191,0.8843892880470281,0.9026666666666666,156,1078,0.29944444444444446,156,156,156,0,0,1.0,1.0,0,0,,,0,0.0,0,0.0,320,1275.0,1275.0,1275.0,0,0.0
wrong_id_same_service_5pct,naive_temporal_window,10854,600,24,0.25,1500,0,180,0,0,0,0,0,0,600,3600,3600,3600,600,600,442,0.7366666666666667,0.7366666666666667,0.7366666666666667,0.7366666666666667,0.7366666666666667,0.9341666666666667,9000,9711,8289,711,0.079,1422,0.1464318813716404,0.8535681186283596,0.921,79,711,0.1975,79,79,79,0,0,1.0,1.0,0,0,,,0,0.0,0,0.0,442,1275.0,1275.0,1275.0,0,0.0
wrong_id_same_service_10pct,strict_service_plus_correlation,10854,600,24,0.25,1500,0,360,0,0,0,0,0,0,600,3600,3600,3600,2133,334,179,0.29833333333333334,0.29833333333333334,0.5359281437125748,0.29833333333333334,0.38329764453961457,0.5741666666666667,9000,4053,4053,4947,0.5496666666666666,0,0.0,1.0,0.4503333333333333,266,1799,0.49972222222222223,0,266,266,0,0,1.0,1.0,0,0,,,1799,0.49972222222222223,0,0.0,179,1275.0,1275.0,1275.0,0,0.0
wrong_id_same_service_10pct,correlation_id_only_ablation,10854,600,24,0.25,1500,0,360,0,0,0,0,0,0,600,3600,3600,3600,600,600,179,0.29833333333333334,0.29833333333333334,0.29833333333333334,0.29833333333333334,0.29833333333333334,0.9002777777777777,9000,9366,7302,1698,0.18866666666666668,2064,0.22037155669442665,0.7796284433055733,0.8113333333333334,266,1799,0.49972222222222223,266,266,266,0,0,1.0,1.0,0,0,,,0,0.0,0,0.0,179,1275.0,1275.0,1275.0,0,0.0
wrong_id_same_service_10pct,naive_temporal_window,10854,600,24,0.25,1500,0,360,0,0,0,0,0,0,600,3600,3600,3600,600,600,442,0.7366666666666667,0.7366666666666667,0.7366666666666667,0.7366666666666667,0.7366666666666667,0.9341666666666667,9000,9711,8289,711,0.079,1422,0.1464318813716404,0.8535681186283596,0.921,79,711,0.1975,79,79,79,0,0,1.0,1.0,0,0,,,0,0.0,0,0.0,442,1275.0,1275.0,1275.0,0,0.0
wrong_id_same_service_20pct,strict_service_plus_correlation,10854,600,24,0.25,1500,0,720,0,0,0,0,0,0,600,3600,3600,3600,2973,168,36,0.06,0.06,0.21428571428571427,0.06,0.09375,0.3408333333333333,9000,1560,1560,7440,0.8266666666666667,0,0.0,1.0,0.17333333333333334,432,2805,0.7791666666666667,0,432,432,0,0,1.0,1.0,0,0,,,2805,0.7791666666666667,0,0.0,36,1275.0,1275.0,1275.0,0,0.0
wrong_id_same_service_20pct,correlation_id_only_ablation,10854,600,24,0.25,1500,0,720,0,0,0,0,0,0,600,3600,3600,3600,600,600,36,0.06,0.06,0.06,0.06,0.06,0.8002777777777778,9000,9651,5771,3229,0.35877777777777775,3880,0.4020308776292612,0.5979691223707387,0.6412222222222222,432,2805,0.7791666666666667,432,432,432,0,0,1.0,1.0,0,0,,,0,0.0,0,0.0,36,1275.0,1275.0,1275.0,0,0.0
wrong_id_same_service_20pct,naive_temporal_window,10854,600,24,0.25,1500,0,720,0,0,0,0,0,0,600,3600,3600,3600,600,600,442,0.7366666666666667,0.7366666666666667,0.7366666666666667,0.7366666666666667,0.7366666666666667,0.9341666666666667,9000,9711,8289,711,0.079,1422,0.1464318813716404,0.8535681186283596,0.921,79,711,0.1975,79,79,79,0,0,1.0,1.0,0,0,,,0,0.0,0,0.0,442,1275.0,1275.0,1275.0,0,0.0
missing_plane_deployment,strict_service_plus_correlation,10854,600,24,0.25,1500,600,0,0,0,0,0,0,0,600,3600,3600,3600,1200,600,0,0.0,0.0,0.0,0.0,0.0,0.8333333333333334,9000,6000,6000,3000,0.3333333333333333,0,0.0,1.0,0.6666666666666666,0,0,0.0,0,0,0,0,0,,,0,0,,,600,0.16666666666666666,0,0.0,0,,,,0,0.0
missing_plane_deployment,correlation_id_only_ablation,10854,600,24,0.25,1500,600,0,0,0,0,0,0,0,600,3600,3600,3600,1200,600,0,0.0,0.0,0.0,0.0,0.0,0.8333333333333334,9000,6000,6000,3000,0.3333333333333333,0,0.0,1.0,0.6666666666666666,0,0,0.0,0,0,0,0,0,,,0,0,,,600,0.16666666666666666,0,0.0,0,,,,0,0.0
missing_plane_deployment,naive_temporal_window,10854,600,24,0.25,1500,600,0,0,0,0,0,0,0,600,3600,3600,3600,600,600,442,0.7366666666666667,0.7366666666666667,0.7366666666666667,0.7366666666666667,0.7366666666666667,0.9341666666666667,9000,9711,8289,711,0.079,1422,0.1464318813716404,0.8535681186283596,0.921,79,711,0.1975,79,79,79,0,0,1.0,1.0,0,0,,,0,0.0,0,0.0,442,1275.0,1275.0,1275.0,0,0.0
missing_plane_identity,strict_service_plus_correlation,10854,600,24,0.25,1500,600,0,0,0,0,0,0,0,600,3600,3600,3600,1200,600,0,0.0,0.0,0.0,0.0,0.0,0.8333333333333334,9000,6000,6000,3000,0.3333333333333333,0,0.0,1.0,0.6666666666666666,0,0,0.0,0,0,0,0,0,,,0,0,,,600,0.16666666666666666,0,0.0,0,,,,0,0.0
missing_plane_identity,correlation_id_only_ablation,10854,600,24,0.25,1500,600,0,0,0,0,0,0,0,600,3600,3600,3600,1200,600,0,0.0,0.0,0.0,0.0,0.0,0.8333333333333334,9000,6000,6000,3000,0.3333333333333333,0,0.0,1.0,0.6666666666666666,0,0,0.0,0,0,0,0,0,,,0,0,,,600,0.16666666666666666,0,0.0,0,,,,0,0.0
missing_plane_identity,naive_temporal_window,10854,600,24,0.25,1500,600,0,0,0,0,0,0,0,600,3600,3600,3600,600,600,442,0.7366666666666667,0.7366666666666667,0.7366666666666667,0.7366666666666667,0.7366666666666667,0.9341666666666667,9000,9711,8289,711,0.079,1422,0.1464318813716404,0.8535681186283596,0.921,79,711,0.1975,79,79,79,0,0,1.0,1.0,0,0,,,0,0.0,0,0.0,442,1275.0,1275.0,1275.0,0,0.0
missing_plane_policy,strict_service_plus_correlation,10854,600,24,0.25,1500,600,0,0,0,0,0,0,0,600,3600,3600,3600,1200,600,0,0.0,0.0,0.0,0.0,0.0,0.8333333333333334,9000,6000,6000,3000,0.3333333333333333,0,0.0,1.0,0.6666666666666666,0,0,0.0,0,0,0,0,0,,,0,0,,,600,0.16666666666666666,0,0.0,0,,,,0,0.0
missing_plane_policy,correlation_id_only_ablation,10854,600,24,0.25,1500,600,0,0,0,0,0,0,0,600,3600,3600,3600,1200,600,0,0.0,0.0,0.0,0.0,0.0,0.8333333333333334,9000,6000,6000,3000,0.3333333333333333,0,0.0,1.0,0.6666666666666666,0,0,0.0,0,0,0,0,0,,,0,0,,,600,0.16666666666666666,0,0.0,0,,,,0,0.0
missing_plane_policy,naive_temporal_window,10854,600,24,0.25,1500,600,0,0,0,0,0,0,0,600,3600,3600,3600,600,600,442,0.7366666666666667,0.7366666666666667,0.7366666666666667,0.7366666666666667,0.7366666666666667,0.9341666666666667,9000,9711,8289,711,0.079,1422,0.1464318813716404,0.8535681186283596,0.921,79,711,0.1975,79,79,79,0,0,1.0,1.0,0,0,,,0,0.0,0,0.0,442,1275.0,1275.0,1275.0,0,0.0
missing_plane_telemetry,strict_service_plus_correlation,10854,600,24,0.25,1500,600,0,0,0,0,0,0,0,600,3600,3600,3600,1200,600,0,0.0,0.0,0.0,0.0,0.0,0.8333333333333334,9000,6000,6000,3000,0.3333333333333333,0,0.0,1.0,0.6666666666666666,0,0,0.0,0,0,0,0,0,,,0,0,,,600,0.16666666666666666,0,0.0,0,,,,0,0.0
missing_plane_telemetry,correlation_id_only_ablation,10854,600,24,0.25,1500,600,0,0,0,0,0,0,0,600,3600,3600,3600,1200,600,0,0.0,0.0,0.0,0.0,0.0,0.8333333333333334,9000,6000,6000,3000,0.3333333333333333,0,0.0,1.0,0.6666666666666666,0,0,0.0,0,0,0,0,0,,,0,0,,,600,0.16666666666666666,0,0.0,0,,,,0,0.0
missing_plane_telemetry,naive_temporal_window,10854,600,24,0.25,1500,600,0,0,0,0,0,0,0,600,3600,3600,3600,600,600,442,0.7366666666666667,0.7366666666666667,0.7366666666666667,0.7366666666666667,0.7366666666666667,0.9341666666666667,9000,9711,8289,711,0.079,1422,0.1464318813716404,0.8535681186283596,0.921,79,711,0.1975,79,79,79,0,0,1.0,1.0,0,0,,,0,0.0,0,0.0,442,1275.0,1275.0,1275.0,0,0.0
missing_plane_incident,strict_service_plus_correlation,10854,600,24,0.25,1500,600,0,0,0,0,0,0,0,600,3600,3600,3600,1200,600,0,0.0,0.0,0.0,0.0,0.0,0.8333333333333334,9000,6000,6000,3000,0.3333333333333333,0,0.0,1.0,0.6666666666666666,0,0,0.0,0,0,0,0,0,,,0,0,,,600,0.16666666666666666,0,0.0,0,,,,0,0.0
missing_plane_incident,correlation_id_only_ablation,10854,600,24,0.25,1500,600,0,0,0,0,0,0,0,600,3600,3600,3600,1200,600,0,0.0,0.0,0.0,0.0,0.0,0.8333333333333334,9000,6000,6000,3000,0.3333333333333333,0,0.0,1.0,0.6666666666666666,0,0,0.0,0,0,0,0,0,,,0,0,,,600,0.16666666666666666,0,0.0,0,,,,0,0.0
missing_plane_incident,naive_temporal_window,10854,600,24,0.25,1500,600,0,0,0,0,0,0,0,600,3600,3600,3600,600,600,442,0.7366666666666667,0.7366666666666667,0.7366666666666667,0.7366666666666667,0.7366666666666667,0.9341666666666667,9000,9711,8289,711,0.079,1422,0.1464318813716404,0.8535681186283596,0.921,79,711,0.1975,79,79,79,0,0,1.0,1.0,0,0,,,0,0.0,0,0.0,442,1275.0,1275.0,1275.0,0,0.0
missing_plane_recovery,strict_service_plus_correlation,10854,600,24,0.25,1500,600,0,0,0,0,0,0,0,600,3600,3600,3600,1200,600,0,0.0,0.0,0.0,0.0,0.0,0.8333333333333334,9000,6000,6000,3000,0.3333333333333333,0,0.0,1.0,0.6666666666666666,0,0,0.0,0,0,0,0,0,,,0,0,,,600,0.16666666666666666,0,0.0,0,,,,0,0.0
missing_plane_recovery,correlation_id_only_ablation,10854,600,24,0.25,1500,600,0,0,0,0,0,0,0,600,3600,3600,3600,1200,600,0,0.0,0.0,0.0,0.0,0.0,0.8333333333333334,9000,6000,6000,3000,0.3333333333333333,0,0.0,1.0,0.6666666666666666,0,0,0.0,0,0,0,0,0,,,0,0,,,600,0.16666666666666666,0,0.0,0,,,,0,0.0
missing_plane_recovery,naive_temporal_window,10854,600,24,0.25,1500,600,0,0,0,0,0,0,0,600,3600,3600,3600,600,600,442,0.7366666666666667,0.7366666666666667,0.7366666666666667,0.7366666666666667,0.7366666666666667,0.9341666666666667,9000,9711,8289,711,0.079,1422,0.1464318813716404,0.8535681186283596,0.921,79,711,0.1975,79,79,79,0,0,1.0,1.0,0,0,,,0,0.0,0,0.0,442,1275.0,1275.0,1275.0,0,0.0
collision_same_service_1pct,strict_service_plus_correlation,10854,600,24,0.25,1500,0,0,6,0,0,0,0,0,600,3600,3600,3600,660,588,588,0.98,0.98,1.0,0.98,0.98989898989899,0.9833333333333333,9000,8820,8820,180,0.02,0,0.0,1.0,0.98,6,72,0.02,0,6,6,0,0,1.0,1.0,0,0,,,72,0.02,0,0.0,588,1275.0,1275.0,1275.0,0,0.0
collision_same_service_1pct,correlation_id_only_ablation,10854,600,24,0.25,1500,0,0,6,0,0,0,0,0,600,3600,3600,3600,594,594,588,0.98,0.98,0.98989898989899,0.98,0.9849246231155778,1.0,9000,9216,9000,0,0.0,216,0.0234375,0.9765625,1.0,6,72,0.02,6,6,6,0,0,1.0,1.0,0,0,,,0,0.0,0,0.0,588,1275.0,1275.0,1275.0,0,0.0
collision_same_service_1pct,naive_temporal_window,10854,600,24,0.25,1500,0,0,6,0,0,0,0,0,600,3600,3600,3600,600,600,442,0.7366666666666667,0.7366666666666667,0.7366666666666667,0.7366666666666667,0.7366666666666667,0.9341666666666667,9000,9711,8289,711,0.079,1422,0.1464318813716404,0.8535681186283596,0.921,79,711,0.1975,79,79,79,0,0,1.0,1.0,0,0,,,0,0.0,0,0.0,442,1275.0,1275.0,1275.0,0,0.0
collision_same_service_5pct,strict_service_plus_correlation,10854,600,24,0.25,1500,0,0,30,0,0,0,0,0,600,3600,3600,3600,900,540,540,0.9,0.9,1.0,0.9,0.9473684210526316,0.9166666666666666,9000,8100,8100,900,0.1,0,0.0,1.0,0.9,30,360,0.1,0,30,30,0,0,1.0,1.0,0,0,,,360,0.1,0,0.0,540,1275.0,1275.0,1275.0,0,0.0
collision_same_service_5pct,correlation_id_only_ablation,10854,600,24,0.25,1500,0,0,30,0,0,0,0,0,600,3600,3600,3600,570,570,540,0.9,0.9,0.9473684210526315,0.9,0.9230769230769231,1.0,9000,10080,9000,0,0.0,1080,0.10714285714285714,0.8928571428571429,1.0,30,360,0.1,30,30,30,0,0,1.0,1.0,0,0,,,0,0.0,0,0.0,540,1275.0,1275.0,1275.0,0,0.0
collision_same_service_5pct,naive_temporal_window,10854,600,24,0.25,1500,0,0,30,0,0,0,0,0,600,3600,3600,3600,600,600,442,0.7366666666666667,0.7366666666666667,0.7366666666666667,0.7366666666666667,0.7366666666666667,0.9341666666666667,9000,9711,8289,711,0.079,1422,0.1464318813716404,0.8535681186283596,0.921,79,711,0.1975,79,79,79,0,0,1.0,1.0,0,0,,,0,0.0,0,0.0,442,1275.0,1275.0,1275.0,0,0.0
collision_same_service_10pct,strict_service_plus_correlation,10854,600,24,0.25,1500,0,0,60,0,0,0,0,0,600,3600,3600,3600,1200,480,480,0.8,0.8,1.0,0.8,0.888888888888889,0.8333333333333334,9000,7200,7200,1800,0.2,0,0.0,1.0,0.8,60,720,0.2,0,60,60,0,0,1.0,1.0,0,0,,,720,0.2,0,0.0,480,1275.0,1275.0,1275.0,0,0.0
collision_same_service_10pct,correlation_id_only_ablation,10854,600,24,0.25,1500,0,0,60,0,0,0,0,0,600,3600,3600,3600,540,540,480,0.8,0.8,0.8888888888888888,0.8,0.8421052631578948,1.0,9000,11160,9000,0,0.0,2160,0.1935483870967742,0.8064516129032258,1.0,60,720,0.2,60,60,60,0,0,1.0,1.0,0,0,,,0,0.0,0,0.0,480,1275.0,1275.0,1275.0,0,0.0
collision_same_service_10pct,naive_temporal_window,10854,600,24,0.25,1500,0,0,60,0,0,0,0,0,600,3600,3600,3600,600,600,442,0.7366666666666667,0.7366666666666667,0.7366666666666667,0.7366666666666667,0.7366666666666667,0.9341666666666667,9000,9711,8289,711,0.079,1422,0.1464318813716404,0.8535681186283596,0.921,79,711,0.1975,79,79,79,0,0,1.0,1.0,0,0,,,0,0.0,0,0.0,442,1275.0,1275.0,1275.0,0,0.0
collision_cross_service_5pct,strict_service_plus_correlation,10854,600,24,0.25,1500,0,0,30,0,0,0,0,0,600,3600,3600,3600,600,600,600,1.0,1.0,1.0,1.0,1.0,1.0,9000,9000,9000,0,0.0,0,0.0,1.0,1.0,0,0,0.0,0,0,0,0,0,,,0,0,,,0,0.0,0,0.0,600,1275.0,1275.0,1275.0,0,0.0
collision_cross_service_5pct,correlation_id_only_ablation,10854,600,24,0.25,1500,0,0,30,0,0,0,0,0,600,3600,3600,3600,570,570,540,0.9,0.9,0.9473684210526315,0.9,0.9230769230769231,1.0,9000,10080,9000,0,0.0,1080,0.10714285714285714,0.8928571428571429,1.0,30,360,0.1,30,30,30,0,0,1.0,1.0,0,0,,,0,0.0,0,0.0,540,1275.0,1275.0,1275.0,0,0.0
collision_cross_service_5pct,naive_temporal_window,10854,600,24,0.25,1500,0,0,30,0,0,0,0,0,600,3600,3600,3600,600,600,442,0.7366666666666667,0.7366666666666667,0.7366666666666667,0.7366666666666667,0.7366666666666667,0.9341666666666667,9000,9711,8289,711,0.079,1422,0.1464318813716404,0.8535681186283596,0.921,79,711,0.1975,79,79,79,0,0,1.0,1.0,0,0,,,0,0.0,0,0.0,442,1275.0,1275.0,1275.0,0,0.0
duplicate_exact_10pct,strict_service_plus_correlation,10854,600,24,0.25,1500,0,0,0,360,0,0,0,0,600,3600,3600,3960,600,600,600,1.0,1.0,1.0,1.0,1.0,1.0,9000,9000,9000,0,0.0,0,0.0,1.0,1.0,0,0,0.0,0,0,0,0,0,,,0,0,,,0,0.0,360,0.09090909090909091,600,1275.0,1275.0,1275.0,0,0.0
duplicate_exact_10pct,correlation_id_only_ablation,10854,600,24,0.25,1500,0,0,0,360,0,0,0,0,600,3600,3600,3960,600,600,600,1.0,1.0,1.0,1.0,1.0,1.0,9000,9000,9000,0,0.0,0,0.0,1.0,1.0,0,0,0.0,0,0,0,0,0,,,0,0,,,0,0.0,360,0.09090909090909091,600,1275.0,1275.0,1275.0,0,0.0
duplicate_exact_10pct,naive_temporal_window,10854,600,24,0.25,1500,0,0,0,360,0,0,0,0,600,3600,3600,3960,600,600,442,0.7366666666666667,0.7366666666666667,0.7366666666666667,0.7366666666666667,0.7366666666666667,0.9341666666666667,9000,9711,8289,711,0.079,1422,0.1464318813716404,0.8535681186283596,0.921,79,711,0.1975,79,79,79,0,0,1.0,1.0,0,0,,,0,0.0,360,0.09090909090909091,442,1275.0,1275.0,1275.0,0,0.0
duplicate_source_conflict_5pct,strict_service_plus_correlation,10854,600,24,0.25,1500,0,0,0,0,180,0,0,0,600,3600,3600,3780,960,600,439,0.7316666666666667,0.7316666666666667,0.7316666666666667,0.7316666666666667,0.7316666666666667,0.95,9000,8119,8119,881,0.09788888888888889,0,0.0,1.0,0.9021111111111111,0,0,0.0,0,0,0,0,0,,,180,180,1.0,1.0,360,0.09523809523809523,0,0.0,439,1275.0,1275.0,1275.0,0,0.0
duplicate_source_conflict_5pct,correlation_id_only_ablation,10854,600,24,0.25,1500,0,0,0,0,180,0,0,0,600,3600,3600,3780,600,600,439,0.7316666666666667,0.7316666666666667,0.7316666666666667,0.7316666666666667,0.7316666666666667,1.0,9000,10099,9000,0,0.0,1099,0.10882265570848598,0.891177344291514,1.0,0,0,0.0,0,161,0,161,0,0.0,,180,180,1.0,1.0,0,0.0,0,0.0,439,1275.0,1275.0,1275.0,0,0.0
duplicate_source_conflict_5pct,naive_temporal_window,10854,600,24,0.25,1500,0,0,0,0,180,0,0,0,600,3600,3600,3780,600,600,324,0.54,0.54,0.54,0.54,0.54,0.9341666666666667,9000,10889,8289,711,0.079,2600,0.23877307374414547,0.7612269262558545,0.921,79,711,0.1975,79,209,79,130,0,0.37799043062200954,1.0,180,180,1.0,1.0,0,0.0,0,0.0,324,1275.0,1275.0,1275.0,0,0.0
clock_skew_random_10pct_5s,strict_service_plus_correlation,10854,600,24,0.25,1500,0,0,0,0,0,360,0,0,600,3600,3600,3600,2060,308,308,0.5133333333333333,0.5133333333333333,1.0,0.5133333333333333,0.6784140969162996,0.5944444444444444,9000,4620,4620,4380,0.4866666666666667,0,0.0,1.0,0.5133333333333333,0,0,0.0,0,292,0,292,0,0.0,,0,0,,,1752,0.4866666666666667,0,0.0,308,1275.0,1275.0,1275.0,0,0.0
clock_skew_random_10pct_5s,correlation_id_only_ablation,10854,600,24,0.25,1500,0,0,0,0,0,360,0,0,600,3600,3600,3600,600,600,600,1.0,1.0,1.0,1.0,1.0,1.0,9000,9000,9000,0,0.0,0,0.0,1.0,1.0,0,0,0.0,0,292,0,292,0,0.0,,0,0,,,0,0.0,0,0.0,600,1275.0,1275.0,1275.0,0,0.0
clock_skew_random_10pct_5s,naive_temporal_window,10854,600,24,0.25,1500,0,0,0,0,0,360,0,0,600,3600,3600,3600,887,663,229,0.38166666666666665,0.38166666666666665,0.3453996983408748,0.38166666666666665,0.3626286619160728,0.8475,9000,7958,6749,2251,0.2501111111111111,1209,0.15192259361648655,0.8480774063835135,0.7498888888888889,119,731,0.20305555555555554,119,94,94,0,25,1.0,0.7899159663865546,0,0,,,0,0.0,0,0.0,229,1275.0,1275.0,1275.0,0,0.0
late_arrival_10pct_30s,strict_service_plus_correlation,10854,600,24,0.25,1500,0,0,0,0,0,0,360,0,600,3600,3600,3600,600,600,600,1.0,1.0,1.0,1.0,1.0,1.0,9000,9000,9000,0,0.0,0,0.0,1.0,1.0,0,0,0.0,0,0,0,0,0,,,0,0,,,0,0.0,0,0.0,600,1275.0,31275.0,31275.0,129186,0.019941650458460684
late_arrival_10pct_30s,correlation_id_only_ablation,10854,600,24,0.25,1500,0,0,0,0,0,0,360,0,600,3600,3600,3600,600,600,600,1.0,1.0,1.0,1.0,1.0,1.0,9000,9000,9000,0,0.0,0,0.0,1.0,1.0,0,0,0.0,0,0,0,0,0,,,0,0,,,0,0.0,0,0.0,600,1275.0,31275.0,31275.0,129186,0.019941650458460684
late_arrival_10pct_30s,naive_temporal_window,10854,600,24,0.25,1500,0,0,0,0,0,0,360,0,600,3600,3600,3600,600,600,442,0.7366666666666667,0.7366666666666667,0.7366666666666667,0.7366666666666667,0.7366666666666667,0.9341666666666667,9000,9711,8289,711,0.079,1422,0.1464318813716404,0.8535681186283596,0.921,79,711,0.1975,79,79,79,0,0,1.0,1.0,0,0,,,0,0.0,0,0.0,442,1275.0,31275.0,31275.0,129186,0.019941650458460684
out_of_order_jitter_3s,strict_service_plus_correlation,10854,600,24,0.25,1500,0,0,0,0,0,0,0,3600,600,3600,3600,3600,600,600,600,1.0,1.0,1.0,1.0,1.0,1.0,9000,9000,9000,0,0.0,0,0.0,1.0,1.0,0,0,0.0,0,0,0,0,0,,,0,0,,,0,0.0,0,0.0,600,3445.0,4143.25,4269.0,93008,0.014357074496001977
out_of_order_jitter_3s,correlation_id_only_ablation,10854,600,24,0.25,1500,0,0,0,0,0,0,0,3600,600,3600,3600,3600,600,600,600,1.0,1.0,1.0,1.0,1.0,1.0,9000,9000,9000,0,0.0,0,0.0,1.0,1.0,0,0,0.0,0,0,0,0,0,,,0,0,,,0,0.0,0,0.0,600,3445.0,4143.25,4269.0,93008,0.014357074496001977
out_of_order_jitter_3s,naive_temporal_window,10854,600,24,0.25,1500,0,0,0,0,0,0,0,3600,600,3600,3600,3600,600,600,442,0.7366666666666667,0.7366666666666667,0.7366666666666667,0.7366666666666667,0.7366666666666667,0.9341666666666667,9000,9711,8289,711,0.079,1422,0.1464318813716404,0.8535681186283596,0.921,79,711,0.1975,79,79,79,0,0,1.0,1.0,0,0,,,0,0.0,0,0.0,442,3446.0,4147.75,4269.0,93008,0.014357074496001977
compound_adversarial,strict_service_plus_correlation,10854,600,24,0.25,1500,360,0,30,0,0,0,360,3600,600,3600,3600,3600,1223,540,296,0.49333333333333335,0.49333333333333335,0.5481481481481482,0.49333333333333335,0.519298245614035,0.8269444444444445,9000,6580,6580,2420,0.2688888888888889,0,0.0,1.0,0.7311111111111112,30,323,0.08972222222222222,0,30,30,0,0,1.0,1.0,0,0,,,683,0.1897222222222222,0,0.0,296,4108.5,33286.0,33928.0,209922,0.03240437158469946
compound_adversarial,correlation_id_only_ablation,10854,600,24,0.25,1500,360,0,30,0,0,0,360,3600,600,3600,3600,3600,930,570,296,0.49333333333333335,0.49333333333333335,0.519298245614035,0.49333333333333335,0.505982905982906,0.9,9000,8173,7306,1694,0.18822222222222224,867,0.10608099840939679,0.8939190015906032,0.8117777777777778,30,323,0.08972222222222222,30,30,30,0,0,1.0,1.0,0,0,,,360,0.1,0,0.0,296,4108.5,33286.0,33928.0,209922,0.03240437158469946
compound_adversarial,naive_temporal_window,10854,600,24,0.25,1500,360,0,30,0,0,0,360,3600,600,3600,3600,3600,600,600,442,0.7366666666666667,0.7366666666666667,0.7366666666666667,0.7366666666666667,0.7366666666666667,0.9341666666666667,9000,9711,8289,711,0.079,1422,0.1464318813716404,0.8535681186283596,0.921,79,711,0.1975,79,79,79,0,0,1.0,1.0,0,0,,,0,0.0,0,0.0,442,4022.0,33458.799999999996,34212.0,209922,0.03240437158469946
control,strict_service_plus_correlation,10955,600,24,0.25,1500,0,0,0,0,0,0,0,0,600,3600,3600,3600,600,600,600,1.0,1.0,1.0,1.0,1.0,1.0,9000,9000,9000,0,0.0,0,0.0,1.0,1.0,0,0,0.0,0,0,0,0,0,,,0,0,,,0,0.0,0,0.0,600,1275.0,1275.0,1275.0,0,0.0
control,correlation_id_only_ablation,10955,600,24,0.25,1500,0,0,0,0,0,0,0,0,600,3600,3600,3600,600,600,600,1.0,1.0,1.0,1.0,1.0,1.0,9000,9000,9000,0,0.0,0,0.0,1.0,1.0,0,0,0.0,0,0,0,0,0,,,0,0,,,0,0.0,0,0.0,600,1275.0,1275.0,1275.0,0,0.0
control,naive_temporal_window,10955,600,24,0.25,1500,0,0,0,0,0,0,0,0,600,3600,3600,3600,600,600,466,0.7766666666666666,0.7766666666666666,0.7766666666666666,0.7766666666666666,0.7766666666666666,0.9441666666666667,9000,9603,8397,603,0.067,1206,0.12558575445173384,0.8744142455482662,0.933,67,603,0.1675,67,67,67,0,0,1.0,1.0,0,0,,,0,0.0,0,0.0,466,1275.0,1275.0,1275.0,0,0.0
missing_random_1pct,strict_service_plus_correlation,10955,600,24,0.25,1500,36,0,0,0,0,0,0,0,600,3600,3600,3600,636,600,564,0.94,0.94,0.94,0.94,0.94,0.99,9000,8820,8820,180,0.02,0,0.0,1.0,0.98,0,0,0.0,0,0,0,0,0,,,0,0,,,36,0.01,0,0.0,564,1275.0,1275.0,1275.0,0,0.0
missing_random_1pct,correlation_id_only_ablation,10955,600,24,0.25,1500,36,0,0,0,0,0,0,0,600,3600,3600,3600,636,600,564,0.94,0.94,0.94,0.94,0.94,0.99,9000,8820,8820,180,0.02,0,0.0,1.0,0.98,0,0,0.0,0,0,0,0,0,,,0,0,,,36,0.01,0,0.0,564,1275.0,1275.0,1275.0,0,0.0
missing_random_1pct,naive_temporal_window,10955,600,24,0.25,1500,36,0,0,0,0,0,0,0,600,3600,3600,3600,600,600,466,0.7766666666666666,0.7766666666666666,0.7766666666666666,0.7766666666666666,0.7766666666666666,0.9441666666666667,9000,9603,8397,603,0.067,1206,0.12558575445173384,0.8744142455482662,0.933,67,603,0.1675,67,67,67,0,0,1.0,1.0,0,0,,,0,0.0,0,0.0,466,1275.0,1275.0,1275.0,0,0.0
missing_random_5pct,strict_service_plus_correlation,10955,600,24,0.25,1500,180,0,0,0,0,0,0,0,600,3600,3600,3600,780,600,436,0.7266666666666667,0.7266666666666667,0.7266666666666667,0.7266666666666667,0.7266666666666666,0.95,9000,8119,8119,881,0.09788888888888889,0,0.0,1.0,0.9021111111111111,0,0,0.0,0,0,0,0,0,,,0,0,,,180,0.05,0,0.0,436,1275.0,1275.0,1275.0,0,0.0
missing_random_5pct,correlation_id_only_ablation,10955,600,24,0.25,1500,180,0,0,0,0,0,0,0,600,3600,3600,3600,780,600,436,0.7266666666666667,0.7266666666666667,0.7266666666666667,0.7266666666666667,0.7266666666666666,0.95,9000,8119,8119,881,0.09788888888888889,0,0.0,1.0,0.9021111111111111,0,0,0.0,0,0,0,0,0,,,0,0,,,180,0.05,0,0.0,436,1275.0,1275.0,1275.0,0,0.0
missing_random_5pct,naive_temporal_window,10955,600,24,0.25,1500,180,0,0,0,0,0,0,0,600,3600,3600,3600,600,600,466,0.7766666666666666,0.7766666666666666,0.7766666666666666,0.7766666666666666,0.7766666666666666,0.9441666666666667,9000,9603,8397,603,0.067,1206,0.12558575445173384,0.8744142455482662,0.933,67,603,0.1675,67,67,67,0,0,1.0,1.0,0,0,,,0,0.0,0,0.0,466,1275.0,1275.0,1275.0,0,0.0
missing_random_10pct,strict_service_plus_correlation,10955,600,24,0.25,1500,360,0,0,0,0,0,0,0,600,3600,3600,3600,960,600,328,0.5466666666666666,0.5466666666666666,0.5466666666666666,0.5466666666666666,0.5466666666666666,0.9,9000,7306,7306,1694,0.18822222222222224,0,0.0,1.0,0.8117777777777778,0,0,0.0,0,0,0,0,0,,,0,0,,,360,0.1,0,0.0,328,1275.0,1275.0,1275.0,0,0.0
missing_random_10pct,correlation_id_only_ablation,10955,600,24,0.25,1500,360,0,0,0,0,0,0,0,600,3600,3600,3600,960,600,328,0.5466666666666666,0.5466666666666666,0.5466666666666666,0.5466666666666666,0.5466666666666666,0.9,9000,7306,7306,1694,0.18822222222222224,0,0.0,1.0,0.8117777777777778,0,0,0.0,0,0,0,0,0,,,0,0,,,360,0.1,0,0.0,328,1275.0,1275.0,1275.0,0,0.0
missing_random_10pct,naive_temporal_window,10955,600,24,0.25,1500,360,0,0,0,0,0,0,0,600,3600,3600,3600,600,600,466,0.7766666666666666,0.7766666666666666,0.7766666666666666,0.7766666666666666,0.7766666666666666,0.9441666666666667,9000,9603,8397,603,0.067,1206,0.12558575445173384,0.8744142455482662,0.933,67,603,0.1675,67,67,67,0,0,1.0,1.0,0,0,,,0,0.0,0,0.0,466,1275.0,1275.0,1275.0,0,0.0
missing_random_20pct,strict_service_plus_correlation,10955,600,24,0.25,1500,720,0,0,0,0,0,0,0,600,3600,3600,3600,1319,598,159,0.265,0.265,0.26588628762541805,0.265,0.2654424040066778,0.8002777777777778,9000,5768,5768,3232,0.3591111111111111,0,0.0,1.0,0.6408888888888888,0,0,0.0,0,0,0,0,0,,,0,0,,,720,0.2,0,0.0,159,1275.0,1275.0,1275.0,0,0.0
missing_random_20pct,correlation_id_only_ablation,10955,600,24,0.25,1500,720,0,0,0,0,0,0,0,600,3600,3600,3600,1319,598,159,0.265,0.265,0.26588628762541805,0.265,0.2654424040066778,0.8002777777777778,9000,5768,5768,3232,0.3591111111111111,0,0.0,1.0,0.6408888888888888,0,0,0.0,0,0,0,0,0,,,0,0,,,720,0.2,0,0.0,159,1275.0,1275.0,1275.0,0,0.0
missing_random_20pct,naive_temporal_window,10955,600,24,0.25,1500,720,0,0,0,0,0,0,0,600,3600,3600,3600,600,600,466,0.7766666666666666,0.7766666666666666,0.7766666666666666,0.7766666666666666,0.7766666666666666,0.9441666666666667,9000,9603,8397,603,0.067,1206,0.12558575445173384,0.8744142455482662,0.933,67,603,0.1675,67,67,67,0,0,1.0,1.0,0,0,,,0,0.0,0,0.0,466,1275.0,1275.0,1275.0,0,0.0
wrong_id_same_service_1pct,strict_service_plus_correlation,10955,600,24,0.25,1500,0,36,0,0,0,0,0,0,600,3600,3600,3600,810,565,530,0.8833333333333333,0.8833333333333333,0.9380530973451328,0.8833333333333333,0.9098712446351931,0.9416666666666667,9000,8300,8300,700,0.07777777777777778,0,0.0,1.0,0.9222222222222223,35,245,0.06805555555555555,0,35,35,0,0,1.0,1.0,0,0,,,245,0.06805555555555555,0,0.0,530,1275.0,1275.0,1275.0,0,0.0
wrong_id_same_service_1pct,correlation_id_only_ablation,10955,600,24,0.25,1500,0,36,0,0,0,0,0,0,600,3600,3600,3600,600,600,530,0.8833333333333333,0.8833333333333333,0.8833333333333333,0.8833333333333333,0.8833333333333333,0.99,9000,9036,8820,180,0.02,216,0.02390438247011952,0.9760956175298805,0.98,35,245,0.06805555555555555,35,35,35,0,0,1.0,1.0,0,0,,,0,0.0,0,0.0,530,1275.0,1275.0,1275.0,0,0.0
wrong_id_same_service_1pct,naive_temporal_window,10955,600,24,0.25,1500,0,36,0,0,0,0,0,0,600,3600,3600,3600,600,600,466,0.7766666666666666,0.7766666666666666,0.7766666666666666,0.7766666666666666,0.7766666666666666,0.9441666666666667,9000,9603,8397,603,0.067,1206,0.12558575445173384,0.8744142455482662,0.933,67,603,0.1675,67,67,67,0,0,1.0,1.0,0,0,,,0,0.0,0,0.0,466,1275.0,1275.0,1275.0,0,0.0
wrong_id_same_service_5pct,strict_service_plus_correlation,10955,600,24,0.25,1500,0,180,0,0,0,0,0,0,600,3600,3600,3600,1507,442,333,0.555,0.555,0.753393665158371,0.555,0.6391554702495201,0.7480555555555556,9000,6053,6053,2947,0.3274444444444444,0,0.0,1.0,0.6725555555555556,158,1065,0.29583333333333334,0,158,158,0,0,1.0,1.0,0,0,,,1065,0.29583333333333334,0,0.0,333,1275.0,1275.0,1275.0,0,0.0
wrong_id_same_service_5pct,correlation_id_only_ablation,10955,600,24,0.25,1500,0,180,0,0,0,0,0,0,600,3600,3600,3600,600,600,333,0.555,0.555,0.555,0.555,0.555,0.95,9000,9149,8123,877,0.09744444444444444,1026,0.1121434036506722,0.8878565963493278,0.9025555555555556,158,1065,0.29583333333333334,158,158,158,0,0,1.0,1.0,0,0,,,0,0.0,0,0.0,333,1275.0,1275.0,1275.0,0,0.0
wrong_id_same_service_5pct,naive_temporal_window,10955,600,24,0.25,1500,0,180,0,0,0,0,0,0,600,3600,3600,3600,600,600,466,0.7766666666666666,0.7766666666666666,0.7766666666666666,0.7766666666666666,0.7766666666666666,0.9441666666666667,9000,9603,8397,603,0.067,1206,0.12558575445173384,0.8744142455482662,0.933,67,603,0.1675,67,67,67,0,0,1.0,1.0,0,0,,,0,0.0,0,0.0,466,1275.0,1275.0,1275.0,0,0.0
wrong_id_same_service_10pct,strict_service_plus_correlation,10955,600,24,0.25,1500,0,360,0,0,0,0,0,0,600,3600,3600,3600,2187,322,172,0.2866666666666667,0.2866666666666667,0.5341614906832298,0.2866666666666667,0.37310195227765725,0.5591666666666667,9000,3902,3902,5098,0.5664444444444444,0,0.0,1.0,0.4335555555555556,278,1865,0.5180555555555556,0,278,278,0,0,1.0,1.0,0,0,,,1865,0.5180555555555556,0,0.0,172,1275.0,1275.0,1275.0,0,0.0
wrong_id_same_service_10pct,correlation_id_only_ablation,10955,600,24,0.25,1500,0,360,0,0,0,0,0,0,600,3600,3600,3600,600,600,172,0.2866666666666667,0.2866666666666667,0.2866666666666667,0.2866666666666667,0.2866666666666667,0.9,9000,9332,7301,1699,0.18877777777777777,2031,0.21763823403343335,0.7823617659665667,0.8112222222222222,278,1865,0.5180555555555556,278,278,278,0,0,1.0,1.0,0,0,,,0,0.0,0,0.0,172,1275.0,1275.0,1275.0,0,0.0
wrong_id_same_service_10pct,naive_temporal_window,10955,600,24,0.25,1500,0,360,0,0,0,0,0,0,600,3600,3600,3600,600,600,466,0.7766666666666666,0.7766666666666666,0.7766666666666666,0.7766666666666666,0.7766666666666666,0.9441666666666667,9000,9603,8397,603,0.067,1206,0.12558575445173384,0.8744142455482662,0.933,67,603,0.1675,67,67,67,0,0,1.0,1.0,0,0,,,0,0.0,0,0.0,466,1275.0,1275.0,1275.0,0,0.0
wrong_id_same_service_20pct,strict_service_plus_correlation,10955,600,24,0.25,1500,0,720,0,0,0,0,0,0,600,3600,3600,3600,2982,164,36,0.06,0.06,0.21951219512195122,0.06,0.09424083769633507,0.3383333333333333,9000,1545,1545,7455,0.8283333333333334,0,0.0,1.0,0.17166666666666666,436,2818,0.7827777777777778,0,436,436,0,0,1.0,1.0,0,0,,,2818,0.7827777777777778,0,0.0,36,1275.0,1275.0,1275.0,0,0.0
wrong_id_same_service_20pct,correlation_id_only_ablation,10955,600,24,0.25,1500,0,720,0,0,0,0,0,0,600,3600,3600,3600,600,600,36,0.06,0.06,0.06,0.06,0.06,0.8,9000,9605,5752,3248,0.36088888888888887,3853,0.4011452368558043,0.5988547631441957,0.6391111111111111,436,2818,0.7827777777777778,436,436,436,0,0,1.0,1.0,0,0,,,0,0.0,0,0.0,36,1275.0,1275.0,1275.0,0,0.0
wrong_id_same_service_20pct,naive_temporal_window,10955,600,24,0.25,1500,0,720,0,0,0,0,0,0,600,3600,3600,3600,600,600,466,0.7766666666666666,0.7766666666666666,0.7766666666666666,0.7766666666666666,0.7766666666666666,0.9441666666666667,9000,9603,8397,603,0.067,1206,0.12558575445173384,0.8744142455482662,0.933,67,603,0.1675,67,67,67,0,0,1.0,1.0,0,0,,,0,0.0,0,0.0,466,1275.0,1275.0,1275.0,0,0.0
missing_plane_deployment,strict_service_plus_correlation,10955,600,24,0.25,1500,600,0,0,0,0,0,0,0,600,3600,3600,3600,1200,600,0,0.0,0.0,0.0,0.0,0.0,0.8333333333333334,9000,6000,6000,3000,0.3333333333333333,0,0.0,1.0,0.6666666666666666,0,0,0.0,0,0,0,0,0,,,0,0,,,600,0.16666666666666666,0,0.0,0,,,,0,0.0
missing_plane_deployment,correlation_id_only_ablation,10955,600,24,0.25,1500,600,0,0,0,0,0,0,0,600,3600,3600,3600,1200,600,0,0.0,0.0,0.0,0.0,0.0,0.8333333333333334,9000,6000,6000,3000,0.3333333333333333,0,0.0,1.0,0.6666666666666666,0,0,0.0,0,0,0,0,0,,,0,0,,,600,0.16666666666666666,0,0.0,0,,,,0,0.0
missing_plane_deployment,naive_temporal_window,10955,600,24,0.25,1500,600,0,0,0,0,0,0,0,600,3600,3600,3600,600,600,466,0.7766666666666666,0.7766666666666666,0.7766666666666666,0.7766666666666666,0.7766666666666666,0.9441666666666667,9000,9603,8397,603,0.067,1206,0.12558575445173384,0.8744142455482662,0.933,67,603,0.1675,67,67,67,0,0,1.0,1.0,0,0,,,0,0.0,0,0.0,466,1275.0,1275.0,1275.0,0,0.0
missing_plane_identity,strict_service_plus_correlation,10955,600,24,0.25,1500,600,0,0,0,0,0,0,0,600,3600,3600,3600,1200,600,0,0.0,0.0,0.0,0.0,0.0,0.8333333333333334,9000,6000,6000,3000,0.3333333333333333,0,0.0,1.0,0.6666666666666666,0,0,0.0,0,0,0,0,0,,,0,0,,,600,0.16666666666666666,0,0.0,0,,,,0,0.0
missing_plane_identity,correlation_id_only_ablation,10955,600,24,0.25,1500,600,0,0,0,0,0,0,0,600,3600,3600,3600,1200,600,0,0.0,0.0,0.0,0.0,0.0,0.8333333333333334,9000,6000,6000,3000,0.3333333333333333,0,0.0,1.0,0.6666666666666666,0,0,0.0,0,0,0,0,0,,,0,0,,,600,0.16666666666666666,0,0.0,0,,,,0,0.0
missing_plane_identity,naive_temporal_window,10955,600,24,0.25,1500,600,0,0,0,0,0,0,0,600,3600,3600,3600,600,600,466,0.7766666666666666,0.7766666666666666,0.7766666666666666,0.7766666666666666,0.7766666666666666,0.9441666666666667,9000,9603,8397,603,0.067,1206,0.12558575445173384,0.8744142455482662,0.933,67,603,0.1675,67,67,67,0,0,1.0,1.0,0,0,,,0,0.0,0,0.0,466,1275.0,1275.0,1275.0,0,0.0
missing_plane_policy,strict_service_plus_correlation,10955,600,24,0.25,1500,600,0,0,0,0,0,0,0,600,3600,3600,3600,1200,600,0,0.0,0.0,0.0,0.0,0.0,0.8333333333333334,9000,6000,6000,3000,0.3333333333333333,0,0.0,1.0,0.6666666666666666,0,0,0.0,0,0,0,0,0,,,0,0,,,600,0.16666666666666666,0,0.0,0,,,,0,0.0
missing_plane_policy,correlation_id_only_ablation,10955,600,24,0.25,1500,600,0,0,0,0,0,0,0,600,3600,3600,3600,1200,600,0,0.0,0.0,0.0,0.0,0.0,0.8333333333333334,9000,6000,6000,3000,0.3333333333333333,0,0.0,1.0,0.6666666666666666,0,0,0.0,0,0,0,0,0,,,0,0,,,600,0.16666666666666666,0,0.0,0,,,,0,0.0
missing_plane_policy,naive_temporal_window,10955,600,24,0.25,1500,600,0,0,0,0,0,0,0,600,3600,3600,3600,600,600,466,0.7766666666666666,0.7766666666666666,0.7766666666666666,0.7766666666666666,0.7766666666666666,0.9441666666666667,9000,9603,8397,603,0.067,1206,0.12558575445173384,0.8744142455482662,0.933,67,603,0.1675,67,67,67,0,0,1.0,1.0,0,0,,,0,0.0,0,0.0,466,1275.0,1275.0,1275.0,0,0.0
missing_plane_telemetry,strict_service_plus_correlation,10955,600,24,0.25,1500,600,0,0,0,0,0,0,0,600,3600,3600,3600,1200,600,0,0.0,0.0,0.0,0.0,0.0,0.8333333333333334,9000,6000,6000,3000,0.3333333333333333,0,0.0,1.0,0.6666666666666666,0,0,0.0,0,0,0,0,0,,,0,0,,,600,0.16666666666666666,0,0.0,0,,,,0,0.0
missing_plane_telemetry,correlation_id_only_ablation,10955,600,24,0.25,1500,600,0,0,0,0,0,0,0,600,3600,3600,3600,1200,600,0,0.0,0.0,0.0,0.0,0.0,0.8333333333333334,9000,6000,6000,3000,0.3333333333333333,0,0.0,1.0,0.6666666666666666,0,0,0.0,0,0,0,0,0,,,0,0,,,600,0.16666666666666666,0,0.0,0,,,,0,0.0
missing_plane_telemetry,naive_temporal_window,10955,600,24,0.25,1500,600,0,0,0,0,0,0,0,600,3600,3600,3600,600,600,466,0.7766666666666666,0.7766666666666666,0.7766666666666666,0.7766666666666666,0.7766666666666666,0.9441666666666667,9000,9603,8397,603,0.067,1206,0.12558575445173384,0.8744142455482662,0.933,67,603,0.1675,67,67,67,0,0,1.0,1.0,0,0,,,0,0.0,0,0.0,466,1275.0,1275.0,1275.0,0,0.0
missing_plane_incident,strict_service_plus_correlation,10955,600,24,0.25,1500,600,0,0,0,0,0,0,0,600,3600,3600,3600,1200,600,0,0.0,0.0,0.0,0.0,0.0,0.8333333333333334,9000,6000,6000,3000,0.3333333333333333,0,0.0,1.0,0.6666666666666666,0,0,0.0,0,0,0,0,0,,,0,0,,,600,0.16666666666666666,0,0.0,0,,,,0,0.0
missing_plane_incident,correlation_id_only_ablation,10955,600,24,0.25,1500,600,0,0,0,0,0,0,0,600,3600,3600,3600,1200,600,0,0.0,0.0,0.0,0.0,0.0,0.8333333333333334,9000,6000,6000,3000,0.3333333333333333,0,0.0,1.0,0.6666666666666666,0,0,0.0,0,0,0,0,0,,,0,0,,,600,0.16666666666666666,0,0.0,0,,,,0,0.0
missing_plane_incident,naive_temporal_window,10955,600,24,0.25,1500,600,0,0,0,0,0,0,0,600,3600,3600,3600,600,600,466,0.7766666666666666,0.7766666666666666,0.7766666666666666,0.7766666666666666,0.7766666666666666,0.9441666666666667,9000,9603,8397,603,0.067,1206,0.12558575445173384,0.8744142455482662,0.933,67,603,0.1675,67,67,67,0,0,1.0,1.0,0,0,,,0,0.0,0,0.0,466,1275.0,1275.0,1275.0,0,0.0
missing_plane_recovery,strict_service_plus_correlation,10955,600,24,0.25,1500,600,0,0,0,0,0,0,0,600,3600,3600,3600,1200,600,0,0.0,0.0,0.0,0.0,0.0,0.8333333333333334,9000,6000,6000,3000,0.3333333333333333,0,0.0,1.0,0.6666666666666666,0,0,0.0,0,0,0,0,0,,,0,0,,,600,0.16666666666666666,0,0.0,0,,,,0,0.0
missing_plane_recovery,correlation_id_only_ablation,10955,600,24,0.25,1500,600,0,0,0,0,0,0,0,600,3600,3600,3600,1200,600,0,0.0,0.0,0.0,0.0,0.0,0.8333333333333334,9000,6000,6000,3000,0.3333333333333333,0,0.0,1.0,0.6666666666666666,0,0,0.0,0,0,0,0,0,,,0,0,,,600,0.16666666666666666,0,0.0,0,,,,0,0.0
missing_plane_recovery,naive_temporal_window,10955,600,24,0.25,1500,600,0,0,0,0,0,0,0,600,3600,3600,3600,600,600,466,0.7766666666666666,0.7766666666666666,0.7766666666666666,0.7766666666666666,0.7766666666666666,0.9441666666666667,9000,9603,8397,603,0.067,1206,0.12558575445173384,0.8744142455482662,0.933,67,603,0.1675,67,67,67,0,0,1.0,1.0,0,0,,,0,0.0,0,0.0,466,1275.0,1275.0,1275.0,0,0.0
collision_same_service_1pct,strict_service_plus_correlation,10955,600,24,0.25,1500,0,0,6,0,0,0,0,0,600,3600,3600,3600,660,588,588,0.98,0.98,1.0,0.98,0.98989898989899,0.9833333333333333,9000,8820,8820,180,0.02,0,0.0,1.0,0.98,6,72,0.02,0,6,6,0,0,1.0,1.0,0,0,,,72,0.02,0,0.0,588,1275.0,1275.0,1275.0,0,0.0
collision_same_service_1pct,correlation_id_only_ablation,10955,600,24,0.25,1500,0,0,6,0,0,0,0,0,600,3600,3600,3600,594,594,588,0.98,0.98,0.98989898989899,0.98,0.9849246231155778,1.0,9000,9216,9000,0,0.0,216,0.0234375,0.9765625,1.0,6,72,0.02,6,6,6,0,0,1.0,1.0,0,0,,,0,0.0,0,0.0,588,1275.0,1275.0,1275.0,0,0.0
collision_same_service_1pct,naive_temporal_window,10955,600,24,0.25,1500,0,0,6,0,0,0,0,0,600,3600,3600,3600,600,600,466,0.7766666666666666,0.7766666666666666,0.7766666666666666,0.7766666666666666,0.7766666666666666,0.9441666666666667,9000,9603,8397,603,0.067,1206,0.12558575445173384,0.8744142455482662,0.933,67,603,0.1675,67,67,67,0,0,1.0,1.0,0,0,,,0,0.0,0,0.0,466,1275.0,1275.0,1275.0,0,0.0
collision_same_service_5pct,strict_service_plus_correlation,10955,600,24,0.25,1500,0,0,30,0,0,0,0,0,600,3600,3600,3600,900,540,540,0.9,0.9,1.0,0.9,0.9473684210526316,0.9166666666666666,9000,8100,8100,900,0.1,0,0.0,1.0,0.9,30,360,0.1,0,30,30,0,0,1.0,1.0,0,0,,,360,0.1,0,0.0,540,1275.0,1275.0,1275.0,0,0.0
collision_same_service_5pct,correlation_id_only_ablation,10955,600,24,0.25,1500,0,0,30,0,0,0,0,0,600,3600,3600,3600,570,570,540,0.9,0.9,0.9473684210526315,0.9,0.9230769230769231,1.0,9000,10080,9000,0,0.0,1080,0.10714285714285714,0.8928571428571429,1.0,30,360,0.1,30,30,30,0,0,1.0,1.0,0,0,,,0,0.0,0,0.0,540,1275.0,1275.0,1275.0,0,0.0
collision_same_service_5pct,naive_temporal_window,10955,600,24,0.25,1500,0,0,30,0,0,0,0,0,600,3600,3600,3600,600,600,466,0.7766666666666666,0.7766666666666666,0.7766666666666666,0.7766666666666666,0.7766666666666666,0.9441666666666667,9000,9603,8397,603,0.067,1206,0.12558575445173384,0.8744142455482662,0.933,67,603,0.1675,67,67,67,0,0,1.0,1.0,0,0,,,0,0.0,0,0.0,466,1275.0,1275.0,1275.0,0,0.0
collision_same_service_10pct,strict_service_plus_correlation,10955,600,24,0.25,1500,0,0,60,0,0,0,0,0,600,3600,3600,3600,1200,480,480,0.8,0.8,1.0,0.8,0.888888888888889,0.8333333333333334,9000,7200,7200,1800,0.2,0,0.0,1.0,0.8,60,720,0.2,0,60,60,0,0,1.0,1.0,0,0,,,720,0.2,0,0.0,480,1275.0,1275.0,1275.0,0,0.0
collision_same_service_10pct,correlation_id_only_ablation,10955,600,24,0.25,1500,0,0,60,0,0,0,0,0,600,3600,3600,3600,540,540,480,0.8,0.8,0.8888888888888888,0.8,0.8421052631578948,1.0,9000,11160,9000,0,0.0,2160,0.1935483870967742,0.8064516129032258,1.0,60,720,0.2,60,60,60,0,0,1.0,1.0,0,0,,,0,0.0,0,0.0,480,1275.0,1275.0,1275.0,0,0.0
collision_same_service_10pct,naive_temporal_window,10955,600,24,0.25,1500,0,0,60,0,0,0,0,0,600,3600,3600,3600,600,600,466,0.7766666666666666,0.7766666666666666,0.7766666666666666,0.7766666666666666,0.7766666666666666,0.9441666666666667,9000,9603,8397,603,0.067,1206,0.12558575445173384,0.8744142455482662,0.933,67,603,0.1675,67,67,67,0,0,1.0,1.0,0,0,,,0,0.0,0,0.0,466,1275.0,1275.0,1275.0,0,0.0
collision_cross_service_5pct,strict_service_plus_correlation,10955,600,24,0.25,1500,0,0,30,0,0,0,0,0,600,3600,3600,3600,600,600,600,1.0,1.0,1.0,1.0,1.0,1.0,9000,9000,9000,0,0.0,0,0.0,1.0,1.0,0,0,0.0,0,0,0,0,0,,,0,0,,,0,0.0,0,0.0,600,1275.0,1275.0,1275.0,0,0.0
collision_cross_service_5pct,correlation_id_only_ablation,10955,600,24,0.25,1500,0,0,30,0,0,0,0,0,600,3600,3600,3600,570,570,540,0.9,0.9,0.9473684210526315,0.9,0.9230769230769231,1.0,9000,10080,9000,0,0.0,1080,0.10714285714285714,0.8928571428571429,1.0,30,360,0.1,30,30,30,0,0,1.0,1.0,0,0,,,0,0.0,0,0.0,540,1275.0,1275.0,1275.0,0,0.0
collision_cross_service_5pct,naive_temporal_window,10955,600,24,0.25,1500,0,0,30,0,0,0,0,0,600,3600,3600,3600,600,600,466,0.7766666666666666,0.7766666666666666,0.7766666666666666,0.7766666666666666,0.7766666666666666,0.9441666666666667,9000,9603,8397,603,0.067,1206,0.12558575445173384,0.8744142455482662,0.933,67,603,0.1675,67,67,67,0,0,1.0,1.0,0,0,,,0,0.0,0,0.0,466,1275.0,1275.0,1275.0,0,0.0
duplicate_exact_10pct,strict_service_plus_correlation,10955,600,24,0.25,1500,0,0,0,360,0,0,0,0,600,3600,3600,3960,600,600,600,1.0,1.0,1.0,1.0,1.0,1.0,9000,9000,9000,0,0.0,0,0.0,1.0,1.0,0,0,0.0,0,0,0,0,0,,,0,0,,,0,0.0,360,0.09090909090909091,600,1275.0,1275.0,1275.0,0,0.0
duplicate_exact_10pct,correlation_id_only_ablation,10955,600,24,0.25,1500,0,0,0,360,0,0,0,0,600,3600,3600,3960,600,600,600,1.0,1.0,1.0,1.0,1.0,1.0,9000,9000,9000,0,0.0,0,0.0,1.0,1.0,0,0,0.0,0,0,0,0,0,,,0,0,,,0,0.0,360,0.09090909090909091,600,1275.0,1275.0,1275.0,0,0.0
duplicate_exact_10pct,naive_temporal_window,10955,600,24,0.25,1500,0,0,0,360,0,0,0,0,600,3600,3600,3960,600,600,466,0.7766666666666666,0.7766666666666666,0.7766666666666666,0.7766666666666666,0.7766666666666666,0.9441666666666667,9000,9603,8397,603,0.067,1206,0.12558575445173384,0.8744142455482662,0.933,67,603,0.1675,67,67,67,0,0,1.0,1.0,0,0,,,0,0.0,360,0.09090909090909091,466,1275.0,1275.0,1275.0,0,0.0
duplicate_source_conflict_5pct,strict_service_plus_correlation,10955,600,24,0.25,1500,0,0,0,0,180,0,0,0,600,3600,3600,3780,960,600,437,0.7283333333333334,0.7283333333333334,0.7283333333333334,0.7283333333333334,0.7283333333333334,0.95,9000,8117,8117,883,0.09811111111111111,0,0.0,1.0,0.9018888888888889,0,0,0.0,0,0,0,0,0,,,180,180,1.0,1.0,360,0.09523809523809523,0,0.0,437,1275.0,1275.0,1275.0,0,0.0
duplicate_source_conflict_5pct,correlation_id_only_ablation,10955,600,24,0.25,1500,0,0,0,0,180,0,0,0,600,3600,3600,3780,600,600,437,0.7283333333333334,0.7283333333333334,0.7283333333333334,0.7283333333333334,0.7283333333333334,1.0,9000,10097,9000,0,0.0,1097,0.10864613251460829,0.8913538674853917,1.0,0,0,0.0,0,163,0,163,0,0.0,,180,180,1.0,1.0,0,0.0,0,0.0,437,1275.0,1275.0,1275.0,0,0.0
duplicate_source_conflict_5pct,naive_temporal_window,10955,600,24,0.25,1500,0,0,0,0,180,0,0,0,600,3600,3600,3780,600,600,337,0.5616666666666666,0.5616666666666666,0.5616666666666666,0.5616666666666666,0.5616666666666666,0.9441666666666667,9000,10773,8397,603,0.067,2376,0.22055137844611528,0.7794486215538847,0.933,67,603,0.1675,67,203,67,136,0,0.33004926108374383,1.0,180,180,1.0,1.0,0,0.0,0,0.0,337,1275.0,1275.0,1275.0,0,0.0
clock_skew_random_10pct_5s,strict_service_plus_correlation,10955,600,24,0.25,1500,0,0,0,0,0,360,0,0,600,3600,3600,3600,2010,318,318,0.53,0.53,1.0,0.53,0.6928104575163399,0.6083333333333333,9000,4770,4770,4230,0.47,0,0.0,1.0,0.53,0,0,0.0,0,282,0,282,0,0.0,,0,0,,,1692,0.47,0,0.0,318,1275.0,1275.0,1275.0,0,0.0
clock_skew_random_10pct_5s,correlation_id_only_ablation,10955,600,24,0.25,1500,0,0,0,0,0,360,0,0,600,3600,3600,3600,600,600,600,1.0,1.0,1.0,1.0,1.0,1.0,9000,9000,9000,0,0.0,0,0.0,1.0,1.0,0,0,0.0,0,282,0,282,0,0.0,,0,0,,,0,0.0,0,0.0,600,1275.0,1275.0,1275.0,0,0.0
clock_skew_random_10pct_5s,naive_temporal_window,10955,600,24,0.25,1500,0,0,0,0,0,360,0,0,600,3600,3600,3600,882,663,250,0.4166666666666667,0.4166666666666667,0.3770739064856712,0.4166666666666667,0.395882818685669,0.8552777777777778,9000,7900,6851,2149,0.23877777777777778,1049,0.13278481012658228,0.8672151898734177,0.7612222222222222,107,637,0.17694444444444443,107,86,86,0,21,1.0,0.8037383177570093,0,0,,,0,0.0,0,0.0,250,1275.0,1275.0,1275.0,0,0.0
late_arrival_10pct_30s,strict_service_plus_correlation,10955,600,24,0.25,1500,0,0,0,0,0,0,360,0,600,3600,3600,3600,600,600,600,1.0,1.0,1.0,1.0,1.0,1.0,9000,9000,9000,0,0.0,0,0.0,1.0,1.0,0,0,0.0,0,0,0,0,0,,,0,0,,,0,0.0,0,0.0,600,1275.0,31275.0,31275.0,130914,0.020208391219783274
late_arrival_10pct_30s,correlation_id_only_ablation,10955,600,24,0.25,1500,0,0,0,0,0,0,360,0,600,3600,3600,3600,600,600,600,1.0,1.0,1.0,1.0,1.0,1.0,9000,9000,9000,0,0.0,0,0.0,1.0,1.0,0,0,0.0,0,0,0,0,0,,,0,0,,,0,0.0,0,0.0,600,1275.0,31275.0,31275.0,130914,0.020208391219783274
late_arrival_10pct_30s,naive_temporal_window,10955,600,24,0.25,1500,0,0,0,0,0,0,360,0,600,3600,3600,3600,600,600,466,0.7766666666666666,0.7766666666666666,0.7766666666666666,0.7766666666666666,0.7766666666666666,0.9441666666666667,9000,9603,8397,603,0.067,1206,0.12558575445173384,0.8744142455482662,0.933,67,603,0.1675,67,67,67,0,0,1.0,1.0,0,0,,,0,0.0,0,0.0,466,1275.0,31275.0,31275.0,130914,0.020208391219783274
out_of_order_jitter_3s,strict_service_plus_correlation,10955,600,24,0.25,1500,0,0,0,0,0,0,0,3600,600,3600,3600,3600,600,600,600,1.0,1.0,1.0,1.0,1.0,1.0,9000,9000,9000,0,0.0,0,0.0,1.0,1.0,0,0,0.0,0,0,0,0,0,,,0,0,,,0,0.0,0,0.0,600,3441.5,4135.4,4268.0,91953,0.01419422061683801
out_of_order_jitter_3s,correlation_id_only_ablation,10955,600,24,0.25,1500,0,0,0,0,0,0,0,3600,600,3600,3600,3600,600,600,600,1.0,1.0,1.0,1.0,1.0,1.0,9000,9000,9000,0,0.0,0,0.0,1.0,1.0,0,0,0.0,0,0,0,0,0,,,0,0,,,0,0.0,0,0.0,600,3441.5,4135.4,4268.0,91953,0.01419422061683801
out_of_order_jitter_3s,naive_temporal_window,10955,600,24,0.25,1500,0,0,0,0,0,0,0,3600,600,3600,3600,3600,600,600,466,0.7766666666666666,0.7766666666666666,0.7766666666666666,0.7766666666666666,0.7766666666666666,0.9441666666666667,9000,9603,8397,603,0.067,1206,0.12558575445173384,0.8744142455482662,0.933,67,603,0.1675,67,67,67,0,0,1.0,1.0,0,0,,,0,0.0,0,0.0,466,3460.5,4143.25,4268.0,91953,0.01419422061683801
compound_adversarial,strict_service_plus_correlation,10955,600,24,0.25,1500,360,0,30,0,0,0,360,3600,600,3600,3600,3600,1224,540,282,0.47,0.47,0.5222222222222223,0.47,0.49473684210526314,0.8266666666666667,9000,6558,6558,2442,0.2713333333333333,0,0.0,1.0,0.7286666666666667,30,324,0.09,0,30,30,0,0,1.0,1.0,0,0,,,684,0.19,0,0.0,282,4102.5,33457.6,34047.0,206584,0.031889104998302
compound_adversarial,correlation_id_only_ablation,10955,600,24,0.25,1500,360,0,30,0,0,0,360,3600,600,3600,3600,3600,930,570,282,0.47,0.47,0.49473684210526314,0.47,0.482051282051282,0.9,9000,8156,7285,1715,0.19055555555555556,871,0.10679254536537518,0.8932074546346248,0.8094444444444444,30,324,0.09,30,30,30,0,0,1.0,1.0,0,0,,,360,0.1,0,0.0,282,4102.5,33457.6,34047.0,206584,0.031889104998302
compound_adversarial,naive_temporal_window,10955,600,24,0.25,1500,360,0,30,0,0,0,360,3600,600,3600,3600,3600,600,600,466,0.7766666666666666,0.7766666666666666,0.7766666666666666,0.7766666666666666,0.7766666666666666,0.9441666666666667,9000,9603,8397,603,0.067,1206,0.12558575445173384,0.8744142455482662,0.933,67,603,0.1675,67,67,67,0,0,1.0,1.0,0,0,,,0,0.0,0,0.0,466,4178.5,33407.0,34047.0,206584,0.031889104998302
control,strict_service_plus_correlation,11056,600,24,0.25,1500,0,0,0,0,0,0,0,0,600,3600,3600,3600,600,600,600,1.0,1.0,1.0,1.0,1.0,1.0,9000,9000,9000,0,0.0,0,0.0,1.0,1.0,0,0,0.0,0,0,0,0,0,,,0,0,,,0,0.0,0,0.0,600,1275.0,1275.0,1275.0,0,0.0
control,correlation_id_only_ablation,11056,600,24,0.25,1500,0,0,0,0,0,0,0,0,600,3600,3600,3600,600,600,600,1.0,1.0,1.0,1.0,1.0,1.0,9000,9000,9000,0,0.0,0,0.0,1.0,1.0,0,0,0.0,0,0,0,0,0,,,0,0,,,0,0.0,0,0.0,600,1275.0,1275.0,1275.0,0,0.0
control,naive_temporal_window,11056,600,24,0.25,1500,0,0,0,0,0,0,0,0,600,3600,3600,3600,600,600,452,0.7533333333333333,0.7533333333333333,0.7533333333333333,0.7533333333333333,0.7533333333333333,0.9383333333333334,9000,9666,8334,666,0.074,1332,0.1378026070763501,0.8621973929236499,0.926,74,666,0.185,74,74,74,0,0,1.0,1.0,0,0,,,0,0.0,0,0.0,452,1275.0,1275.0,1275.0,0,0.0
missing_random_1pct,strict_service_plus_correlation,11056,600,24,0.25,1500,36,0,0,0,0,0,0,0,600,3600,3600,3600,636,600,564,0.94,0.94,0.94,0.94,0.94,0.99,9000,8820,8820,180,0.02,0,0.0,1.0,0.98,0,0,0.0,0,0,0,0,0,,,0,0,,,36,0.01,0,0.0,564,1275.0,1275.0,1275.0,0,0.0
missing_random_1pct,correlation_id_only_ablation,11056,600,24,0.25,1500,36,0,0,0,0,0,0,0,600,3600,3600,3600,636,600,564,0.94,0.94,0.94,0.94,0.94,0.99,9000,8820,8820,180,0.02,0,0.0,1.0,0.98,0,0,0.0,0,0,0,0,0,,,0,0,,,36,0.01,0,0.0,564,1275.0,1275.0,1275.0,0,0.0
missing_random_1pct,naive_temporal_window,11056,600,24,0.25,1500,36,0,0,0,0,0,0,0,600,3600,3600,3600,600,600,452,0.7533333333333333,0.7533333333333333,0.7533333333333333,0.7533333333333333,0.7533333333333333,0.9383333333333334,9000,9666,8334,666,0.074,1332,0.1378026070763501,0.8621973929236499,0.926,74,666,0.185,74,74,74,0,0,1.0,1.0,0,0,,,0,0.0,0,0.0,452,1275.0,1275.0,1275.0,0,0.0
missing_random_5pct,strict_service_plus_correlation,11056,600,24,0.25,1500,180,0,0,0,0,0,0,0,600,3600,3600,3600,780,600,446,0.7433333333333333,0.7433333333333333,0.7433333333333333,0.7433333333333333,0.7433333333333333,0.95,9000,8127,8127,873,0.097,0,0.0,1.0,0.903,0,0,0.0,0,0,0,0,0,,,0,0,,,180,0.05,0,0.0,446,1275.0,1275.0,1275.0,0,0.0
missing_random_5pct,correlation_id_only_ablation,11056,600,24,0.25,1500,180,0,0,0,0,0,0,0,600,3600,3600,3600,780,600,446,0.7433333333333333,0.7433333333333333,0.7433333333333333,0.7433333333333333,0.7433333333333333,0.95,9000,8127,8127,873,0.097,0,0.0,1.0,0.903,0,0,0.0,0,0,0,0,0,,,0,0,,,180,0.05,0,0.0,446,1275.0,1275.0,1275.0,0,0.0
missing_random_5pct,naive_temporal_window,11056,600,24,0.25,1500,180,0,0,0,0,0,0,0,600,3600,3600,3600,600,600,452,0.7533333333333333,0.7533333333333333,0.7533333333333333,0.7533333333333333,0.7533333333333333,0.9383333333333334,9000,9666,8334,666,0.074,1332,0.1378026070763501,0.8621973929236499,0.926,74,666,0.185,74,74,74,0,0,1.0,1.0,0,0,,,0,0.0,0,0.0,452,1275.0,1275.0,1275.0,0,0.0
missing_random_10pct,strict_service_plus_correlation,11056,600,24,0.25,1500,360,0,0,0,0,0,0,0,600,3600,3600,3600,960,600,315,0.525,0.525,0.525,0.525,0.525,0.9,9000,7287,7287,1713,0.19033333333333333,0,0.0,1.0,0.8096666666666666,0,0,0.0,0,0,0,0,0,,,0,0,,,360,0.1,0,0.0,315,1275.0,1275.0,1275.0,0,0.0
missing_random_10pct,correlation_id_only_ablation,11056,600,24,0.25,1500,360,0,0,0,0,0,0,0,600,3600,3600,3600,960,600,315,0.525,0.525,0.525,0.525,0.525,0.9,9000,7287,7287,1713,0.19033333333333333,0,0.0,1.0,0.8096666666666666,0,0,0.0,0,0,0,0,0,,,0,0,,,360,0.1,0,0.0,315,1275.0,1275.0,1275.0,0,0.0
missing_random_10pct,naive_temporal_window,11056,600,24,0.25,1500,360,0,0,0,0,0,0,0,600,3600,3600,3600,600,600,452,0.7533333333333333,0.7533333333333333,0.7533333333333333,0.7533333333333333,0.7533333333333333,0.9383333333333334,9000,9666,8334,666,0.074,1332,0.1378026070763501,0.8621973929236499,0.926,74,666,0.185,74,74,74,0,0,1.0,1.0,0,0,,,0,0.0,0,0.0,452,1275.0,1275.0,1275.0,0,0.0
missing_random_20pct,strict_service_plus_correlation,11056,600,24,0.25,1500,720,0,0,0,0,0,0,0,600,3600,3600,3600,1320,599,145,0.24166666666666667,0.24166666666666667,0.24207011686143573,0.24166666666666667,0.2418682235195997,0.8,9000,5736,5736,3264,0.3626666666666667,0,0.0,1.0,0.6373333333333333,0,0,0.0,0,0,0,0,0,,,0,0,,,720,0.2,0,0.0,145,1275.0,1275.0,1275.0,0,0.0
missing_random_20pct,correlation_id_only_ablation,11056,600,24,0.25,1500,720,0,0,0,0,0,0,0,600,3600,3600,3600,1320,599,145,0.24166666666666667,0.24166666666666667,0.24207011686143573,0.24166666666666667,0.2418682235195997,0.8,9000,5736,5736,3264,0.3626666666666667,0,0.0,1.0,0.6373333333333333,0,0,0.0,0,0,0,0,0,,,0,0,,,720,0.2,0,0.0,145,1275.0,1275.0,1275.0,0,0.0
missing_random_20pct,naive_temporal_window,11056,600,24,0.25,1500,720,0,0,0,0,0,0,0,600,3600,3600,3600,600,600,452,0.7533333333333333,0.7533333333333333,0.7533333333333333,0.7533333333333333,0.7533333333333333,0.9383333333333334,9000,9666,8334,666,0.074,1332,0.1378026070763501,0.8621973929236499,0.926,74,666,0.185,74,74,74,0,0,1.0,1.0,0,0,,,0,0.0,0,0.0,452,1275.0,1275.0,1275.0,0,0.0
wrong_id_same_service_1pct,strict_service_plus_correlation,11056,600,24,0.25,1500,0,36,0,0,0,0,0,0,600,3600,3600,3600,812,564,533,0.8883333333333333,0.8883333333333333,0.9450354609929078,0.8883333333333333,0.915807560137457,0.9411111111111111,9000,8301,8301,699,0.07766666666666666,0,0.0,1.0,0.9223333333333333,36,248,0.06888888888888889,0,36,36,0,0,1.0,1.0,0,0,,,248,0.06888888888888889,0,0.0,533,1275.0,1275.0,1275.0,0,0.0
wrong_id_same_service_1pct,correlation_id_only_ablation,11056,600,24,0.25,1500,0,36,0,0,0,0,0,0,600,3600,3600,3600,600,600,533,0.8883333333333333,0.8883333333333333,0.8883333333333333,0.8883333333333333,0.8883333333333333,0.99,9000,9033,8821,179,0.01988888888888889,212,0.023469500719583748,0.9765304992804162,0.9801111111111112,36,248,0.06888888888888889,36,36,36,0,0,1.0,1.0,0,0,,,0,0.0,0,0.0,533,1275.0,1275.0,1275.0,0,0.0
wrong_id_same_service_1pct,naive_temporal_window,11056,600,24,0.25,1500,0,36,0,0,0,0,0,0,600,3600,3600,3600,600,600,452,0.7533333333333333,0.7533333333333333,0.7533333333333333,0.7533333333333333,0.7533333333333333,0.9383333333333334,9000,9666,8334,666,0.074,1332,0.1378026070763501,0.8621973929236499,0.926,74,666,0.185,74,74,74,0,0,1.0,1.0,0,0,,,0,0.0,0,0.0,452,1275.0,1275.0,1275.0,0,0.0
wrong_id_same_service_5pct,strict_service_plus_correlation,11056,600,24,0.25,1500,0,180,0,0,0,0,0,0,600,3600,3600,3600,1502,447,327,0.545,0.545,0.7315436241610739,0.545,0.6246418338108883,0.7494444444444445,9000,6037,6037,2963,0.32922222222222225,0,0.0,1.0,0.6707777777777778,153,1055,0.29305555555555557,0,153,153,0,0,1.0,1.0,0,0,,,1055,0.29305555555555557,0,0.0,327,1275.0,1275.0,1275.0,0,0.0
wrong_id_same_service_5pct,correlation_id_only_ablation,11056,600,24,0.25,1500,0,180,0,0,0,0,0,0,600,3600,3600,3600,600,600,327,0.545,0.545,0.545,0.545,0.545,0.95,9000,9180,8123,877,0.09744444444444444,1057,0.11514161220043573,0.8848583877995643,0.9025555555555556,153,1055,0.29305555555555557,153,153,153,0,0,1.0,1.0,0,0,,,0,0.0,0,0.0,327,1275.0,1275.0,1275.0,0,0.0
wrong_id_same_service_5pct,naive_temporal_window,11056,600,24,0.25,1500,0,180,0,0,0,0,0,0,600,3600,3600,3600,600,600,452,0.7533333333333333,0.7533333333333333,0.7533333333333333,0.7533333333333333,0.7533333333333333,0.9383333333333334,9000,9666,8334,666,0.074,1332,0.1378026070763501,0.8621973929236499,0.926,74,666,0.185,74,74,74,0,0,1.0,1.0,0,0,,,0,0.0,0,0.0,452,1275.0,1275.0,1275.0,0,0.0
wrong_id_same_service_10pct,strict_service_plus_correlation,11056,600,24,0.25,1500,0,360,0,0,0,0,0,0,600,3600,3600,3600,2136,333,170,0.2833333333333333,0.2833333333333333,0.5105105105105106,0.2833333333333333,0.3644158628081458,0.5733333333333334,9000,4029,4029,4971,0.5523333333333333,0,0.0,1.0,0.44766666666666666,267,1803,0.5008333333333334,0,267,267,0,0,1.0,1.0,0,0,,,1803,0.5008333333333334,0,0.0,170,1275.0,1275.0,1275.0,0,0.0
wrong_id_same_service_10pct,correlation_id_only_ablation,11056,600,24,0.25,1500,0,360,0,0,0,0,0,0,600,3600,3600,3600,600,600,170,0.2833333333333333,0.2833333333333333,0.2833333333333333,0.2833333333333333,0.2833333333333333,0.9,9000,9348,7290,1710,0.19,2058,0.22015404364569963,0.7798459563543004,0.81,267,1803,0.5008333333333334,267,267,267,0,0,1.0,1.0,0,0,,,0,0.0,0,0.0,170,1275.0,1275.0,1275.0,0,0.0
wrong_id_same_service_10pct,naive_temporal_window,11056,600,24,0.25,1500,0,360,0,0,0,0,0,0,600,3600,3600,3600,600,600,452,0.7533333333333333,0.7533333333333333,0.7533333333333333,0.7533333333333333,0.7533333333333333,0.9383333333333334,9000,9666,8334,666,0.074,1332,0.1378026070763501,0.8621973929236499,0.926,74,666,0.185,74,74,74,0,0,1.0,1.0,0,0,,,0,0.0,0,0.0,452,1275.0,1275.0,1275.0,0,0.0
wrong_id_same_service_20pct,strict_service_plus_correlation,11056,600,24,0.25,1500,0,720,0,0,0,0,0,0,600,3600,3600,3600,2946,176,39,0.065,0.065,0.2215909090909091,0.065,0.10051546391752576,0.34833333333333333,9000,1623,1623,7377,0.8196666666666667,0,0.0,1.0,0.18033333333333335,424,2770,0.7694444444444445,0,424,424,0,0,1.0,1.0,0,0,,,2770,0.7694444444444445,0,0.0,39,1275.0,1275.0,1275.0,0,0.0
wrong_id_same_service_20pct,correlation_id_only_ablation,11056,600,24,0.25,1500,0,720,0,0,0,0,0,0,600,3600,3600,3600,600,600,39,0.065,0.065,0.065,0.065,0.065,0.8,9000,9665,5757,3243,0.36033333333333334,3908,0.4043455768235903,0.5956544231764097,0.6396666666666667,424,2770,0.7694444444444445,424,424,424,0,0,1.0,1.0,0,0,,,0,0.0,0,0.0,39,1275.0,1275.0,1275.0,0,0.0
wrong_id_same_service_20pct,naive_temporal_window,11056,600,24,0.25,1500,0,720,0,0,0,0,0,0,600,3600,3600,3600,600,600,452,0.7533333333333333,0.7533333333333333,0.7533333333333333,0.7533333333333333,0.7533333333333333,0.9383333333333334,9000,9666,8334,666,0.074,1332,0.1378026070763501,0.8621973929236499,0.926,74,666,0.185,74,74,74,0,0,1.0,1.0,0,0,,,0,0.0,0,0.0,452,1275.0,1275.0,1275.0,0,0.0
missing_plane_deployment,strict_service_plus_correlation,11056,600,24,0.25,1500,600,0,0,0,0,0,0,0,600,3600,3600,3600,1200,600,0,0.0,0.0,0.0,0.0,0.0,0.8333333333333334,9000,6000,6000,3000,0.3333333333333333,0,0.0,1.0,0.6666666666666666,0,0,0.0,0,0,0,0,0,,,0,0,,,600,0.16666666666666666,0,0.0,0,,,,0,0.0
missing_plane_deployment,correlation_id_only_ablation,11056,600,24,0.25,1500,600,0,0,0,0,0,0,0,600,3600,3600,3600,1200,600,0,0.0,0.0,0.0,0.0,0.0,0.8333333333333334,9000,6000,6000,3000,0.3333333333333333,0,0.0,1.0,0.6666666666666666,0,0,0.0,0,0,0,0,0,,,0,0,,,600,0.16666666666666666,0,0.0,0,,,,0,0.0
missing_plane_deployment,naive_temporal_window,11056,600,24,0.25,1500,600,0,0,0,0,0,0,0,600,3600,3600,3600,600,600,452,0.7533333333333333,0.7533333333333333,0.7533333333333333,0.7533333333333333,0.7533333333333333,0.9383333333333334,9000,9666,8334,666,0.074,1332,0.1378026070763501,0.8621973929236499,0.926,74,666,0.185,74,74,74,0,0,1.0,1.0,0,0,,,0,0.0,0,0.0,452,1275.0,1275.0,1275.0,0,0.0
missing_plane_identity,strict_service_plus_correlation,11056,600,24,0.25,1500,600,0,0,0,0,0,0,0,600,3600,3600,3600,1200,600,0,0.0,0.0,0.0,0.0,0.0,0.8333333333333334,9000,6000,6000,3000,0.3333333333333333,0,0.0,1.0,0.6666666666666666,0,0,0.0,0,0,0,0,0,,,0,0,,,600,0.16666666666666666,0,0.0,0,,,,0,0.0
missing_plane_identity,correlation_id_only_ablation,11056,600,24,0.25,1500,600,0,0,0,0,0,0,0,600,3600,3600,3600,1200,600,0,0.0,0.0,0.0,0.0,0.0,0.8333333333333334,9000,6000,6000,3000,0.3333333333333333,0,0.0,1.0,0.6666666666666666,0,0,0.0,0,0,0,0,0,,,0,0,,,600,0.16666666666666666,0,0.0,0,,,,0,0.0
missing_plane_identity,naive_temporal_window,11056,600,24,0.25,1500,600,0,0,0,0,0,0,0,600,3600,3600,3600,600,600,452,0.7533333333333333,0.7533333333333333,0.7533333333333333,0.7533333333333333,0.7533333333333333,0.9383333333333334,9000,9666,8334,666,0.074,1332,0.1378026070763501,0.8621973929236499,0.926,74,666,0.185,74,74,74,0,0,1.0,1.0,0,0,,,0,0.0,0,0.0,452,1275.0,1275.0,1275.0,0,0.0
missing_plane_policy,strict_service_plus_correlation,11056,600,24,0.25,1500,600,0,0,0,0,0,0,0,600,3600,3600,3600,1200,600,0,0.0,0.0,0.0,0.0,0.0,0.8333333333333334,9000,6000,6000,3000,0.3333333333333333,0,0.0,1.0,0.6666666666666666,0,0,0.0,0,0,0,0,0,,,0,0,,,600,0.16666666666666666,0,0.0,0,,,,0,0.0
missing_plane_policy,correlation_id_only_ablation,11056,600,24,0.25,1500,600,0,0,0,0,0,0,0,600,3600,3600,3600,1200,600,0,0.0,0.0,0.0,0.0,0.0,0.8333333333333334,9000,6000,6000,3000,0.3333333333333333,0,0.0,1.0,0.6666666666666666,0,0,0.0,0,0,0,0,0,,,0,0,,,600,0.16666666666666666,0,0.0,0,,,,0,0.0
missing_plane_policy,naive_temporal_window,11056,600,24,0.25,1500,600,0,0,0,0,0,0,0,600,3600,3600,3600,600,600,452,0.7533333333333333,0.7533333333333333,0.7533333333333333,0.7533333333333333,0.7533333333333333,0.9383333333333334,9000,9666,8334,666,0.074,1332,0.1378026070763501,0.8621973929236499,0.926,74,666,0.185,74,74,74,0,0,1.0,1.0,0,0,,,0,0.0,0,0.0,452,1275.0,1275.0,1275.0,0,0.0
missing_plane_telemetry,strict_service_plus_correlation,11056,600,24,0.25,1500,600,0,0,0,0,0,0,0,600,3600,3600,3600,1200,600,0,0.0,0.0,0.0,0.0,0.0,0.8333333333333334,9000,6000,6000,3000,0.3333333333333333,0,0.0,1.0,0.6666666666666666,0,0,0.0,0,0,0,0,0,,,0,0,,,600,0.16666666666666666,0,0.0,0,,,,0,0.0
missing_plane_telemetry,correlation_id_only_ablation,11056,600,24,0.25,1500,600,0,0,0,0,0,0,0,600,3600,3600,3600,1200,600,0,0.0,0.0,0.0,0.0,0.0,0.8333333333333334,9000,6000,6000,3000,0.3333333333333333,0,0.0,1.0,0.6666666666666666,0,0,0.0,0,0,0,0,0,,,0,0,,,600,0.16666666666666666,0,0.0,0,,,,0,0.0
missing_plane_telemetry,naive_temporal_window,11056,600,24,0.25,1500,600,0,0,0,0,0,0,0,600,3600,3600,3600,600,600,452,0.7533333333333333,0.7533333333333333,0.7533333333333333,0.7533333333333333,0.7533333333333333,0.9383333333333334,9000,9666,8334,666,0.074,1332,0.1378026070763501,0.8621973929236499,0.926,74,666,0.185,74,74,74,0,0,1.0,1.0,0,0,,,0,0.0,0,0.0,452,1275.0,1275.0,1275.0,0,0.0
missing_plane_incident,strict_service_plus_correlation,11056,600,24,0.25,1500,600,0,0,0,0,0,0,0,600,3600,3600,3600,1200,600,0,0.0,0.0,0.0,0.0,0.0,0.8333333333333334,9000,6000,6000,3000,0.3333333333333333,0,0.0,1.0,0.6666666666666666,0,0,0.0,0,0,0,0,0,,,0,0,,,600,0.16666666666666666,0,0.0,0,,,,0,0.0
missing_plane_incident,correlation_id_only_ablation,11056,600,24,0.25,1500,600,0,0,0,0,0,0,0,600,3600,3600,3600,1200,600,0,0.0,0.0,0.0,0.0,0.0,0.8333333333333334,9000,6000,6000,3000,0.3333333333333333,0,0.0,1.0,0.6666666666666666,0,0,0.0,0,0,0,0,0,,,0,0,,,600,0.16666666666666666,0,0.0,0,,,,0,0.0
missing_plane_incident,naive_temporal_window,11056,600,24,0.25,1500,600,0,0,0,0,0,0,0,600,3600,3600,3600,600,600,452,0.7533333333333333,0.7533333333333333,0.7533333333333333,0.7533333333333333,0.7533333333333333,0.9383333333333334,9000,9666,8334,666,0.074,1332,0.1378026070763501,0.8621973929236499,0.926,74,666,0.185,74,74,74,0,0,1.0,1.0,0,0,,,0,0.0,0,0.0,452,1275.0,1275.0,1275.0,0,0.0
missing_plane_recovery,strict_service_plus_correlation,11056,600,24,0.25,1500,600,0,0,0,0,0,0,0,600,3600,3600,3600,1200,600,0,0.0,0.0,0.0,0.0,0.0,0.8333333333333334,9000,6000,6000,3000,0.3333333333333333,0,0.0,1.0,0.6666666666666666,0,0,0.0,0,0,0,0,0,,,0,0,,,600,0.16666666666666666,0,0.0,0,,,,0,0.0
missing_plane_recovery,correlation_id_only_ablation,11056,600,24,0.25,1500,600,0,0,0,0,0,0,0,600,3600,3600,3600,1200,600,0,0.0,0.0,0.0,0.0,0.0,0.8333333333333334,9000,6000,6000,3000,0.3333333333333333,0,0.0,1.0,0.6666666666666666,0,0,0.0,0,0,0,0,0,,,0,0,,,600,0.16666666666666666,0,0.0,0,,,,0,0.0
missing_plane_recovery,naive_temporal_window,11056,600,24,0.25,1500,600,0,0,0,0,0,0,0,600,3600,3600,3600,600,600,452,0.7533333333333333,0.7533333333333333,0.7533333333333333,0.7533333333333333,0.7533333333333333,0.9383333333333334,9000,9666,8334,666,0.074,1332,0.1378026070763501,0.8621973929236499,0.926,74,666,0.185,74,74,74,0,0,1.0,1.0,0,0,,,0,0.0,0,0.0,452,1275.0,1275.0,1275.0,0,0.0
collision_same_service_1pct,strict_service_plus_correlation,11056,600,24,0.25,1500,0,0,6,0,0,0,0,0,600,3600,3600,3600,660,588,588,0.98,0.98,1.0,0.98,0.98989898989899,0.9833333333333333,9000,8820,8820,180,0.02,0,0.0,1.0,0.98,6,72,0.02,0,6,6,0,0,1.0,1.0,0,0,,,72,0.02,0,0.0,588,1275.0,1275.0,1275.0,0,0.0
collision_same_service_1pct,correlation_id_only_ablation,11056,600,24,0.25,1500,0,0,6,0,0,0,0,0,600,3600,3600,3600,594,594,588,0.98,0.98,0.98989898989899,0.98,0.9849246231155778,1.0,9000,9216,9000,0,0.0,216,0.0234375,0.9765625,1.0,6,72,0.02,6,6,6,0,0,1.0,1.0,0,0,,,0,0.0,0,0.0,588,1275.0,1275.0,1275.0,0,0.0
collision_same_service_1pct,naive_temporal_window,11056,600,24,0.25,1500,0,0,6,0,0,0,0,0,600,3600,3600,3600,600,600,452,0.7533333333333333,0.7533333333333333,0.7533333333333333,0.7533333333333333,0.7533333333333333,0.9383333333333334,9000,9666,8334,666,0.074,1332,0.1378026070763501,0.8621973929236499,0.926,74,666,0.185,74,74,74,0,0,1.0,1.0,0,0,,,0,0.0,0,0.0,452,1275.0,1275.0,1275.0,0,0.0
collision_same_service_5pct,strict_service_plus_correlation,11056,600,24,0.25,1500,0,0,30,0,0,0,0,0,600,3600,3600,3600,900,540,540,0.9,0.9,1.0,0.9,0.9473684210526316,0.9166666666666666,9000,8100,8100,900,0.1,0,0.0,1.0,0.9,30,360,0.1,0,30,30,0,0,1.0,1.0,0,0,,,360,0.1,0,0.0,540,1275.0,1275.0,1275.0,0,0.0
collision_same_service_5pct,correlation_id_only_ablation,11056,600,24,0.25,1500,0,0,30,0,0,0,0,0,600,3600,3600,3600,570,570,540,0.9,0.9,0.9473684210526315,0.9,0.9230769230769231,1.0,9000,10080,9000,0,0.0,1080,0.10714285714285714,0.8928571428571429,1.0,30,360,0.1,30,30,30,0,0,1.0,1.0,0,0,,,0,0.0,0,0.0,540,1275.0,1275.0,1275.0,0,0.0
collision_same_service_5pct,naive_temporal_window,11056,600,24,0.25,1500,0,0,30,0,0,0,0,0,600,3600,3600,3600,600,600,452,0.7533333333333333,0.7533333333333333,0.7533333333333333,0.7533333333333333,0.7533333333333333,0.9383333333333334,9000,9666,8334,666,0.074,1332,0.1378026070763501,0.8621973929236499,0.926,74,666,0.185,74,74,74,0,0,1.0,1.0,0,0,,,0,0.0,0,0.0,452,1275.0,1275.0,1275.0,0,0.0
collision_same_service_10pct,strict_service_plus_correlation,11056,600,24,0.25,1500,0,0,60,0,0,0,0,0,600,3600,3600,3600,1200,480,480,0.8,0.8,1.0,0.8,0.888888888888889,0.8333333333333334,9000,7200,7200,1800,0.2,0,0.0,1.0,0.8,60,720,0.2,0,60,60,0,0,1.0,1.0,0,0,,,720,0.2,0,0.0,480,1275.0,1275.0,1275.0,0,0.0
collision_same_service_10pct,correlation_id_only_ablation,11056,600,24,0.25,1500,0,0,60,0,0,0,0,0,600,3600,3600,3600,540,540,480,0.8,0.8,0.8888888888888888,0.8,0.8421052631578948,1.0,9000,11160,9000,0,0.0,2160,0.1935483870967742,0.8064516129032258,1.0,60,720,0.2,60,60,60,0,0,1.0,1.0,0,0,,,0,0.0,0,0.0,480,1275.0,1275.0,1275.0,0,0.0
collision_same_service_10pct,naive_temporal_window,11056,600,24,0.25,1500,0,0,60,0,0,0,0,0,600,3600,3600,3600,600,600,452,0.7533333333333333,0.7533333333333333,0.7533333333333333,0.7533333333333333,0.7533333333333333,0.9383333333333334,9000,9666,8334,666,0.074,1332,0.1378026070763501,0.8621973929236499,0.926,74,666,0.185,74,74,74,0,0,1.0,1.0,0,0,,,0,0.0,0,0.0,452,1275.0,1275.0,1275.0,0,0.0
collision_cross_service_5pct,strict_service_plus_correlation,11056,600,24,0.25,1500,0,0,30,0,0,0,0,0,600,3600,3600,3600,600,600,600,1.0,1.0,1.0,1.0,1.0,1.0,9000,9000,9000,0,0.0,0,0.0,1.0,1.0,0,0,0.0,0,0,0,0,0,,,0,0,,,0,0.0,0,0.0,600,1275.0,1275.0,1275.0,0,0.0
collision_cross_service_5pct,correlation_id_only_ablation,11056,600,24,0.25,1500,0,0,30,0,0,0,0,0,600,3600,3600,3600,570,570,540,0.9,0.9,0.9473684210526315,0.9,0.9230769230769231,1.0,9000,10080,9000,0,0.0,1080,0.10714285714285714,0.8928571428571429,1.0,30,360,0.1,30,30,30,0,0,1.0,1.0,0,0,,,0,0.0,0,0.0,540,1275.0,1275.0,1275.0,0,0.0
collision_cross_service_5pct,naive_temporal_window,11056,600,24,0.25,1500,0,0,30,0,0,0,0,0,600,3600,3600,3600,600,600,452,0.7533333333333333,0.7533333333333333,0.7533333333333333,0.7533333333333333,0.7533333333333333,0.9383333333333334,9000,9666,8334,666,0.074,1332,0.1378026070763501,0.8621973929236499,0.926,74,666,0.185,74,74,74,0,0,1.0,1.0,0,0,,,0,0.0,0,0.0,452,1275.0,1275.0,1275.0,0,0.0
duplicate_exact_10pct,strict_service_plus_correlation,11056,600,24,0.25,1500,0,0,0,360,0,0,0,0,600,3600,3600,3960,600,600,600,1.0,1.0,1.0,1.0,1.0,1.0,9000,9000,9000,0,0.0,0,0.0,1.0,1.0,0,0,0.0,0,0,0,0,0,,,0,0,,,0,0.0,360,0.09090909090909091,600,1275.0,1275.0,1275.0,0,0.0
duplicate_exact_10pct,correlation_id_only_ablation,11056,600,24,0.25,1500,0,0,0,360,0,0,0,0,600,3600,3600,3960,600,600,600,1.0,1.0,1.0,1.0,1.0,1.0,9000,9000,9000,0,0.0,0,0.0,1.0,1.0,0,0,0.0,0,0,0,0,0,,,0,0,,,0,0.0,360,0.09090909090909091,600,1275.0,1275.0,1275.0,0,0.0
duplicate_exact_10pct,naive_temporal_window,11056,600,24,0.25,1500,0,0,0,360,0,0,0,0,600,3600,3600,3960,600,600,452,0.7533333333333333,0.7533333333333333,0.7533333333333333,0.7533333333333333,0.7533333333333333,0.9383333333333334,9000,9666,8334,666,0.074,1332,0.1378026070763501,0.8621973929236499,0.926,74,666,0.185,74,74,74,0,0,1.0,1.0,0,0,,,0,0.0,360,0.09090909090909091,452,1275.0,1275.0,1275.0,0,0.0
duplicate_source_conflict_5pct,strict_service_plus_correlation,11056,600,24,0.25,1500,0,0,0,0,180,0,0,0,600,3600,3600,3780,960,600,439,0.7316666666666667,0.7316666666666667,0.7316666666666667,0.7316666666666667,0.7316666666666667,0.95,9000,8122,8122,878,0.09755555555555556,0,0.0,1.0,0.9024444444444445,0,0,0.0,0,0,0,0,0,,,180,180,1.0,1.0,360,0.09523809523809523,0,0.0,439,1275.0,1275.0,1275.0,0,0.0
duplicate_source_conflict_5pct,correlation_id_only_ablation,11056,600,24,0.25,1500,0,0,0,0,180,0,0,0,600,3600,3600,3780,600,600,439,0.7316666666666667,0.7316666666666667,0.7316666666666667,0.7316666666666667,0.7316666666666667,1.0,9000,10102,9000,0,0.0,1102,0.10908730944367452,0.8909126905563255,1.0,0,0,0.0,0,161,0,161,0,0.0,,180,180,1.0,1.0,0,0.0,0,0.0,439,1275.0,1275.0,1275.0,0,0.0
duplicate_source_conflict_5pct,naive_temporal_window,11056,600,24,0.25,1500,0,0,0,0,180,0,0,0,600,3600,3600,3780,600,600,328,0.5466666666666666,0.5466666666666666,0.5466666666666666,0.5466666666666666,0.5466666666666666,0.9383333333333334,9000,10829,8334,666,0.074,2495,0.23039985224859175,0.7696001477514083,0.926,74,666,0.185,74,207,74,133,0,0.357487922705314,1.0,180,180,1.0,1.0,0,0.0,0,0.0,328,1275.0,1275.0,1275.0,0,0.0
clock_skew_random_10pct_5s,strict_service_plus_correlation,11056,600,24,0.25,1500,0,0,0,0,0,360,0,0,600,3600,3600,3600,2000,320,320,0.5333333333333333,0.5333333333333333,1.0,0.5333333333333333,0.6956521739130436,0.6111111111111112,9000,4800,4800,4200,0.4666666666666667,0,0.0,1.0,0.5333333333333333,0,0,0.0,0,280,0,280,0,0.0,,0,0,,,1680,0.4666666666666667,0,0.0,320,1275.0,1275.0,1275.0,0,0.0
clock_skew_random_10pct_5s,correlation_id_only_ablation,11056,600,24,0.25,1500,0,0,0,0,0,360,0,0,600,3600,3600,3600,600,600,600,1.0,1.0,1.0,1.0,1.0,1.0,9000,9000,9000,0,0.0,0,0.0,1.0,1.0,0,0,0.0,0,280,0,280,0,0.0,,0,0,,,0,0.0,0,0.0,600,1275.0,1275.0,1275.0,0,0.0
clock_skew_random_10pct_5s,naive_temporal_window,11056,600,24,0.25,1500,0,0,0,0,0,360,0,0,600,3600,3600,3600,887,665,242,0.4033333333333333,0.4033333333333333,0.36390977443609024,0.4033333333333333,0.3826086956521739,0.8513888888888889,9000,7909,6801,2199,0.24433333333333335,1108,0.14009356429384245,0.8599064357061575,0.7556666666666667,109,669,0.18583333333333332,109,84,84,0,25,1.0,0.7706422018348624,0,0,,,0,0.0,0,0.0,242,1275.0,1275.0,1275.0,0,0.0
late_arrival_10pct_30s,strict_service_plus_correlation,11056,600,24,0.25,1500,0,0,0,0,0,0,360,0,600,3600,3600,3600,600,600,600,1.0,1.0,1.0,1.0,1.0,1.0,9000,9000,9000,0,0.0,0,0.0,1.0,1.0,0,0,0.0,0,0,0,0,0,,,0,0,,,0,0.0,0,0.0,600,1275.0,31275.0,31275.0,130955,0.020214720138310025
late_arrival_10pct_30s,correlation_id_only_ablation,11056,600,24,0.25,1500,0,0,0,0,0,0,360,0,600,3600,3600,3600,600,600,600,1.0,1.0,1.0,1.0,1.0,1.0,9000,9000,9000,0,0.0,0,0.0,1.0,1.0,0,0,0.0,0,0,0,0,0,,,0,0,,,0,0.0,0,0.0,600,1275.0,31275.0,31275.0,130955,0.020214720138310025
late_arrival_10pct_30s,naive_temporal_window,11056,600,24,0.25,1500,0,0,0,0,0,0,360,0,600,3600,3600,3600,600,600,452,0.7533333333333333,0.7533333333333333,0.7533333333333333,0.7533333333333333,0.7533333333333333,0.9383333333333334,9000,9666,8334,666,0.074,1332,0.1378026070763501,0.8621973929236499,0.926,74,666,0.185,74,74,74,0,0,1.0,1.0,0,0,,,0,0.0,0,0.0,452,1275.0,31275.0,31275.0,130955,0.020214720138310025
out_of_order_jitter_3s,strict_service_plus_correlation,11056,600,24,0.25,1500,0,0,0,0,0,0,0,3600,600,3600,3600,3600,600,600,600,1.0,1.0,1.0,1.0,1.0,1.0,9000,9000,9000,0,0.0,0,0.0,1.0,1.0,0,0,0.0,0,0,0,0,0,,,0,0,,,0,0.0,0,0.0,600,3442.0,4123.1,4272.0,92527,0.014282825476212528
out_of_order_jitter_3s,correlation_id_only_ablation,11056,600,24,0.25,1500,0,0,0,0,0,0,0,3600,600,3600,3600,3600,600,600,600,1.0,1.0,1.0,1.0,1.0,1.0,9000,9000,9000,0,0.0,0,0.0,1.0,1.0,0,0,0.0,0,0,0,0,0,,,0,0,,,0,0.0,0,0.0,600,3442.0,4123.1,4272.0,92527,0.014282825476212528
out_of_order_jitter_3s,naive_temporal_window,11056,600,24,0.25,1500,0,0,0,0,0,0,0,3600,600,3600,3600,3600,600,600,452,0.7533333333333333,0.7533333333333333,0.7533333333333333,0.7533333333333333,0.7533333333333333,0.9383333333333334,9000,9666,8334,666,0.074,1332,0.1378026070763501,0.8621973929236499,0.926,74,666,0.185,74,74,74,0,0,1.0,1.0,0,0,,,0,0.0,0,0.0,452,3443.5,4142.35,4272.0,92527,0.014282825476212528
compound_adversarial,strict_service_plus_correlation,11056,600,24,0.25,1500,360,0,30,0,0,0,360,3600,600,3600,3600,3600,1237,540,281,0.4683333333333333,0.4683333333333333,0.5203703703703704,0.4683333333333333,0.4929824561403509,0.8230555555555555,9000,6505,6505,2495,0.2772222222222222,0,0.0,1.0,0.7227777777777777,30,337,0.09361111111111112,0,30,30,0,0,1.0,1.0,0,0,,,697,0.19361111111111112,0,0.0,281,4161.0,33558.0,34246.0,207423,0.03201861628230064
compound_adversarial,correlation_id_only_ablation,11056,600,24,0.25,1500,360,0,30,0,0,0,360,3600,600,3600,3600,3600,930,570,281,0.4683333333333333,0.4683333333333333,0.49298245614035086,0.4683333333333333,0.48034188034188036,0.9,9000,8238,7293,1707,0.18966666666666668,945,0.11471230881281864,0.8852876911871813,0.8103333333333333,30,337,0.09361111111111112,30,30,30,0,0,1.0,1.0,0,0,,,360,0.1,0,0.0,281,4161.0,33558.0,34246.0,207423,0.03201861628230064
compound_adversarial,naive_temporal_window,11056,600,24,0.25,1500,360,0,30,0,0,0,360,3600,600,3600,3600,3600,600,600,452,0.7533333333333333,0.7533333333333333,0.7533333333333333,0.7533333333333333,0.7533333333333333,0.9383333333333334,9000,9666,8334,666,0.074,1332,0.1378026070763501,0.8621973929236499,0.926,74,666,0.185,74,74,74,0,0,1.0,1.0,0,0,,,0,0.0,0,0.0,452,4139.5,33490.8,34246.0,207423,0.03201861628230064
control,strict_service_plus_correlation,11157,600,24,0.25,1500,0,0,0,0,0,0,0,0,600,3600,3600,3600,600,600,600,1.0,1.0,1.0,1.0,1.0,1.0,9000,9000,9000,0,0.0,0,0.0,1.0,1.0,0,0,0.0,0,0,0,0,0,,,0,0,,,0,0.0,0,0.0,600,1275.0,1275.0,1275.0,0,0.0
control,correlation_id_only_ablation,11157,600,24,0.25,1500,0,0,0,0,0,0,0,0,600,3600,3600,3600,600,600,600,1.0,1.0,1.0,1.0,1.0,1.0,9000,9000,9000,0,0.0,0,0.0,1.0,1.0,0,0,0.0,0,0,0,0,0,,,0,0,,,0,0.0,0,0.0,600,1275.0,1275.0,1275.0,0,0.0
control,naive_temporal_window,11157,600,24,0.25,1500,0,0,0,0,0,0,0,0,600,3600,3600,3600,600,600,432,0.72,0.72,0.72,0.72,0.72,0.93,9000,9756,8244,756,0.084,1512,0.15498154981549817,0.8450184501845018,0.916,84,756,0.21,84,84,84,0,0,1.0,1.0,0,0,,,0,0.0,0,0.0,432,1275.0,1275.0,1275.0,0,0.0
missing_random_1pct,strict_service_plus_correlation,11157,600,24,0.25,1500,36,0,0,0,0,0,0,0,600,3600,3600,3600,636,600,565,0.9416666666666667,0.9416666666666667,0.9416666666666667,0.9416666666666667,0.9416666666666667,0.99,9000,8821,8821,179,0.01988888888888889,0,0.0,1.0,0.9801111111111112,0,0,0.0,0,0,0,0,0,,,0,0,,,36,0.01,0,0.0,565,1275.0,1275.0,1275.0,0,0.0
missing_random_1pct,correlation_id_only_ablation,11157,600,24,0.25,1500,36,0,0,0,0,0,0,0,600,3600,3600,3600,636,600,565,0.9416666666666667,0.9416666666666667,0.9416666666666667,0.9416666666666667,0.9416666666666667,0.99,9000,8821,8821,179,0.01988888888888889,0,0.0,1.0,0.9801111111111112,0,0,0.0,0,0,0,0,0,,,0,0,,,36,0.01,0,0.0,565,1275.0,1275.0,1275.0,0,0.0
missing_random_1pct,naive_temporal_window,11157,600,24,0.25,1500,36,0,0,0,0,0,0,0,600,3600,3600,3600,600,600,432,0.72,0.72,0.72,0.72,0.72,0.93,9000,9756,8244,756,0.084,1512,0.15498154981549817,0.8450184501845018,0.916,84,756,0.21,84,84,84,0,0,1.0,1.0,0,0,,,0,0.0,0,0.0,432,1275.0,1275.0,1275.0,0,0.0
missing_random_5pct,strict_service_plus_correlation,11157,600,24,0.25,1500,180,0,0,0,0,0,0,0,600,3600,3600,3600,780,600,442,0.7366666666666667,0.7366666666666667,0.7366666666666667,0.7366666666666667,0.7366666666666667,0.95,9000,8123,8123,877,0.09744444444444444,0,0.0,1.0,0.9025555555555556,0,0,0.0,0,0,0,0,0,,,0,0,,,180,0.05,0,0.0,442,1275.0,1275.0,1275.0,0,0.0
missing_random_5pct,correlation_id_only_ablation,11157,600,24,0.25,1500,180,0,0,0,0,0,0,0,600,3600,3600,3600,780,600,442,0.7366666666666667,0.7366666666666667,0.7366666666666667,0.7366666666666667,0.7366666666666667,0.95,9000,8123,8123,877,0.09744444444444444,0,0.0,1.0,0.9025555555555556,0,0,0.0,0,0,0,0,0,,,0,0,,,180,0.05,0,0.0,442,1275.0,1275.0,1275.0,0,0.0
missing_random_5pct,naive_temporal_window,11157,600,24,0.25,1500,180,0,0,0,0,0,0,0,600,3600,3600,3600,600,600,432,0.72,0.72,0.72,0.72,0.72,0.93,9000,9756,8244,756,0.084,1512,0.15498154981549817,0.8450184501845018,0.916,84,756,0.21,84,84,84,0,0,1.0,1.0,0,0,,,0,0.0,0,0.0,432,1275.0,1275.0,1275.0,0,0.0
missing_random_10pct,strict_service_plus_correlation,11157,600,24,0.25,1500,360,0,0,0,0,0,0,0,600,3600,3600,3600,960,600,323,0.5383333333333333,0.5383333333333333,0.5383333333333333,0.5383333333333333,0.5383333333333333,0.9,9000,7300,7300,1700,0.18888888888888888,0,0.0,1.0,0.8111111111111111,0,0,0.0,0,0,0,0,0,,,0,0,,,360,0.1,0,0.0,323,1275.0,1275.0,1275.0,0,0.0
missing_random_10pct,correlation_id_only_ablation,11157,600,24,0.25,1500,360,0,0,0,0,0,0,0,600,3600,3600,3600,960,600,323,0.5383333333333333,0.5383333333333333,0.5383333333333333,0.5383333333333333,0.5383333333333333,0.9,9000,7300,7300,1700,0.18888888888888888,0,0.0,1.0,0.8111111111111111,0,0,0.0,0,0,0,0,0,,,0,0,,,360,0.1,0,0.0,323,1275.0,1275.0,1275.0,0,0.0
missing_random_10pct,naive_temporal_window,11157,600,24,0.25,1500,360,0,0,0,0,0,0,0,600,3600,3600,3600,600,600,432,0.72,0.72,0.72,0.72,0.72,0.93,9000,9756,8244,756,0.084,1512,0.15498154981549817,0.8450184501845018,0.916,84,756,0.21,84,84,84,0,0,1.0,1.0,0,0,,,0,0.0,0,0.0,432,1275.0,1275.0,1275.0,0,0.0
missing_random_20pct,strict_service_plus_correlation,11157,600,24,0.25,1500,720,0,0,0,0,0,0,0,600,3600,3600,3600,1319,598,161,0.2683333333333333,0.2683333333333333,0.2692307692307692,0.2683333333333333,0.2687813021702838,0.8002777777777778,9000,5782,5782,3218,0.35755555555555557,0,0.0,1.0,0.6424444444444445,0,0,0.0,0,0,0,0,0,,,0,0,,,720,0.2,0,0.0,161,1275.0,1275.0,1275.0,0,0.0
missing_random_20pct,correlation_id_only_ablation,11157,600,24,0.25,1500,720,0,0,0,0,0,0,0,600,3600,3600,3600,1319,598,161,0.2683333333333333,0.2683333333333333,0.2692307692307692,0.2683333333333333,0.2687813021702838,0.8002777777777778,9000,5782,5782,3218,0.35755555555555557,0,0.0,1.0,0.6424444444444445,0,0,0.0,0,0,0,0,0,,,0,0,,,720,0.2,0,0.0,161,1275.0,1275.0,1275.0,0,0.0
missing_random_20pct,naive_temporal_window,11157,600,24,0.25,1500,720,0,0,0,0,0,0,0,600,3600,3600,3600,600,600,432,0.72,0.72,0.72,0.72,0.72,0.93,9000,9756,8244,756,0.084,1512,0.15498154981549817,0.8450184501845018,0.916,84,756,0.21,84,84,84,0,0,1.0,1.0,0,0,,,0,0.0,0,0.0,432,1275.0,1275.0,1275.0,0,0.0
wrong_id_same_service_1pct,strict_service_plus_correlation,11157,600,24,0.25,1500,0,36,0,0,0,0,0,0,600,3600,3600,3600,794,568,538,0.8966666666666666,0.8966666666666666,0.9471830985915493,0.8966666666666666,0.9212328767123286,0.9461111111111111,9000,8354,8354,646,0.07177777777777777,0,0.0,1.0,0.9282222222222222,32,226,0.06277777777777778,0,32,32,0,0,1.0,1.0,0,0,,,226,0.06277777777777778,0,0.0,538,1275.0,1275.0,1275.0,0,0.0
wrong_id_same_service_1pct,correlation_id_only_ablation,11157,600,24,0.25,1500,0,36,0,0,0,0,0,0,600,3600,3600,3600,600,600,538,0.8966666666666666,0.8966666666666666,0.8966666666666666,0.8966666666666666,0.8966666666666666,0.99,9000,9042,8824,176,0.019555555555555555,218,0.024109710241097104,0.9758902897589029,0.9804444444444445,32,226,0.06277777777777778,32,32,32,0,0,1.0,1.0,0,0,,,0,0.0,0,0.0,538,1275.0,1275.0,1275.0,0,0.0
wrong_id_same_service_1pct,naive_temporal_window,11157,600,24,0.25,1500,0,36,0,0,0,0,0,0,600,3600,3600,3600,600,600,432,0.72,0.72,0.72,0.72,0.72,0.93,9000,9756,8244,756,0.084,1512,0.15498154981549817,0.8450184501845018,0.916,84,756,0.21,84,84,84,0,0,1.0,1.0,0,0,,,0,0.0,0,0.0,432,1275.0,1275.0,1275.0,0,0.0
wrong_id_same_service_5pct,strict_service_plus_correlation,11157,600,24,0.25,1500,0,180,0,0,0,0,0,0,600,3600,3600,3600,1495,447,335,0.5583333333333333,0.5583333333333333,0.7494407158836689,0.5583333333333333,0.6399235912129896,0.7513888888888889,9000,6073,6073,2927,0.32522222222222225,0,0.0,1.0,0.6747777777777778,153,1048,0.2911111111111111,0,153,153,0,0,1.0,1.0,0,0,,,1048,0.2911111111111111,0,0.0,335,1275.0,1275.0,1275.0,0,0.0
wrong_id_same_service_5pct,correlation_id_only_ablation,11157,600,24,0.25,1500,0,180,0,0,0,0,0,0,600,3600,3600,3600,600,600,335,0.5583333333333333,0.5583333333333333,0.5583333333333333,0.5583333333333333,0.5583333333333333,0.95,9000,9169,8124,876,0.09733333333333333,1045,0.1139709892027484,0.8860290107972516,0.9026666666666666,153,1048,0.2911111111111111,153,153,153,0,0,1.0,1.0,0,0,,,0,0.0,0,0.0,335,1275.0,1275.0,1275.0,0,0.0
wrong_id_same_service_5pct,naive_temporal_window,11157,600,24,0.25,1500,0,180,0,0,0,0,0,0,600,3600,3600,3600,600,600,432,0.72,0.72,0.72,0.72,0.72,0.93,9000,9756,8244,756,0.084,1512,0.15498154981549817,0.8450184501845018,0.916,84,756,0.21,84,84,84,0,0,1.0,1.0,0,0,,,0,0.0,0,0.0,432,1275.0,1275.0,1275.0,0,0.0
wrong_id_same_service_10pct,strict_service_plus_correlation,11157,600,24,0.25,1500,0,360,0,0,0,0,0,0,600,3600,3600,3600,2161,329,178,0.2966666666666667,0.2966666666666667,0.541033434650456,0.2966666666666667,0.3832077502691066,0.5663888888888889,9000,3970,3970,5030,0.5588888888888889,0,0.0,1.0,0.4411111111111111,271,1832,0.5088888888888888,0,271,271,0,0,1.0,1.0,0,0,,,1832,0.5088888888888888,0,0.0,178,1275.0,1275.0,1275.0,0,0.0
wrong_id_same_service_10pct,correlation_id_only_ablation,11157,600,24,0.25,1500,0,360,0,0,0,0,0,0,600,3600,3600,3600,600,600,178,0.2966666666666667,0.2966666666666667,0.2966666666666667,0.2966666666666667,0.2966666666666667,0.9,9000,9369,7310,1690,0.18777777777777777,2059,0.2197673177500267,0.7802326822499733,0.8122222222222222,271,1832,0.5088888888888888,271,271,271,0,0,1.0,1.0,0,0,,,0,0.0,0,0.0,178,1275.0,1275.0,1275.0,0,0.0
wrong_id_same_service_10pct,naive_temporal_window,11157,600,24,0.25,1500,0,360,0,0,0,0,0,0,600,3600,3600,3600,600,600,432,0.72,0.72,0.72,0.72,0.72,0.93,9000,9756,8244,756,0.084,1512,0.15498154981549817,0.8450184501845018,0.916,84,756,0.21,84,84,84,0,0,1.0,1.0,0,0,,,0,0.0,0,0.0,432,1275.0,1275.0,1275.0,0,0.0
wrong_id_same_service_20pct,strict_service_plus_correlation,11157,600,24,0.25,1500,0,720,0,0,0,0,0,0,600,3600,3600,3600,2911,180,52,0.08666666666666667,0.08666666666666667,0.28888888888888886,0.08666666666666667,0.13333333333333333,0.35805555555555557,9000,1755,1755,7245,0.805,0,0.0,1.0,0.195,420,2731,0.7586111111111111,0,420,420,0,0,1.0,1.0,0,0,,,2731,0.7586111111111111,0,0.0,52,1275.0,1275.0,1275.0,0,0.0
wrong_id_same_service_20pct,correlation_id_only_ablation,11157,600,24,0.25,1500,0,720,0,0,0,0,0,0,600,3600,3600,3600,600,600,52,0.08666666666666667,0.08666666666666667,0.08666666666666667,0.08666666666666667,0.08666666666666667,0.8,9000,9681,5796,3204,0.356,3885,0.40130151843817785,0.5986984815618221,0.644,420,2731,0.7586111111111111,420,420,420,0,0,1.0,1.0,0,0,,,0,0.0,0,0.0,52,1275.0,1275.0,1275.0,0,0.0
wrong_id_same_service_20pct,naive_temporal_window,11157,600,24,0.25,1500,0,720,0,0,0,0,0,0,600,3600,3600,3600,600,600,432,0.72,0.72,0.72,0.72,0.72,0.93,9000,9756,8244,756,0.084,1512,0.15498154981549817,0.8450184501845018,0.916,84,756,0.21,84,84,84,0,0,1.0,1.0,0,0,,,0,0.0,0,0.0,432,1275.0,1275.0,1275.0,0,0.0
missing_plane_deployment,strict_service_plus_correlation,11157,600,24,0.25,1500,600,0,0,0,0,0,0,0,600,3600,3600,3600,1200,600,0,0.0,0.0,0.0,0.0,0.0,0.8333333333333334,9000,6000,6000,3000,0.3333333333333333,0,0.0,1.0,0.6666666666666666,0,0,0.0,0,0,0,0,0,,,0,0,,,600,0.16666666666666666,0,0.0,0,,,,0,0.0
missing_plane_deployment,correlation_id_only_ablation,11157,600,24,0.25,1500,600,0,0,0,0,0,0,0,600,3600,3600,3600,1200,600,0,0.0,0.0,0.0,0.0,0.0,0.8333333333333334,9000,6000,6000,3000,0.3333333333333333,0,0.0,1.0,0.6666666666666666,0,0,0.0,0,0,0,0,0,,,0,0,,,600,0.16666666666666666,0,0.0,0,,,,0,0.0
missing_plane_deployment,naive_temporal_window,11157,600,24,0.25,1500,600,0,0,0,0,0,0,0,600,3600,3600,3600,600,600,432,0.72,0.72,0.72,0.72,0.72,0.93,9000,9756,8244,756,0.084,1512,0.15498154981549817,0.8450184501845018,0.916,84,756,0.21,84,84,84,0,0,1.0,1.0,0,0,,,0,0.0,0,0.0,432,1275.0,1275.0,1275.0,0,0.0
missing_plane_identity,strict_service_plus_correlation,11157,600,24,0.25,1500,600,0,0,0,0,0,0,0,600,3600,3600,3600,1200,600,0,0.0,0.0,0.0,0.0,0.0,0.8333333333333334,9000,6000,6000,3000,0.3333333333333333,0,0.0,1.0,0.6666666666666666,0,0,0.0,0,0,0,0,0,,,0,0,,,600,0.16666666666666666,0,0.0,0,,,,0,0.0
missing_plane_identity,correlation_id_only_ablation,11157,600,24,0.25,1500,600,0,0,0,0,0,0,0,600,3600,3600,3600,1200,600,0,0.0,0.0,0.0,0.0,0.0,0.8333333333333334,9000,6000,6000,3000,0.3333333333333333,0,0.0,1.0,0.6666666666666666,0,0,0.0,0,0,0,0,0,,,0,0,,,600,0.16666666666666666,0,0.0,0,,,,0,0.0
missing_plane_identity,naive_temporal_window,11157,600,24,0.25,1500,600,0,0,0,0,0,0,0,600,3600,3600,3600,600,600,432,0.72,0.72,0.72,0.72,0.72,0.93,9000,9756,8244,756,0.084,1512,0.15498154981549817,0.8450184501845018,0.916,84,756,0.21,84,84,84,0,0,1.0,1.0,0,0,,,0,0.0,0,0.0,432,1275.0,1275.0,1275.0,0,0.0
missing_plane_policy,strict_service_plus_correlation,11157,600,24,0.25,1500,600,0,0,0,0,0,0,0,600,3600,3600,3600,1200,600,0,0.0,0.0,0.0,0.0,0.0,0.8333333333333334,9000,6000,6000,3000,0.3333333333333333,0,0.0,1.0,0.6666666666666666,0,0,0.0,0,0,0,0,0,,,0,0,,,600,0.16666666666666666,0,0.0,0,,,,0,0.0
missing_plane_policy,correlation_id_only_ablation,11157,600,24,0.25,1500,600,0,0,0,0,0,0,0,600,3600,3600,3600,1200,600,0,0.0,0.0,0.0,0.0,0.0,0.8333333333333334,9000,6000,6000,3000,0.3333333333333333,0,0.0,1.0,0.6666666666666666,0,0,0.0,0,0,0,0,0,,,0,0,,,600,0.16666666666666666,0,0.0,0,,,,0,0.0
missing_plane_policy,naive_temporal_window,11157,600,24,0.25,1500,600,0,0,0,0,0,0,0,600,3600,3600,3600,600,600,432,0.72,0.72,0.72,0.72,0.72,0.93,9000,9756,8244,756,0.084,1512,0.15498154981549817,0.8450184501845018,0.916,84,756,0.21,84,84,84,0,0,1.0,1.0,0,0,,,0,0.0,0,0.0,432,1275.0,1275.0,1275.0,0,0.0
missing_plane_telemetry,strict_service_plus_correlation,11157,600,24,0.25,1500,600,0,0,0,0,0,0,0,600,3600,3600,3600,1200,600,0,0.0,0.0,0.0,0.0,0.0,0.8333333333333334,9000,6000,6000,3000,0.3333333333333333,0,0.0,1.0,0.6666666666666666,0,0,0.0,0,0,0,0,0,,,0,0,,,600,0.16666666666666666,0,0.0,0,,,,0,0.0
missing_plane_telemetry,correlation_id_only_ablation,11157,600,24,0.25,1500,600,0,0,0,0,0,0,0,600,3600,3600,3600,1200,600,0,0.0,0.0,0.0,0.0,0.0,0.8333333333333334,9000,6000,6000,3000,0.3333333333333333,0,0.0,1.0,0.6666666666666666,0,0,0.0,0,0,0,0,0,,,0,0,,,600,0.16666666666666666,0,0.0,0,,,,0,0.0
missing_plane_telemetry,naive_temporal_window,11157,600,24,0.25,1500,600,0,0,0,0,0,0,0,600,3600,3600,3600,600,600,432,0.72,0.72,0.72,0.72,0.72,0.93,9000,9756,8244,756,0.084,1512,0.15498154981549817,0.8450184501845018,0.916,84,756,0.21,84,84,84,0,0,1.0,1.0,0,0,,,0,0.0,0,0.0,432,1275.0,1275.0,1275.0,0,0.0
missing_plane_incident,strict_service_plus_correlation,11157,600,24,0.25,1500,600,0,0,0,0,0,0,0,600,3600,3600,3600,1200,600,0,0.0,0.0,0.0,0.0,0.0,0.8333333333333334,9000,6000,6000,3000,0.3333333333333333,0,0.0,1.0,0.6666666666666666,0,0,0.0,0,0,0,0,0,,,0,0,,,600,0.16666666666666666,0,0.0,0,,,,0,0.0
missing_plane_incident,correlation_id_only_ablation,11157,600,24,0.25,1500,600,0,0,0,0,0,0,0,600,3600,3600,3600,1200,600,0,0.0,0.0,0.0,0.0,0.0,0.8333333333333334,9000,6000,6000,3000,0.3333333333333333,0,0.0,1.0,0.6666666666666666,0,0,0.0,0,0,0,0,0,,,0,0,,,600,0.16666666666666666,0,0.0,0,,,,0,0.0
missing_plane_incident,naive_temporal_window,11157,600,24,0.25,1500,600,0,0,0,0,0,0,0,600,3600,3600,3600,600,600,432,0.72,0.72,0.72,0.72,0.72,0.93,9000,9756,8244,756,0.084,1512,0.15498154981549817,0.8450184501845018,0.916,84,756,0.21,84,84,84,0,0,1.0,1.0,0,0,,,0,0.0,0,0.0,432,1275.0,1275.0,1275.0,0,0.0
missing_plane_recovery,strict_service_plus_correlation,11157,600,24,0.25,1500,600,0,0,0,0,0,0,0,600,3600,3600,3600,1200,600,0,0.0,0.0,0.0,0.0,0.0,0.8333333333333334,9000,6000,6000,3000,0.3333333333333333,0,0.0,1.0,0.6666666666666666,0,0,0.0,0,0,0,0,0,,,0,0,,,600,0.16666666666666666,0,0.0,0,,,,0,0.0
missing_plane_recovery,correlation_id_only_ablation,11157,600,24,0.25,1500,600,0,0,0,0,0,0,0,600,3600,3600,3600,1200,600,0,0.0,0.0,0.0,0.0,0.0,0.8333333333333334,9000,6000,6000,3000,0.3333333333333333,0,0.0,1.0,0.6666666666666666,0,0,0.0,0,0,0,0,0,,,0,0,,,600,0.16666666666666666,0,0.0,0,,,,0,0.0
missing_plane_recovery,naive_temporal_window,11157,600,24,0.25,1500,600,0,0,0,0,0,0,0,600,3600,3600,3600,600,600,432,0.72,0.72,0.72,0.72,0.72,0.93,9000,9756,8244,756,0.084,1512,0.15498154981549817,0.8450184501845018,0.916,84,756,0.21,84,84,84,0,0,1.0,1.0,0,0,,,0,0.0,0,0.0,432,1275.0,1275.0,1275.0,0,0.0
collision_same_service_1pct,strict_service_plus_correlation,11157,600,24,0.25,1500,0,0,6,0,0,0,0,0,600,3600,3600,3600,660,588,588,0.98,0.98,1.0,0.98,0.98989898989899,0.9833333333333333,9000,8820,8820,180,0.02,0,0.0,1.0,0.98,6,72,0.02,0,6,6,0,0,1.0,1.0,0,0,,,72,0.02,0,0.0,588,1275.0,1275.0,1275.0,0,0.0
collision_same_service_1pct,correlation_id_only_ablation,11157,600,24,0.25,1500,0,0,6,0,0,0,0,0,600,3600,3600,3600,594,594,588,0.98,0.98,0.98989898989899,0.98,0.9849246231155778,1.0,9000,9216,9000,0,0.0,216,0.0234375,0.9765625,1.0,6,72,0.02,6,6,6,0,0,1.0,1.0,0,0,,,0,0.0,0,0.0,588,1275.0,1275.0,1275.0,0,0.0
collision_same_service_1pct,naive_temporal_window,11157,600,24,0.25,1500,0,0,6,0,0,0,0,0,600,3600,3600,3600,600,600,432,0.72,0.72,0.72,0.72,0.72,0.93,9000,9756,8244,756,0.084,1512,0.15498154981549817,0.8450184501845018,0.916,84,756,0.21,84,84,84,0,0,1.0,1.0,0,0,,,0,0.0,0,0.0,432,1275.0,1275.0,1275.0,0,0.0
collision_same_service_5pct,strict_service_plus_correlation,11157,600,24,0.25,1500,0,0,30,0,0,0,0,0,600,3600,3600,3600,900,540,540,0.9,0.9,1.0,0.9,0.9473684210526316,0.9166666666666666,9000,8100,8100,900,0.1,0,0.0,1.0,0.9,30,360,0.1,0,30,30,0,0,1.0,1.0,0,0,,,360,0.1,0,0.0,540,1275.0,1275.0,1275.0,0,0.0
collision_same_service_5pct,correlation_id_only_ablation,11157,600,24,0.25,1500,0,0,30,0,0,0,0,0,600,3600,3600,3600,570,570,540,0.9,0.9,0.9473684210526315,0.9,0.9230769230769231,1.0,9000,10080,9000,0,0.0,1080,0.10714285714285714,0.8928571428571429,1.0,30,360,0.1,30,30,30,0,0,1.0,1.0,0,0,,,0,0.0,0,0.0,540,1275.0,1275.0,1275.0,0,0.0
collision_same_service_5pct,naive_temporal_window,11157,600,24,0.25,1500,0,0,30,0,0,0,0,0,600,3600,3600,3600,600,600,432,0.72,0.72,0.72,0.72,0.72,0.93,9000,9756,8244,756,0.084,1512,0.15498154981549817,0.8450184501845018,0.916,84,756,0.21,84,84,84,0,0,1.0,1.0,0,0,,,0,0.0,0,0.0,432,1275.0,1275.0,1275.0,0,0.0
collision_same_service_10pct,strict_service_plus_correlation,11157,600,24,0.25,1500,0,0,60,0,0,0,0,0,600,3600,3600,3600,1200,480,480,0.8,0.8,1.0,0.8,0.888888888888889,0.8333333333333334,9000,7200,7200,1800,0.2,0,0.0,1.0,0.8,60,720,0.2,0,60,60,0,0,1.0,1.0,0,0,,,720,0.2,0,0.0,480,1275.0,1275.0,1275.0,0,0.0
collision_same_service_10pct,correlation_id_only_ablation,11157,600,24,0.25,1500,0,0,60,0,0,0,0,0,600,3600,3600,3600,540,540,480,0.8,0.8,0.8888888888888888,0.8,0.8421052631578948,1.0,9000,11160,9000,0,0.0,2160,0.1935483870967742,0.8064516129032258,1.0,60,720,0.2,60,60,60,0,0,1.0,1.0,0,0,,,0,0.0,0,0.0,480,1275.0,1275.0,1275.0,0,0.0
collision_same_service_10pct,naive_temporal_window,11157,600,24,0.25,1500,0,0,60,0,0,0,0,0,600,3600,3600,3600,600,600,432,0.72,0.72,0.72,0.72,0.72,0.93,9000,9756,8244,756,0.084,1512,0.15498154981549817,0.8450184501845018,0.916,84,756,0.21,84,84,84,0,0,1.0,1.0,0,0,,,0,0.0,0,0.0,432,1275.0,1275.0,1275.0,0,0.0
collision_cross_service_5pct,strict_service_plus_correlation,11157,600,24,0.25,1500,0,0,30,0,0,0,0,0,600,3600,3600,3600,600,600,600,1.0,1.0,1.0,1.0,1.0,1.0,9000,9000,9000,0,0.0,0,0.0,1.0,1.0,0,0,0.0,0,0,0,0,0,,,0,0,,,0,0.0,0,0.0,600,1275.0,1275.0,1275.0,0,0.0
collision_cross_service_5pct,correlation_id_only_ablation,11157,600,24,0.25,1500,0,0,30,0,0,0,0,0,600,3600,3600,3600,570,570,540,0.9,0.9,0.9473684210526315,0.9,0.9230769230769231,1.0,9000,10080,9000,0,0.0,1080,0.10714285714285714,0.8928571428571429,1.0,30,360,0.1,30,30,30,0,0,1.0,1.0,0,0,,,0,0.0,0,0.0,540,1275.0,1275.0,1275.0,0,0.0
collision_cross_service_5pct,naive_temporal_window,11157,600,24,0.25,1500,0,0,30,0,0,0,0,0,600,3600,3600,3600,600,600,432,0.72,0.72,0.72,0.72,0.72,0.93,9000,9756,8244,756,0.084,1512,0.15498154981549817,0.8450184501845018,0.916,84,756,0.21,84,84,84,0,0,1.0,1.0,0,0,,,0,0.0,0,0.0,432,1275.0,1275.0,1275.0,0,0.0
duplicate_exact_10pct,strict_service_plus_correlation,11157,600,24,0.25,1500,0,0,0,360,0,0,0,0,600,3600,3600,3960,600,600,600,1.0,1.0,1.0,1.0,1.0,1.0,9000,9000,9000,0,0.0,0,0.0,1.0,1.0,0,0,0.0,0,0,0,0,0,,,0,0,,,0,0.0,360,0.09090909090909091,600,1275.0,1275.0,1275.0,0,0.0
duplicate_exact_10pct,correlation_id_only_ablation,11157,600,24,0.25,1500,0,0,0,360,0,0,0,0,600,3600,3600,3960,600,600,600,1.0,1.0,1.0,1.0,1.0,1.0,9000,9000,9000,0,0.0,0,0.0,1.0,1.0,0,0,0.0,0,0,0,0,0,,,0,0,,,0,0.0,360,0.09090909090909091,600,1275.0,1275.0,1275.0,0,0.0
duplicate_exact_10pct,naive_temporal_window,11157,600,24,0.25,1500,0,0,0,360,0,0,0,0,600,3600,3600,3960,600,600,432,0.72,0.72,0.72,0.72,0.72,0.93,9000,9756,8244,756,0.084,1512,0.15498154981549817,0.8450184501845018,0.916,84,756,0.21,84,84,84,0,0,1.0,1.0,0,0,,,0,0.0,360,0.09090909090909091,432,1275.0,1275.0,1275.0,0,0.0
duplicate_source_conflict_5pct,strict_service_plus_correlation,11157,600,24,0.25,1500,0,0,0,0,180,0,0,0,600,3600,3600,3780,960,600,439,0.7316666666666667,0.7316666666666667,0.7316666666666667,0.7316666666666667,0.7316666666666667,0.95,9000,8119,8119,881,0.09788888888888889,0,0.0,1.0,0.9021111111111111,0,0,0.0,0,0,0,0,0,,,180,180,1.0,1.0,360,0.09523809523809523,0,0.0,439,1275.0,1275.0,1275.0,0,0.0
duplicate_source_conflict_5pct,correlation_id_only_ablation,11157,600,24,0.25,1500,0,0,0,0,180,0,0,0,600,3600,3600,3780,600,600,439,0.7316666666666667,0.7316666666666667,0.7316666666666667,0.7316666666666667,0.7316666666666667,1.0,9000,10099,9000,0,0.0,1099,0.10882265570848598,0.891177344291514,1.0,0,0,0.0,0,161,0,161,0,0.0,,180,180,1.0,1.0,0,0.0,0,0.0,439,1275.0,1275.0,1275.0,0,0.0
duplicate_source_conflict_5pct,naive_temporal_window,11157,600,24,0.25,1500,0,0,0,0,180,0,0,0,600,3600,3600,3780,600,600,326,0.5433333333333333,0.5433333333333333,0.5433333333333333,0.5433333333333333,0.5433333333333333,0.93,9000,10971,8244,756,0.084,2727,0.24856439704675964,0.7514356029532404,0.916,84,756,0.21,84,201,84,117,0,0.417910447761194,1.0,180,180,1.0,1.0,0,0.0,0,0.0,326,1275.0,1275.0,1275.0,0,0.0
clock_skew_random_10pct_5s,strict_service_plus_correlation,11157,600,24,0.25,1500,0,0,0,0,0,360,0,0,600,3600,3600,3600,1985,323,323,0.5383333333333333,0.5383333333333333,1.0,0.5383333333333333,0.6998916576381365,0.6152777777777778,9000,4845,4845,4155,0.46166666666666667,0,0.0,1.0,0.5383333333333333,0,0,0.0,0,277,0,277,0,0.0,,0,0,,,1662,0.46166666666666667,0,0.0,323,1275.0,1275.0,1275.0,0,0.0
clock_skew_random_10pct_5s,correlation_id_only_ablation,11157,600,24,0.25,1500,0,0,0,0,0,360,0,0,600,3600,3600,3600,600,600,600,1.0,1.0,1.0,1.0,1.0,1.0,9000,9000,9000,0,0.0,0,0.0,1.0,1.0,0,0,0.0,0,277,0,277,0,0.0,,0,0,,,0,0.0,0,0.0,600,1275.0,1275.0,1275.0,0,0.0
clock_skew_random_10pct_5s,naive_temporal_window,11157,600,24,0.25,1500,0,0,0,0,0,360,0,0,600,3600,3600,3600,869,669,238,0.39666666666666667,0.39666666666666667,0.35575485799701045,0.39666666666666667,0.37509850275807716,0.8452777777777778,9000,8033,6758,2242,0.24911111111111112,1275,0.1587202788497448,0.8412797211502552,0.7508888888888889,130,783,0.2175,130,109,109,0,21,1.0,0.8384615384615385,0,0,,,0,0.0,0,0.0,238,1275.0,1275.0,1275.0,0,0.0
late_arrival_10pct_30s,strict_service_plus_correlation,11157,600,24,0.25,1500,0,0,0,0,0,0,360,0,600,3600,3600,3600,600,600,600,1.0,1.0,1.0,1.0,1.0,1.0,9000,9000,9000,0,0.0,0,0.0,1.0,1.0,0,0,0.0,0,0,0,0,0,,,0,0,,,0,0.0,0,0.0,600,1275.0,31275.0,31275.0,131920,0.020363681269488437
late_arrival_10pct_30s,correlation_id_only_ablation,11157,600,24,0.25,1500,0,0,0,0,0,0,360,0,600,3600,3600,3600,600,600,600,1.0,1.0,1.0,1.0,1.0,1.0,9000,9000,9000,0,0.0,0,0.0,1.0,1.0,0,0,0.0,0,0,0,0,0,,,0,0,,,0,0.0,0,0.0,600,1275.0,31275.0,31275.0,131920,0.020363681269488437
late_arrival_10pct_30s,naive_temporal_window,11157,600,24,0.25,1500,0,0,0,0,0,0,360,0,600,3600,3600,3600,600,600,432,0.72,0.72,0.72,0.72,0.72,0.93,9000,9756,8244,756,0.084,1512,0.15498154981549817,0.8450184501845018,0.916,84,756,0.21,84,84,84,0,0,1.0,1.0,0,0,,,0,0.0,0,0.0,432,1275.0,31275.0,31275.0,131920,0.020363681269488437
out_of_order_jitter_3s,strict_service_plus_correlation,11157,600,24,0.25,1500,0,0,0,0,0,0,0,3600,600,3600,3600,3600,600,600,600,1.0,1.0,1.0,1.0,1.0,1.0,9000,9000,9000,0,0.0,0,0.0,1.0,1.0,0,0,0.0,0,0,0,0,0,,,0,0,,,0,0.0,0,0.0,600,3427.0,4163.15,4271.0,93632,0.014453397548701799
out_of_order_jitter_3s,correlation_id_only_ablation,11157,600,24,0.25,1500,0,0,0,0,0,0,0,3600,600,3600,3600,3600,600,600,600,1.0,1.0,1.0,1.0,1.0,1.0,9000,9000,9000,0,0.0,0,0.0,1.0,1.0,0,0,0.0,0,0,0,0,0,,,0,0,,,0,0.0,0,0.0,600,3427.0,4163.15,4271.0,93632,0.014453397548701799
out_of_order_jitter_3s,naive_temporal_window,11157,600,24,0.25,1500,0,0,0,0,0,0,0,3600,600,3600,3600,3600,600,600,432,0.72,0.72,0.72,0.72,0.72,0.93,9000,9756,8244,756,0.084,1512,0.15498154981549817,0.8450184501845018,0.916,84,756,0.21,84,84,84,0,0,1.0,1.0,0,0,,,0,0.0,0,0.0,432,3408.0,4166.45,4271.0,93632,0.014453397548701799
compound_adversarial,strict_service_plus_correlation,11157,600,24,0.25,1500,360,0,30,0,0,0,360,3600,600,3600,3600,3600,1222,540,287,0.47833333333333333,0.47833333333333333,0.5314814814814814,0.47833333333333333,0.5035087719298246,0.8272222222222222,9000,6571,6571,2429,0.2698888888888889,0,0.0,1.0,0.7301111111111112,30,322,0.08944444444444444,0,30,30,0,0,1.0,1.0,0,0,,,682,0.18944444444444444,0,0.0,287,4030.0,33527.5,33981.0,208440,0.032175604334537374
compound_adversarial,correlation_id_only_ablation,11157,600,24,0.25,1500,360,0,30,0,0,0,360,3600,600,3600,3600,3600,930,570,287,0.47833333333333333,0.47833333333333333,0.5035087719298246,0.47833333333333333,0.49059829059829063,0.9,9000,8158,7291,1709,0.18988888888888888,867,0.10627604805099289,0.8937239519490071,0.8101111111111111,30,322,0.08944444444444444,30,30,30,0,0,1.0,1.0,0,0,,,360,0.1,0,0.0,287,4030.0,33527.5,33981.0,208440,0.032175604334537374
compound_adversarial,naive_temporal_window,11157,600,24,0.25,1500,360,0,30,0,0,0,360,3600,600,3600,3600,3600,600,600,432,0.72,0.72,0.72,0.72,0.72,0.93,9000,9756,8244,756,0.084,1512,0.15498154981549817,0.8450184501845018,0.916,84,756,0.21,84,84,84,0,0,1.0,1.0,0,0,,,0,0.0,0,0.0,432,4134.5,33658.55,34271.0,208440,0.032175604334537374
control,strict_service_plus_correlation,11258,600,24,0.25,1500,0,0,0,0,0,0,0,0,600,3600,3600,3600,600,600,600,1.0,1.0,1.0,1.0,1.0,1.0,9000,9000,9000,0,0.0,0,0.0,1.0,1.0,0,0,0.0,0,0,0,0,0,,,0,0,,,0,0.0,0,0.0,600,1275.0,1275.0,1275.0,0,0.0
control,correlation_id_only_ablation,11258,600,24,0.25,1500,0,0,0,0,0,0,0,0,600,3600,3600,3600,600,600,600,1.0,1.0,1.0,1.0,1.0,1.0,9000,9000,9000,0,0.0,0,0.0,1.0,1.0,0,0,0.0,0,0,0,0,0,,,0,0,,,0,0.0,0,0.0,600,1275.0,1275.0,1275.0,0,0.0
control,naive_temporal_window,11258,600,24,0.25,1500,0,0,0,0,0,0,0,0,600,3600,3600,3600,600,600,456,0.76,0.76,0.76,0.76,0.76,0.94,9000,9648,8352,648,0.072,1296,0.13432835820895522,0.8656716417910447,0.928,72,648,0.18,72,72,72,0,0,1.0,1.0,0,0,,,0,0.0,0,0.0,456,1275.0,1275.0,1275.0,0,0.0
missing_random_1pct,strict_service_plus_correlation,11258,600,24,0.25,1500,36,0,0,0,0,0,0,0,600,3600,3600,3600,636,600,566,0.9433333333333334,0.9433333333333334,0.9433333333333334,0.9433333333333334,0.9433333333333332,0.99,9000,8822,8822,178,0.019777777777777776,0,0.0,1.0,0.9802222222222222,0,0,0.0,0,0,0,0,0,,,0,0,,,36,0.01,0,0.0,566,1275.0,1275.0,1275.0,0,0.0
missing_random_1pct,correlation_id_only_ablation,11258,600,24,0.25,1500,36,0,0,0,0,0,0,0,600,3600,3600,3600,636,600,566,0.9433333333333334,0.9433333333333334,0.9433333333333334,0.9433333333333334,0.9433333333333332,0.99,9000,8822,8822,178,0.019777777777777776,0,0.0,1.0,0.9802222222222222,0,0,0.0,0,0,0,0,0,,,0,0,,,36,0.01,0,0.0,566,1275.0,1275.0,1275.0,0,0.0
missing_random_1pct,naive_temporal_window,11258,600,24,0.25,1500,36,0,0,0,0,0,0,0,600,3600,3600,3600,600,600,456,0.76,0.76,0.76,0.76,0.76,0.94,9000,9648,8352,648,0.072,1296,0.13432835820895522,0.8656716417910447,0.928,72,648,0.18,72,72,72,0,0,1.0,1.0,0,0,,,0,0.0,0,0.0,456,1275.0,1275.0,1275.0,0,0.0
missing_random_5pct,strict_service_plus_correlation,11258,600,24,0.25,1500,180,0,0,0,0,0,0,0,600,3600,3600,3600,780,600,438,0.73,0.73,0.73,0.73,0.7299999999999999,0.95,9000,8118,8118,882,0.098,0,0.0,1.0,0.902,0,0,0.0,0,0,0,0,0,,,0,0,,,180,0.05,0,0.0,438,1275.0,1275.0,1275.0,0,0.0
missing_random_5pct,correlation_id_only_ablation,11258,600,24,0.25,1500,180,0,0,0,0,0,0,0,600,3600,3600,3600,780,600,438,0.73,0.73,0.73,0.73,0.7299999999999999,0.95,9000,8118,8118,882,0.098,0,0.0,1.0,0.902,0,0,0.0,0,0,0,0,0,,,0,0,,,180,0.05,0,0.0,438,1275.0,1275.0,1275.0,0,0.0
missing_random_5pct,naive_temporal_window,11258,600,24,0.25,1500,180,0,0,0,0,0,0,0,600,3600,3600,3600,600,600,456,0.76,0.76,0.76,0.76,0.76,0.94,9000,9648,8352,648,0.072,1296,0.13432835820895522,0.8656716417910447,0.928,72,648,0.18,72,72,72,0,0,1.0,1.0,0,0,,,0,0.0,0,0.0,456,1275.0,1275.0,1275.0,0,0.0
missing_random_10pct,strict_service_plus_correlation,11258,600,24,0.25,1500,360,0,0,0,0,0,0,0,600,3600,3600,3600,960,600,319,0.5316666666666666,0.5316666666666666,0.5316666666666666,0.5316666666666666,0.5316666666666666,0.9,9000,7287,7287,1713,0.19033333333333333,0,0.0,1.0,0.8096666666666666,0,0,0.0,0,0,0,0,0,,,0,0,,,360,0.1,0,0.0,319,1275.0,1275.0,1275.0,0,0.0
missing_random_10pct,correlation_id_only_ablation,11258,600,24,0.25,1500,360,0,0,0,0,0,0,0,600,3600,3600,3600,960,600,319,0.5316666666666666,0.5316666666666666,0.5316666666666666,0.5316666666666666,0.5316666666666666,0.9,9000,7287,7287,1713,0.19033333333333333,0,0.0,1.0,0.8096666666666666,0,0,0.0,0,0,0,0,0,,,0,0,,,360,0.1,0,0.0,319,1275.0,1275.0,1275.0,0,0.0
missing_random_10pct,naive_temporal_window,11258,600,24,0.25,1500,360,0,0,0,0,0,0,0,600,3600,3600,3600,600,600,456,0.76,0.76,0.76,0.76,0.76,0.94,9000,9648,8352,648,0.072,1296,0.13432835820895522,0.8656716417910447,0.928,72,648,0.18,72,72,72,0,0,1.0,1.0,0,0,,,0,0.0,0,0.0,456,1275.0,1275.0,1275.0,0,0.0
missing_random_20pct,strict_service_plus_correlation,11258,600,24,0.25,1500,720,0,0,0,0,0,0,0,600,3600,3600,3600,1320,599,160,0.26666666666666666,0.26666666666666666,0.2671118530884808,0.26666666666666666,0.26688907422852376,0.8,9000,5764,5764,3236,0.3595555555555556,0,0.0,1.0,0.6404444444444445,0,0,0.0,0,0,0,0,0,,,0,0,,,720,0.2,0,0.0,160,1275.0,1275.0,1275.0,0,0.0
missing_random_20pct,correlation_id_only_ablation,11258,600,24,0.25,1500,720,0,0,0,0,0,0,0,600,3600,3600,3600,1320,599,160,0.26666666666666666,0.26666666666666666,0.2671118530884808,0.26666666666666666,0.26688907422852376,0.8,9000,5764,5764,3236,0.3595555555555556,0,0.0,1.0,0.6404444444444445,0,0,0.0,0,0,0,0,0,,,0,0,,,720,0.2,0,0.0,160,1275.0,1275.0,1275.0,0,0.0
missing_random_20pct,naive_temporal_window,11258,600,24,0.25,1500,720,0,0,0,0,0,0,0,600,3600,3600,3600,600,600,456,0.76,0.76,0.76,0.76,0.76,0.94,9000,9648,8352,648,0.072,1296,0.13432835820895522,0.8656716417910447,0.928,72,648,0.18,72,72,72,0,0,1.0,1.0,0,0,,,0,0.0,0,0.0,456,1275.0,1275.0,1275.0,0,0.0
wrong_id_same_service_1pct,strict_service_plus_correlation,11258,600,24,0.25,1500,0,36,0,0,0,0,0,0,600,3600,3600,3600,813,564,533,0.8883333333333333,0.8883333333333333,0.9450354609929078,0.8883333333333333,0.915807560137457,0.9408333333333333,9000,8297,8297,703,0.07811111111111112,0,0.0,1.0,0.9218888888888889,36,249,0.06916666666666667,0,36,36,0,0,1.0,1.0,0,0,,,249,0.06916666666666667,0,0.0,533,1275.0,1275.0,1275.0,0,0.0
wrong_id_same_service_1pct,correlation_id_only_ablation,11258,600,24,0.25,1500,0,36,0,0,0,0,0,0,600,3600,3600,3600,600,600,533,0.8883333333333333,0.8883333333333333,0.8883333333333333,0.8883333333333333,0.8883333333333333,0.99,9000,9035,8822,178,0.019777777777777776,213,0.023574986164914224,0.9764250138350857,0.9802222222222222,36,249,0.06916666666666667,36,36,36,0,0,1.0,1.0,0,0,,,0,0.0,0,0.0,533,1275.0,1275.0,1275.0,0,0.0
wrong_id_same_service_1pct,naive_temporal_window,11258,600,24,0.25,1500,0,36,0,0,0,0,0,0,600,3600,3600,3600,600,600,456,0.76,0.76,0.76,0.76,0.76,0.94,9000,9648,8352,648,0.072,1296,0.13432835820895522,0.8656716417910447,0.928,72,648,0.18,72,72,72,0,0,1.0,1.0,0,0,,,0,0.0,0,0.0,456,1275.0,1275.0,1275.0,0,0.0
wrong_id_same_service_5pct,strict_service_plus_correlation,11258,600,24,0.25,1500,0,180,0,0,0,0,0,0,600,3600,3600,3600,1531,443,315,0.525,0.525,0.7110609480812641,0.525,0.6040268456375839,0.7413888888888889,9000,5934,5934,3066,0.3406666666666667,0,0.0,1.0,0.6593333333333333,157,1088,0.3022222222222222,0,157,157,0,0,1.0,1.0,0,0,,,1088,0.3022222222222222,0,0.0,315,1275.0,1275.0,1275.0,0,0.0
wrong_id_same_service_5pct,correlation_id_only_ablation,11258,600,24,0.25,1500,0,180,0,0,0,0,0,0,600,3600,3600,3600,600,600,315,0.525,0.525,0.525,0.525,0.525,0.95,9000,9188,8122,878,0.09755555555555556,1066,0.11602089682194167,0.8839791031780584,0.9024444444444445,157,1088,0.3022222222222222,157,157,157,0,0,1.0,1.0,0,0,,,0,0.0,0,0.0,315,1275.0,1275.0,1275.0,0,0.0
wrong_id_same_service_5pct,naive_temporal_window,11258,600,24,0.25,1500,0,180,0,0,0,0,0,0,600,3600,3600,3600,600,600,456,0.76,0.76,0.76,0.76,0.76,0.94,9000,9648,8352,648,0.072,1296,0.13432835820895522,0.8656716417910447,0.928,72,648,0.18,72,72,72,0,0,1.0,1.0,0,0,,,0,0.0,0,0.0,456,1275.0,1275.0,1275.0,0,0.0
wrong_id_same_service_10pct,strict_service_plus_correlation,11258,600,24,0.25,1500,0,360,0,0,0,0,0,0,600,3600,3600,3600,2226,318,165,0.275,0.275,0.5188679245283019,0.275,0.35947712418300654,0.5483333333333333,9000,3764,3764,5236,0.5817777777777777,0,0.0,1.0,0.4182222222222222,282,1908,0.53,0,282,282,0,0,1.0,1.0,0,0,,,1908,0.53,0,0.0,165,1275.0,1275.0,1275.0,0,0.0
wrong_id_same_service_10pct,correlation_id_only_ablation,11258,600,24,0.25,1500,0,360,0,0,0,0,0,0,600,3600,3600,3600,600,600,165,0.275,0.275,0.275,0.275,0.275,0.9,9000,9387,7312,1688,0.18755555555555556,2075,0.22105038883562372,0.7789496111643762,0.8124444444444444,282,1908,0.53,282,282,282,0,0,1.0,1.0,0,0,,,0,0.0,0,0.0,165,1275.0,1275.0,1275.0,0,0.0
wrong_id_same_service_10pct,naive_temporal_window,11258,600,24,0.25,1500,0,360,0,0,0,0,0,0,600,3600,3600,3600,600,600,456,0.76,0.76,0.76,0.76,0.76,0.94,9000,9648,8352,648,0.072,1296,0.13432835820895522,0.8656716417910447,0.928,72,648,0.18,72,72,72,0,0,1.0,1.0,0,0,,,0,0.0,0,0.0,456,1275.0,1275.0,1275.0,0,0.0
wrong_id_same_service_20pct,strict_service_plus_correlation,11258,600,24,0.25,1500,0,720,0,0,0,0,0,0,600,3600,3600,3600,2877,187,43,0.07166666666666667,0.07166666666666667,0.22994652406417113,0.07166666666666667,0.10927573062261753,0.3675,9000,1833,1833,7167,0.7963333333333333,0,0.0,1.0,0.20366666666666666,413,2690,0.7472222222222222,0,413,413,0,0,1.0,1.0,0,0,,,2690,0.7472222222222222,0,0.0,43,1275.0,1275.0,1275.0,0,0.0
wrong_id_same_service_20pct,correlation_id_only_ablation,11258,600,24,0.25,1500,0,720,0,0,0,0,0,0,600,3600,3600,3600,600,600,43,0.07166666666666667,0.07166666666666667,0.07166666666666667,0.07166666666666667,0.07166666666666667,0.8,9000,9649,5766,3234,0.35933333333333334,3883,0.40242512177427714,0.5975748782257229,0.6406666666666667,413,2690,0.7472222222222222,413,413,413,0,0,1.0,1.0,0,0,,,0,0.0,0,0.0,43,1275.0,1275.0,1275.0,0,0.0
wrong_id_same_service_20pct,naive_temporal_window,11258,600,24,0.25,1500,0,720,0,0,0,0,0,0,600,3600,3600,3600,600,600,456,0.76,0.76,0.76,0.76,0.76,0.94,9000,9648,8352,648,0.072,1296,0.13432835820895522,0.8656716417910447,0.928,72,648,0.18,72,72,72,0,0,1.0,1.0,0,0,,,0,0.0,0,0.0,456,1275.0,1275.0,1275.0,0,0.0
missing_plane_deployment,strict_service_plus_correlation,11258,600,24,0.25,1500,600,0,0,0,0,0,0,0,600,3600,3600,3600,1200,600,0,0.0,0.0,0.0,0.0,0.0,0.8333333333333334,9000,6000,6000,3000,0.3333333333333333,0,0.0,1.0,0.6666666666666666,0,0,0.0,0,0,0,0,0,,,0,0,,,600,0.16666666666666666,0,0.0,0,,,,0,0.0
missing_plane_deployment,correlation_id_only_ablation,11258,600,24,0.25,1500,600,0,0,0,0,0,0,0,600,3600,3600,3600,1200,600,0,0.0,0.0,0.0,0.0,0.0,0.8333333333333334,9000,6000,6000,3000,0.3333333333333333,0,0.0,1.0,0.6666666666666666,0,0,0.0,0,0,0,0,0,,,0,0,,,600,0.16666666666666666,0,0.0,0,,,,0,0.0
missing_plane_deployment,naive_temporal_window,11258,600,24,0.25,1500,600,0,0,0,0,0,0,0,600,3600,3600,3600,600,600,456,0.76,0.76,0.76,0.76,0.76,0.94,9000,9648,8352,648,0.072,1296,0.13432835820895522,0.8656716417910447,0.928,72,648,0.18,72,72,72,0,0,1.0,1.0,0,0,,,0,0.0,0,0.0,456,1275.0,1275.0,1275.0,0,0.0
missing_plane_identity,strict_service_plus_correlation,11258,600,24,0.25,1500,600,0,0,0,0,0,0,0,600,3600,3600,3600,1200,600,0,0.0,0.0,0.0,0.0,0.0,0.8333333333333334,9000,6000,6000,3000,0.3333333333333333,0,0.0,1.0,0.6666666666666666,0,0,0.0,0,0,0,0,0,,,0,0,,,600,0.16666666666666666,0,0.0,0,,,,0,0.0
missing_plane_identity,correlation_id_only_ablation,11258,600,24,0.25,1500,600,0,0,0,0,0,0,0,600,3600,3600,3600,1200,600,0,0.0,0.0,0.0,0.0,0.0,0.8333333333333334,9000,6000,6000,3000,0.3333333333333333,0,0.0,1.0,0.6666666666666666,0,0,0.0,0,0,0,0,0,,,0,0,,,600,0.16666666666666666,0,0.0,0,,,,0,0.0
missing_plane_identity,naive_temporal_window,11258,600,24,0.25,1500,600,0,0,0,0,0,0,0,600,3600,3600,3600,600,600,456,0.76,0.76,0.76,0.76,0.76,0.94,9000,9648,8352,648,0.072,1296,0.13432835820895522,0.8656716417910447,0.928,72,648,0.18,72,72,72,0,0,1.0,1.0,0,0,,,0,0.0,0,0.0,456,1275.0,1275.0,1275.0,0,0.0
missing_plane_policy,strict_service_plus_correlation,11258,600,24,0.25,1500,600,0,0,0,0,0,0,0,600,3600,3600,3600,1200,600,0,0.0,0.0,0.0,0.0,0.0,0.8333333333333334,9000,6000,6000,3000,0.3333333333333333,0,0.0,1.0,0.6666666666666666,0,0,0.0,0,0,0,0,0,,,0,0,,,600,0.16666666666666666,0,0.0,0,,,,0,0.0
missing_plane_policy,correlation_id_only_ablation,11258,600,24,0.25,1500,600,0,0,0,0,0,0,0,600,3600,3600,3600,1200,600,0,0.0,0.0,0.0,0.0,0.0,0.8333333333333334,9000,6000,6000,3000,0.3333333333333333,0,0.0,1.0,0.6666666666666666,0,0,0.0,0,0,0,0,0,,,0,0,,,600,0.16666666666666666,0,0.0,0,,,,0,0.0
missing_plane_policy,naive_temporal_window,11258,600,24,0.25,1500,600,0,0,0,0,0,0,0,600,3600,3600,3600,600,600,456,0.76,0.76,0.76,0.76,0.76,0.94,9000,9648,8352,648,0.072,1296,0.13432835820895522,0.8656716417910447,0.928,72,648,0.18,72,72,72,0,0,1.0,1.0,0,0,,,0,0.0,0,0.0,456,1275.0,1275.0,1275.0,0,0.0
missing_plane_telemetry,strict_service_plus_correlation,11258,600,24,0.25,1500,600,0,0,0,0,0,0,0,600,3600,3600,3600,1200,600,0,0.0,0.0,0.0,0.0,0.0,0.8333333333333334,9000,6000,6000,3000,0.3333333333333333,0,0.0,1.0,0.6666666666666666,0,0,0.0,0,0,0,0,0,,,0,0,,,600,0.16666666666666666,0,0.0,0,,,,0,0.0
missing_plane_telemetry,correlation_id_only_ablation,11258,600,24,0.25,1500,600,0,0,0,0,0,0,0,600,3600,3600,3600,1200,600,0,0.0,0.0,0.0,0.0,0.0,0.8333333333333334,9000,6000,6000,3000,0.3333333333333333,0,0.0,1.0,0.6666666666666666,0,0,0.0,0,0,0,0,0,,,0,0,,,600,0.16666666666666666,0,0.0,0,,,,0,0.0
missing_plane_telemetry,naive_temporal_window,11258,600,24,0.25,1500,600,0,0,0,0,0,0,0,600,3600,3600,3600,600,600,456,0.76,0.76,0.76,0.76,0.76,0.94,9000,9648,8352,648,0.072,1296,0.13432835820895522,0.8656716417910447,0.928,72,648,0.18,72,72,72,0,0,1.0,1.0,0,0,,,0,0.0,0,0.0,456,1275.0,1275.0,1275.0,0,0.0
missing_plane_incident,strict_service_plus_correlation,11258,600,24,0.25,1500,600,0,0,0,0,0,0,0,600,3600,3600,3600,1200,600,0,0.0,0.0,0.0,0.0,0.0,0.8333333333333334,9000,6000,6000,3000,0.3333333333333333,0,0.0,1.0,0.6666666666666666,0,0,0.0,0,0,0,0,0,,,0,0,,,600,0.16666666666666666,0,0.0,0,,,,0,0.0
missing_plane_incident,correlation_id_only_ablation,11258,600,24,0.25,1500,600,0,0,0,0,0,0,0,600,3600,3600,3600,1200,600,0,0.0,0.0,0.0,0.0,0.0,0.8333333333333334,9000,6000,6000,3000,0.3333333333333333,0,0.0,1.0,0.6666666666666666,0,0,0.0,0,0,0,0,0,,,0,0,,,600,0.16666666666666666,0,0.0,0,,,,0,0.0
missing_plane_incident,naive_temporal_window,11258,600,24,0.25,1500,600,0,0,0,0,0,0,0,600,3600,3600,3600,600,600,456,0.76,0.76,0.76,0.76,0.76,0.94,9000,9648,8352,648,0.072,1296,0.13432835820895522,0.8656716417910447,0.928,72,648,0.18,72,72,72,0,0,1.0,1.0,0,0,,,0,0.0,0,0.0,456,1275.0,1275.0,1275.0,0,0.0
missing_plane_recovery,strict_service_plus_correlation,11258,600,24,0.25,1500,600,0,0,0,0,0,0,0,600,3600,3600,3600,1200,600,0,0.0,0.0,0.0,0.0,0.0,0.8333333333333334,9000,6000,6000,3000,0.3333333333333333,0,0.0,1.0,0.6666666666666666,0,0,0.0,0,0,0,0,0,,,0,0,,,600,0.16666666666666666,0,0.0,0,,,,0,0.0
missing_plane_recovery,correlation_id_only_ablation,11258,600,24,0.25,1500,600,0,0,0,0,0,0,0,600,3600,3600,3600,1200,600,0,0.0,0.0,0.0,0.0,0.0,0.8333333333333334,9000,6000,6000,3000,0.3333333333333333,0,0.0,1.0,0.6666666666666666,0,0,0.0,0,0,0,0,0,,,0,0,,,600,0.16666666666666666,0,0.0,0,,,,0,0.0
missing_plane_recovery,naive_temporal_window,11258,600,24,0.25,1500,600,0,0,0,0,0,0,0,600,3600,3600,3600,600,600,456,0.76,0.76,0.76,0.76,0.76,0.94,9000,9648,8352,648,0.072,1296,0.13432835820895522,0.8656716417910447,0.928,72,648,0.18,72,72,72,0,0,1.0,1.0,0,0,,,0,0.0,0,0.0,456,1275.0,1275.0,1275.0,0,0.0
collision_same_service_1pct,strict_service_plus_correlation,11258,600,24,0.25,1500,0,0,6,0,0,0,0,0,600,3600,3600,3600,660,588,588,0.98,0.98,1.0,0.98,0.98989898989899,0.9833333333333333,9000,8820,8820,180,0.02,0,0.0,1.0,0.98,6,72,0.02,0,6,6,0,0,1.0,1.0,0,0,,,72,0.02,0,0.0,588,1275.0,1275.0,1275.0,0,0.0
collision_same_service_1pct,correlation_id_only_ablation,11258,600,24,0.25,1500,0,0,6,0,0,0,0,0,600,3600,3600,3600,594,594,588,0.98,0.98,0.98989898989899,0.98,0.9849246231155778,1.0,9000,9216,9000,0,0.0,216,0.0234375,0.9765625,1.0,6,72,0.02,6,6,6,0,0,1.0,1.0,0,0,,,0,0.0,0,0.0,588,1275.0,1275.0,1275.0,0,0.0
collision_same_service_1pct,naive_temporal_window,11258,600,24,0.25,1500,0,0,6,0,0,0,0,0,600,3600,3600,3600,600,600,456,0.76,0.76,0.76,0.76,0.76,0.94,9000,9648,8352,648,0.072,1296,0.13432835820895522,0.8656716417910447,0.928,72,648,0.18,72,72,72,0,0,1.0,1.0,0,0,,,0,0.0,0,0.0,456,1275.0,1275.0,1275.0,0,0.0
collision_same_service_5pct,strict_service_plus_correlation,11258,600,24,0.25,1500,0,0,30,0,0,0,0,0,600,3600,3600,3600,900,540,540,0.9,0.9,1.0,0.9,0.9473684210526316,0.9166666666666666,9000,8100,8100,900,0.1,0,0.0,1.0,0.9,30,360,0.1,0,30,30,0,0,1.0,1.0,0,0,,,360,0.1,0,0.0,540,1275.0,1275.0,1275.0,0,0.0
collision_same_service_5pct,correlation_id_only_ablation,11258,600,24,0.25,1500,0,0,30,0,0,0,0,0,600,3600,3600,3600,570,570,540,0.9,0.9,0.9473684210526315,0.9,0.9230769230769231,1.0,9000,10080,9000,0,0.0,1080,0.10714285714285714,0.8928571428571429,1.0,30,360,0.1,30,30,30,0,0,1.0,1.0,0,0,,,0,0.0,0,0.0,540,1275.0,1275.0,1275.0,0,0.0
collision_same_service_5pct,naive_temporal_window,11258,600,24,0.25,1500,0,0,30,0,0,0,0,0,600,3600,3600,3600,600,600,456,0.76,0.76,0.76,0.76,0.76,0.94,9000,9648,8352,648,0.072,1296,0.13432835820895522,0.8656716417910447,0.928,72,648,0.18,72,72,72,0,0,1.0,1.0,0,0,,,0,0.0,0,0.0,456,1275.0,1275.0,1275.0,0,0.0
collision_same_service_10pct,strict_service_plus_correlation,11258,600,24,0.25,1500,0,0,60,0,0,0,0,0,600,3600,3600,3600,1200,480,480,0.8,0.8,1.0,0.8,0.888888888888889,0.8333333333333334,9000,7200,7200,1800,0.2,0,0.0,1.0,0.8,60,720,0.2,0,60,60,0,0,1.0,1.0,0,0,,,720,0.2,0,0.0,480,1275.0,1275.0,1275.0,0,0.0
collision_same_service_10pct,correlation_id_only_ablation,11258,600,24,0.25,1500,0,0,60,0,0,0,0,0,600,3600,3600,3600,540,540,480,0.8,0.8,0.8888888888888888,0.8,0.8421052631578948,1.0,9000,11160,9000,0,0.0,2160,0.1935483870967742,0.8064516129032258,1.0,60,720,0.2,60,60,60,0,0,1.0,1.0,0,0,,,0,0.0,0,0.0,480,1275.0,1275.0,1275.0,0,0.0
collision_same_service_10pct,naive_temporal_window,11258,600,24,0.25,1500,0,0,60,0,0,0,0,0,600,3600,3600,3600,600,600,456,0.76,0.76,0.76,0.76,0.76,0.94,9000,9648,8352,648,0.072,1296,0.13432835820895522,0.8656716417910447,0.928,72,648,0.18,72,72,72,0,0,1.0,1.0,0,0,,,0,0.0,0,0.0,456,1275.0,1275.0,1275.0,0,0.0
collision_cross_service_5pct,strict_service_plus_correlation,11258,600,24,0.25,1500,0,0,30,0,0,0,0,0,600,3600,3600,3600,600,600,600,1.0,1.0,1.0,1.0,1.0,1.0,9000,9000,9000,0,0.0,0,0.0,1.0,1.0,0,0,0.0,0,0,0,0,0,,,0,0,,,0,0.0,0,0.0,600,1275.0,1275.0,1275.0,0,0.0
collision_cross_service_5pct,correlation_id_only_ablation,11258,600,24,0.25,1500,0,0,30,0,0,0,0,0,600,3600,3600,3600,570,570,540,0.9,0.9,0.9473684210526315,0.9,0.9230769230769231,1.0,9000,10080,9000,0,0.0,1080,0.10714285714285714,0.8928571428571429,1.0,30,360,0.1,30,30,30,0,0,1.0,1.0,0,0,,,0,0.0,0,0.0,540,1275.0,1275.0,1275.0,0,0.0
collision_cross_service_5pct,naive_temporal_window,11258,600,24,0.25,1500,0,0,30,0,0,0,0,0,600,3600,3600,3600,600,600,456,0.76,0.76,0.76,0.76,0.76,0.94,9000,9648,8352,648,0.072,1296,0.13432835820895522,0.8656716417910447,0.928,72,648,0.18,72,72,72,0,0,1.0,1.0,0,0,,,0,0.0,0,0.0,456,1275.0,1275.0,1275.0,0,0.0
duplicate_exact_10pct,strict_service_plus_correlation,11258,600,24,0.25,1500,0,0,0,360,0,0,0,0,600,3600,3600,3960,600,600,600,1.0,1.0,1.0,1.0,1.0,1.0,9000,9000,9000,0,0.0,0,0.0,1.0,1.0,0,0,0.0,0,0,0,0,0,,,0,0,,,0,0.0,360,0.09090909090909091,600,1275.0,1275.0,1275.0,0,0.0
duplicate_exact_10pct,correlation_id_only_ablation,11258,600,24,0.25,1500,0,0,0,360,0,0,0,0,600,3600,3600,3960,600,600,600,1.0,1.0,1.0,1.0,1.0,1.0,9000,9000,9000,0,0.0,0,0.0,1.0,1.0,0,0,0.0,0,0,0,0,0,,,0,0,,,0,0.0,360,0.09090909090909091,600,1275.0,1275.0,1275.0,0,0.0
duplicate_exact_10pct,naive_temporal_window,11258,600,24,0.25,1500,0,0,0,360,0,0,0,0,600,3600,3600,3960,600,600,456,0.76,0.76,0.76,0.76,0.76,0.94,9000,9648,8352,648,0.072,1296,0.13432835820895522,0.8656716417910447,0.928,72,648,0.18,72,72,72,0,0,1.0,1.0,0,0,,,0,0.0,360,0.09090909090909091,456,1275.0,1275.0,1275.0,0,0.0
duplicate_source_conflict_5pct,strict_service_plus_correlation,11258,600,24,0.25,1500,0,0,0,0,180,0,0,0,600,3600,3600,3780,960,600,437,0.7283333333333334,0.7283333333333334,0.7283333333333334,0.7283333333333334,0.7283333333333334,0.95,9000,8119,8119,881,0.09788888888888889,0,0.0,1.0,0.9021111111111111,0,0,0.0,0,0,0,0,0,,,180,180,1.0,1.0,360,0.09523809523809523,0,0.0,437,1275.0,1275.0,1275.0,0,0.0
duplicate_source_conflict_5pct,correlation_id_only_ablation,11258,600,24,0.25,1500,0,0,0,0,180,0,0,0,600,3600,3600,3780,600,600,437,0.7283333333333334,0.7283333333333334,0.7283333333333334,0.7283333333333334,0.7283333333333334,1.0,9000,10099,9000,0,0.0,1099,0.10882265570848598,0.891177344291514,1.0,0,0,0.0,0,163,0,163,0,0.0,,180,180,1.0,1.0,0,0.0,0,0.0,437,1275.0,1275.0,1275.0,0,0.0
duplicate_source_conflict_5pct,naive_temporal_window,11258,600,24,0.25,1500,0,0,0,0,180,0,0,0,600,3600,3600,3780,600,600,332,0.5533333333333333,0.5533333333333333,0.5533333333333333,0.5533333333333333,0.5533333333333333,0.94,9000,10832,8352,648,0.072,2480,0.22895125553914328,0.7710487444608567,0.928,72,648,0.18,72,203,72,131,0,0.35467980295566504,1.0,180,180,1.0,1.0,0,0.0,0,0.0,332,1275.0,1275.0,1275.0,0,0.0
clock_skew_random_10pct_5s,strict_service_plus_correlation,11258,600,24,0.25,1500,0,0,0,0,0,360,0,0,600,3600,3600,3600,1950,330,330,0.55,0.55,1.0,0.55,0.7096774193548387,0.625,9000,4950,4950,4050,0.45,0,0.0,1.0,0.55,0,0,0.0,0,270,0,270,0,0.0,,0,0,,,1620,0.45,0,0.0,330,1275.0,1275.0,1275.0,0,0.0
clock_skew_random_10pct_5s,correlation_id_only_ablation,11258,600,24,0.25,1500,0,0,0,0,0,360,0,0,600,3600,3600,3600,600,600,600,1.0,1.0,1.0,1.0,1.0,1.0,9000,9000,9000,0,0.0,0,0.0,1.0,1.0,0,0,0.0,0,270,0,270,0,0.0,,0,0,,,0,0.0,0,0.0,600,1275.0,1275.0,1275.0,0,0.0
clock_skew_random_10pct_5s,naive_temporal_window,11258,600,24,0.25,1500,0,0,0,0,0,360,0,0,600,3600,3600,3600,869,671,251,0.41833333333333333,0.41833333333333333,0.3740685543964232,0.41833333333333333,0.3949645948072384,0.8525,9000,7996,6843,2157,0.23966666666666667,1153,0.14419709854927465,0.8558029014507254,0.7603333333333333,111,684,0.19,111,90,90,0,21,1.0,0.8108108108108109,0,0,,,0,0.0,0,0.0,251,1275.0,1275.0,1275.0,0,0.0
late_arrival_10pct_30s,strict_service_plus_correlation,11258,600,24,0.25,1500,0,0,0,0,0,0,360,0,600,3600,3600,3600,600,600,600,1.0,1.0,1.0,1.0,1.0,1.0,9000,9000,9000,0,0.0,0,0.0,1.0,1.0,0,0,0.0,0,0,0,0,0,,,0,0,,,0,0.0,0,0.0,600,1275.0,31275.0,31275.0,131720,0.020332808496187214
late_arrival_10pct_30s,correlation_id_only_ablation,11258,600,24,0.25,1500,0,0,0,0,0,0,360,0,600,3600,3600,3600,600,600,600,1.0,1.0,1.0,1.0,1.0,1.0,9000,9000,9000,0,0.0,0,0.0,1.0,1.0,0,0,0.0,0,0,0,0,0,,,0,0,,,0,0.0,0,0.0,600,1275.0,31275.0,31275.0,131720,0.020332808496187214
late_arrival_10pct_30s,naive_temporal_window,11258,600,24,0.25,1500,0,0,0,0,0,0,360,0,600,3600,3600,3600,600,600,456,0.76,0.76,0.76,0.76,0.76,0.94,9000,9648,8352,648,0.072,1296,0.13432835820895522,0.8656716417910447,0.928,72,648,0.18,72,72,72,0,0,1.0,1.0,0,0,,,0,0.0,0,0.0,456,1275.0,31275.0,31275.0,131720,0.020332808496187214
out_of_order_jitter_3s,strict_service_plus_correlation,11258,600,24,0.25,1500,0,0,0,0,0,0,0,3600,600,3600,3600,3600,600,600,600,1.0,1.0,1.0,1.0,1.0,1.0,9000,9000,9000,0,0.0,0,0.0,1.0,1.0,0,0,0.0,0,0,0,0,0,,,0,0,,,0,0.0,0,0.0,600,3473.5,4146.15,4270.0,89968,0.013887808341823345
out_of_order_jitter_3s,correlation_id_only_ablation,11258,600,24,0.25,1500,0,0,0,0,0,0,0,3600,600,3600,3600,3600,600,600,600,1.0,1.0,1.0,1.0,1.0,1.0,9000,9000,9000,0,0.0,0,0.0,1.0,1.0,0,0,0.0,0,0,0,0,0,,,0,0,,,0,0.0,0,0.0,600,3473.5,4146.15,4270.0,89968,0.013887808341823345
out_of_order_jitter_3s,naive_temporal_window,11258,600,24,0.25,1500,0,0,0,0,0,0,0,3600,600,3600,3600,3600,600,600,456,0.76,0.76,0.76,0.76,0.76,0.94,9000,9648,8352,648,0.072,1296,0.13432835820895522,0.8656716417910447,0.928,72,648,0.18,72,72,72,0,0,1.0,1.0,0,0,,,0,0.0,0,0.0,456,3478.5,4163.25,4270.0,89968,0.013887808341823345
compound_adversarial,strict_service_plus_correlation,11258,600,24,0.25,1500,360,0,30,0,0,0,360,3600,600,3600,3600,3600,1232,540,281,0.4683333333333333,0.4683333333333333,0.5203703703703704,0.4683333333333333,0.4929824561403509,0.8244444444444444,9000,6527,6527,2473,0.2747777777777778,0,0.0,1.0,0.7252222222222222,30,332,0.09222222222222222,0,30,30,0,0,1.0,1.0,0,0,,,692,0.1922222222222222,0,0.0,281,4101.0,33610.0,34274.0,204730,0.03160291438979963
compound_adversarial,correlation_id_only_ablation,11258,600,24,0.25,1500,360,0,30,0,0,0,360,3600,600,3600,3600,3600,930,570,281,0.4683333333333333,0.4683333333333333,0.49298245614035086,0.4683333333333333,0.48034188034188036,0.9,9000,8213,7292,1708,0.18977777777777777,921,0.11213929136734445,0.8878607086326555,0.8102222222222222,30,332,0.09222222222222222,30,30,30,0,0,1.0,1.0,0,0,,,360,0.1,0,0.0,281,4101.0,33610.0,34274.0,204730,0.03160291438979963
compound_adversarial,naive_temporal_window,11258,600,24,0.25,1500,360,0,30,0,0,0,360,3600,600,3600,3600,3600,600,600,456,0.76,0.76,0.76,0.76,0.76,0.94,9000,9648,8352,648,0.072,1296,0.13432835820895522,0.8656716417910447,0.928,72,648,0.18,72,72,72,0,0,1.0,1.0,0,0,,,0,0.0,0,0.0,456,4161.5,33636.0,34274.0,204730,0.03160291438979963
control,strict_service_plus_correlation,11359,600,24,0.25,1500,0,0,0,0,0,0,0,0,600,3600,3600,3600,600,600,600,1.0,1.0,1.0,1.0,1.0,1.0,9000,9000,9000,0,0.0,0,0.0,1.0,1.0,0,0,0.0,0,0,0,0,0,,,0,0,,,0,0.0,0,0.0,600,1275.0,1275.0,1275.0,0,0.0
control,correlation_id_only_ablation,11359,600,24,0.25,1500,0,0,0,0,0,0,0,0,600,3600,3600,3600,600,600,600,1.0,1.0,1.0,1.0,1.0,1.0,9000,9000,9000,0,0.0,0,0.0,1.0,1.0,0,0,0.0,0,0,0,0,0,,,0,0,,,0,0.0,0,0.0,600,1275.0,1275.0,1275.0,0,0.0
control,naive_temporal_window,11359,600,24,0.25,1500,0,0,0,0,0,0,0,0,600,3600,3600,3600,600,600,456,0.76,0.76,0.76,0.76,0.76,0.94,9000,9648,8352,648,0.072,1296,0.13432835820895522,0.8656716417910447,0.928,72,648,0.18,72,72,72,0,0,1.0,1.0,0,0,,,0,0.0,0,0.0,456,1275.0,1275.0,1275.0,0,0.0
missing_random_1pct,strict_service_plus_correlation,11359,600,24,0.25,1500,36,0,0,0,0,0,0,0,600,3600,3600,3600,636,600,565,0.9416666666666667,0.9416666666666667,0.9416666666666667,0.9416666666666667,0.9416666666666667,0.99,9000,8821,8821,179,0.01988888888888889,0,0.0,1.0,0.9801111111111112,0,0,0.0,0,0,0,0,0,,,0,0,,,36,0.01,0,0.0,565,1275.0,1275.0,1275.0,0,0.0
missing_random_1pct,correlation_id_only_ablation,11359,600,24,0.25,1500,36,0,0,0,0,0,0,0,600,3600,3600,3600,636,600,565,0.9416666666666667,0.9416666666666667,0.9416666666666667,0.9416666666666667,0.9416666666666667,0.99,9000,8821,8821,179,0.01988888888888889,0,0.0,1.0,0.9801111111111112,0,0,0.0,0,0,0,0,0,,,0,0,,,36,0.01,0,0.0,565,1275.0,1275.0,1275.0,0,0.0
missing_random_1pct,naive_temporal_window,11359,600,24,0.25,1500,36,0,0,0,0,0,0,0,600,3600,3600,3600,600,600,456,0.76,0.76,0.76,0.76,0.76,0.94,9000,9648,8352,648,0.072,1296,0.13432835820895522,0.8656716417910447,0.928,72,648,0.18,72,72,72,0,0,1.0,1.0,0,0,,,0,0.0,0,0.0,456,1275.0,1275.0,1275.0,0,0.0
missing_random_5pct,strict_service_plus_correlation,11359,600,24,0.25,1500,180,0,0,0,0,0,0,0,600,3600,3600,3600,780,600,439,0.7316666666666667,0.7316666666666667,0.7316666666666667,0.7316666666666667,0.7316666666666667,0.95,9000,8120,8120,880,0.09777777777777778,0,0.0,1.0,0.9022222222222223,0,0,0.0,0,0,0,0,0,,,0,0,,,180,0.05,0,0.0,439,1275.0,1275.0,1275.0,0,0.0
missing_random_5pct,correlation_id_only_ablation,11359,600,24,0.25,1500,180,0,0,0,0,0,0,0,600,3600,3600,3600,780,600,439,0.7316666666666667,0.7316666666666667,0.7316666666666667,0.7316666666666667,0.7316666666666667,0.95,9000,8120,8120,880,0.09777777777777778,0,0.0,1.0,0.9022222222222223,0,0,0.0,0,0,0,0,0,,,0,0,,,180,0.05,0,0.0,439,1275.0,1275.0,1275.0,0,0.0
missing_random_5pct,naive_temporal_window,11359,600,24,0.25,1500,180,0,0,0,0,0,0,0,600,3600,3600,3600,600,600,456,0.76,0.76,0.76,0.76,0.76,0.94,9000,9648,8352,648,0.072,1296,0.13432835820895522,0.8656716417910447,0.928,72,648,0.18,72,72,72,0,0,1.0,1.0,0,0,,,0,0.0,0,0.0,456,1275.0,1275.0,1275.0,0,0.0
missing_random_10pct,strict_service_plus_correlation,11359,600,24,0.25,1500,360,0,0,0,0,0,0,0,600,3600,3600,3600,960,600,318,0.53,0.53,0.53,0.53,0.53,0.9,9000,7286,7286,1714,0.19044444444444444,0,0.0,1.0,0.8095555555555556,0,0,0.0,0,0,0,0,0,,,0,0,,,360,0.1,0,0.0,318,1275.0,1275.0,1275.0,0,0.0
missing_random_10pct,correlation_id_only_ablation,11359,600,24,0.25,1500,360,0,0,0,0,0,0,0,600,3600,3600,3600,960,600,318,0.53,0.53,0.53,0.53,0.53,0.9,9000,7286,7286,1714,0.19044444444444444,0,0.0,1.0,0.8095555555555556,0,0,0.0,0,0,0,0,0,,,0,0,,,360,0.1,0,0.0,318,1275.0,1275.0,1275.0,0,0.0
missing_random_10pct,naive_temporal_window,11359,600,24,0.25,1500,360,0,0,0,0,0,0,0,600,3600,3600,3600,600,600,456,0.76,0.76,0.76,0.76,0.76,0.94,9000,9648,8352,648,0.072,1296,0.13432835820895522,0.8656716417910447,0.928,72,648,0.18,72,72,72,0,0,1.0,1.0,0,0,,,0,0.0,0,0.0,456,1275.0,1275.0,1275.0,0,0.0
missing_random_20pct,strict_service_plus_correlation,11359,600,24,0.25,1500,720,0,0,0,0,0,0,0,600,3600,3600,3600,1320,598,159,0.265,0.265,0.26588628762541805,0.265,0.2654424040066778,0.8,9000,5767,5767,3233,0.3592222222222222,0,0.0,1.0,0.6407777777777778,0,0,0.0,0,0,0,0,0,,,0,0,,,720,0.2,0,0.0,159,1275.0,1275.0,1275.0,0,0.0
missing_random_20pct,correlation_id_only_ablation,11359,600,24,0.25,1500,720,0,0,0,0,0,0,0,600,3600,3600,3600,1320,598,159,0.265,0.265,0.26588628762541805,0.265,0.2654424040066778,0.8,9000,5767,5767,3233,0.3592222222222222,0,0.0,1.0,0.6407777777777778,0,0,0.0,0,0,0,0,0,,,0,0,,,720,0.2,0,0.0,159,1275.0,1275.0,1275.0,0,0.0
missing_random_20pct,naive_temporal_window,11359,600,24,0.25,1500,720,0,0,0,0,0,0,0,600,3600,3600,3600,600,600,456,0.76,0.76,0.76,0.76,0.76,0.94,9000,9648,8352,648,0.072,1296,0.13432835820895522,0.8656716417910447,0.928,72,648,0.18,72,72,72,0,0,1.0,1.0,0,0,,,0,0.0,0,0.0,456,1275.0,1275.0,1275.0,0,0.0
wrong_id_same_service_1pct,strict_service_plus_correlation,11359,600,24,0.25,1500,0,36,0,0,0,0,0,0,600,3600,3600,3600,813,564,531,0.885,0.885,0.9414893617021277,0.885,0.9123711340206185,0.9408333333333333,9000,8295,8295,705,0.07833333333333334,0,0.0,1.0,0.9216666666666666,36,249,0.06916666666666667,0,36,36,0,0,1.0,1.0,0,0,,,249,0.06916666666666667,0,0.0,531,1275.0,1275.0,1275.0,0,0.0
wrong_id_same_service_1pct,correlation_id_only_ablation,11359,600,24,0.25,1500,0,36,0,0,0,0,0,0,600,3600,3600,3600,600,600,531,0.885,0.885,0.885,0.885,0.885,0.99,9000,9033,8820,180,0.02,213,0.023580205911657257,0.9764197940883428,0.98,36,249,0.06916666666666667,36,36,36,0,0,1.0,1.0,0,0,,,0,0.0,0,0.0,531,1275.0,1275.0,1275.0,0,0.0
wrong_id_same_service_1pct,naive_temporal_window,11359,600,24,0.25,1500,0,36,0,0,0,0,0,0,600,3600,3600,3600,600,600,456,0.76,0.76,0.76,0.76,0.76,0.94,9000,9648,8352,648,0.072,1296,0.13432835820895522,0.8656716417910447,0.928,72,648,0.18,72,72,72,0,0,1.0,1.0,0,0,,,0,0.0,0,0.0,456,1275.0,1275.0,1275.0,0,0.0
wrong_id_same_service_5pct,strict_service_plus_correlation,11359,600,24,0.25,1500,0,180,0,0,0,0,0,0,600,3600,3600,3600,1528,441,323,0.5383333333333333,0.5383333333333333,0.7324263038548753,0.5383333333333333,0.6205571565802114,0.7422222222222222,9000,5967,5967,3033,0.337,0,0.0,1.0,0.663,159,1087,0.30194444444444446,0,159,159,0,0,1.0,1.0,0,0,,,1087,0.30194444444444446,0,0.0,323,1275.0,1275.0,1275.0,0,0.0
wrong_id_same_service_5pct,correlation_id_only_ablation,11359,600,24,0.25,1500,0,180,0,0,0,0,0,0,600,3600,3600,3600,600,600,323,0.5383333333333333,0.5383333333333333,0.5383333333333333,0.5383333333333333,0.5383333333333333,0.95,9000,9171,8122,878,0.09755555555555556,1049,0.11438229200741468,0.8856177079925853,0.9024444444444445,159,1087,0.30194444444444446,159,159,159,0,0,1.0,1.0,0,0,,,0,0.0,0,0.0,323,1275.0,1275.0,1275.0,0,0.0
wrong_id_same_service_5pct,naive_temporal_window,11359,600,24,0.25,1500,0,180,0,0,0,0,0,0,600,3600,3600,3600,600,600,456,0.76,0.76,0.76,0.76,0.76,0.94,9000,9648,8352,648,0.072,1296,0.13432835820895522,0.8656716417910447,0.928,72,648,0.18,72,72,72,0,0,1.0,1.0,0,0,,,0,0.0,0,0.0,456,1275.0,1275.0,1275.0,0,0.0
wrong_id_same_service_10pct,strict_service_plus_correlation,11359,600,24,0.25,1500,0,360,0,0,0,0,0,0,600,3600,3600,3600,2112,337,176,0.29333333333333333,0.29333333333333333,0.5222551928783383,0.29333333333333333,0.3756670224119531,0.58,9000,4110,4110,4890,0.5433333333333333,0,0.0,1.0,0.45666666666666667,263,1775,0.4930555555555556,0,263,263,0,0,1.0,1.0,0,0,,,1775,0.4930555555555556,0,0.0,176,1275.0,1275.0,1275.0,0,0.0
wrong_id_same_service_10pct,correlation_id_only_ablation,11359,600,24,0.25,1500,0,360,0,0,0,0,0,0,600,3600,3600,3600,600,600,176,0.29333333333333333,0.29333333333333333,0.29333333333333333,0.29333333333333333,0.29333333333333333,0.9,9000,9335,7291,1709,0.18988888888888888,2044,0.2189608998393144,0.7810391001606856,0.8101111111111111,263,1775,0.4930555555555556,263,263,263,0,0,1.0,1.0,0,0,,,0,0.0,0,0.0,176,1275.0,1275.0,1275.0,0,0.0
wrong_id_same_service_10pct,naive_temporal_window,11359,600,24,0.25,1500,0,360,0,0,0,0,0,0,600,3600,3600,3600,600,600,456,0.76,0.76,0.76,0.76,0.76,0.94,9000,9648,8352,648,0.072,1296,0.13432835820895522,0.8656716417910447,0.928,72,648,0.18,72,72,72,0,0,1.0,1.0,0,0,,,0,0.0,0,0.0,456,1275.0,1275.0,1275.0,0,0.0
wrong_id_same_service_20pct,strict_service_plus_correlation,11359,600,24,0.25,1500,0,720,0,0,0,0,0,0,600,3600,3600,3600,2930,175,45,0.075,0.075,0.2571428571428571,0.075,0.11612903225806451,0.35277777777777775,9000,1692,1692,7308,0.812,0,0.0,1.0,0.188,424,2755,0.7652777777777777,0,424,424,0,0,1.0,1.0,0,0,,,2755,0.7652777777777777,0,0.0,45,1275.0,1275.0,1275.0,0,0.0
wrong_id_same_service_20pct,correlation_id_only_ablation,11359,600,24,0.25,1500,0,720,0,0,0,0,0,0,600,3600,3600,3600,599,599,45,0.075,0.075,0.07512520868113523,0.075,0.07506255212677232,0.8002777777777778,9000,9583,5765,3235,0.35944444444444446,3818,0.39841385787331735,0.6015861421266827,0.6405555555555555,424,2755,0.7652777777777777,424,424,424,0,0,1.0,1.0,0,0,,,0,0.0,0,0.0,45,1275.0,1275.0,1275.0,0,0.0
wrong_id_same_service_20pct,naive_temporal_window,11359,600,24,0.25,1500,0,720,0,0,0,0,0,0,600,3600,3600,3600,600,600,456,0.76,0.76,0.76,0.76,0.76,0.94,9000,9648,8352,648,0.072,1296,0.13432835820895522,0.8656716417910447,0.928,72,648,0.18,72,72,72,0,0,1.0,1.0,0,0,,,0,0.0,0,0.0,456,1275.0,1275.0,1275.0,0,0.0
missing_plane_deployment,strict_service_plus_correlation,11359,600,24,0.25,1500,600,0,0,0,0,0,0,0,600,3600,3600,3600,1200,600,0,0.0,0.0,0.0,0.0,0.0,0.8333333333333334,9000,6000,6000,3000,0.3333333333333333,0,0.0,1.0,0.6666666666666666,0,0,0.0,0,0,0,0,0,,,0,0,,,600,0.16666666666666666,0,0.0,0,,,,0,0.0
missing_plane_deployment,correlation_id_only_ablation,11359,600,24,0.25,1500,600,0,0,0,0,0,0,0,600,3600,3600,3600,1200,600,0,0.0,0.0,0.0,0.0,0.0,0.8333333333333334,9000,6000,6000,3000,0.3333333333333333,0,0.0,1.0,0.6666666666666666,0,0,0.0,0,0,0,0,0,,,0,0,,,600,0.16666666666666666,0,0.0,0,,,,0,0.0
missing_plane_deployment,naive_temporal_window,11359,600,24,0.25,1500,600,0,0,0,0,0,0,0,600,3600,3600,3600,600,600,456,0.76,0.76,0.76,0.76,0.76,0.94,9000,9648,8352,648,0.072,1296,0.13432835820895522,0.8656716417910447,0.928,72,648,0.18,72,72,72,0,0,1.0,1.0,0,0,,,0,0.0,0,0.0,456,1275.0,1275.0,1275.0,0,0.0
missing_plane_identity,strict_service_plus_correlation,11359,600,24,0.25,1500,600,0,0,0,0,0,0,0,600,3600,3600,3600,1200,600,0,0.0,0.0,0.0,0.0,0.0,0.8333333333333334,9000,6000,6000,3000,0.3333333333333333,0,0.0,1.0,0.6666666666666666,0,0,0.0,0,0,0,0,0,,,0,0,,,600,0.16666666666666666,0,0.0,0,,,,0,0.0
missing_plane_identity,correlation_id_only_ablation,11359,600,24,0.25,1500,600,0,0,0,0,0,0,0,600,3600,3600,3600,1200,600,0,0.0,0.0,0.0,0.0,0.0,0.8333333333333334,9000,6000,6000,3000,0.3333333333333333,0,0.0,1.0,0.6666666666666666,0,0,0.0,0,0,0,0,0,,,0,0,,,600,0.16666666666666666,0,0.0,0,,,,0,0.0
missing_plane_identity,naive_temporal_window,11359,600,24,0.25,1500,600,0,0,0,0,0,0,0,600,3600,3600,3600,600,600,456,0.76,0.76,0.76,0.76,0.76,0.94,9000,9648,8352,648,0.072,1296,0.13432835820895522,0.8656716417910447,0.928,72,648,0.18,72,72,72,0,0,1.0,1.0,0,0,,,0,0.0,0,0.0,456,1275.0,1275.0,1275.0,0,0.0
missing_plane_policy,strict_service_plus_correlation,11359,600,24,0.25,1500,600,0,0,0,0,0,0,0,600,3600,3600,3600,1200,600,0,0.0,0.0,0.0,0.0,0.0,0.8333333333333334,9000,6000,6000,3000,0.3333333333333333,0,0.0,1.0,0.6666666666666666,0,0,0.0,0,0,0,0,0,,,0,0,,,600,0.16666666666666666,0,0.0,0,,,,0,0.0
missing_plane_policy,correlation_id_only_ablation,11359,600,24,0.25,1500,600,0,0,0,0,0,0,0,600,3600,3600,3600,1200,600,0,0.0,0.0,0.0,0.0,0.0,0.8333333333333334,9000,6000,6000,3000,0.3333333333333333,0,0.0,1.0,0.6666666666666666,0,0,0.0,0,0,0,0,0,,,0,0,,,600,0.16666666666666666,0,0.0,0,,,,0,0.0
missing_plane_policy,naive_temporal_window,11359,600,24,0.25,1500,600,0,0,0,0,0,0,0,600,3600,3600,3600,600,600,456,0.76,0.76,0.76,0.76,0.76,0.94,9000,9648,8352,648,0.072,1296,0.13432835820895522,0.8656716417910447,0.928,72,648,0.18,72,72,72,0,0,1.0,1.0,0,0,,,0,0.0,0,0.0,456,1275.0,1275.0,1275.0,0,0.0
missing_plane_telemetry,strict_service_plus_correlation,11359,600,24,0.25,1500,600,0,0,0,0,0,0,0,600,3600,3600,3600,1200,600,0,0.0,0.0,0.0,0.0,0.0,0.8333333333333334,9000,6000,6000,3000,0.3333333333333333,0,0.0,1.0,0.6666666666666666,0,0,0.0,0,0,0,0,0,,,0,0,,,600,0.16666666666666666,0,0.0,0,,,,0,0.0
missing_plane_telemetry,correlation_id_only_ablation,11359,600,24,0.25,1500,600,0,0,0,0,0,0,0,600,3600,3600,3600,1200,600,0,0.0,0.0,0.0,0.0,0.0,0.8333333333333334,9000,6000,6000,3000,0.3333333333333333,0,0.0,1.0,0.6666666666666666,0,0,0.0,0,0,0,0,0,,,0,0,,,600,0.16666666666666666,0,0.0,0,,,,0,0.0
missing_plane_telemetry,naive_temporal_window,11359,600,24,0.25,1500,600,0,0,0,0,0,0,0,600,3600,3600,3600,600,600,456,0.76,0.76,0.76,0.76,0.76,0.94,9000,9648,8352,648,0.072,1296,0.13432835820895522,0.8656716417910447,0.928,72,648,0.18,72,72,72,0,0,1.0,1.0,0,0,,,0,0.0,0,0.0,456,1275.0,1275.0,1275.0,0,0.0
missing_plane_incident,strict_service_plus_correlation,11359,600,24,0.25,1500,600,0,0,0,0,0,0,0,600,3600,3600,3600,1200,600,0,0.0,0.0,0.0,0.0,0.0,0.8333333333333334,9000,6000,6000,3000,0.3333333333333333,0,0.0,1.0,0.6666666666666666,0,0,0.0,0,0,0,0,0,,,0,0,,,600,0.16666666666666666,0,0.0,0,,,,0,0.0
missing_plane_incident,correlation_id_only_ablation,11359,600,24,0.25,1500,600,0,0,0,0,0,0,0,600,3600,3600,3600,1200,600,0,0.0,0.0,0.0,0.0,0.0,0.8333333333333334,9000,6000,6000,3000,0.3333333333333333,0,0.0,1.0,0.6666666666666666,0,0,0.0,0,0,0,0,0,,,0,0,,,600,0.16666666666666666,0,0.0,0,,,,0,0.0
missing_plane_incident,naive_temporal_window,11359,600,24,0.25,1500,600,0,0,0,0,0,0,0,600,3600,3600,3600,600,600,456,0.76,0.76,0.76,0.76,0.76,0.94,9000,9648,8352,648,0.072,1296,0.13432835820895522,0.8656716417910447,0.928,72,648,0.18,72,72,72,0,0,1.0,1.0,0,0,,,0,0.0,0,0.0,456,1275.0,1275.0,1275.0,0,0.0
missing_plane_recovery,strict_service_plus_correlation,11359,600,24,0.25,1500,600,0,0,0,0,0,0,0,600,3600,3600,3600,1200,600,0,0.0,0.0,0.0,0.0,0.0,0.8333333333333334,9000,6000,6000,3000,0.3333333333333333,0,0.0,1.0,0.6666666666666666,0,0,0.0,0,0,0,0,0,,,0,0,,,600,0.16666666666666666,0,0.0,0,,,,0,0.0
missing_plane_recovery,correlation_id_only_ablation,11359,600,24,0.25,1500,600,0,0,0,0,0,0,0,600,3600,3600,3600,1200,600,0,0.0,0.0,0.0,0.0,0.0,0.8333333333333334,9000,6000,6000,3000,0.3333333333333333,0,0.0,1.0,0.6666666666666666,0,0,0.0,0,0,0,0,0,,,0,0,,,600,0.16666666666666666,0,0.0,0,,,,0,0.0
missing_plane_recovery,naive_temporal_window,11359,600,24,0.25,1500,600,0,0,0,0,0,0,0,600,3600,3600,3600,600,600,456,0.76,0.76,0.76,0.76,0.76,0.94,9000,9648,8352,648,0.072,1296,0.13432835820895522,0.8656716417910447,0.928,72,648,0.18,72,72,72,0,0,1.0,1.0,0,0,,,0,0.0,0,0.0,456,1275.0,1275.0,1275.0,0,0.0
collision_same_service_1pct,strict_service_plus_correlation,11359,600,24,0.25,1500,0,0,6,0,0,0,0,0,600,3600,3600,3600,660,588,588,0.98,0.98,1.0,0.98,0.98989898989899,0.9833333333333333,9000,8820,8820,180,0.02,0,0.0,1.0,0.98,6,72,0.02,0,6,6,0,0,1.0,1.0,0,0,,,72,0.02,0,0.0,588,1275.0,1275.0,1275.0,0,0.0
collision_same_service_1pct,correlation_id_only_ablation,11359,600,24,0.25,1500,0,0,6,0,0,0,0,0,600,3600,3600,3600,594,594,588,0.98,0.98,0.98989898989899,0.98,0.9849246231155778,1.0,9000,9216,9000,0,0.0,216,0.0234375,0.9765625,1.0,6,72,0.02,6,6,6,0,0,1.0,1.0,0,0,,,0,0.0,0,0.0,588,1275.0,1275.0,1275.0,0,0.0
collision_same_service_1pct,naive_temporal_window,11359,600,24,0.25,1500,0,0,6,0,0,0,0,0,600,3600,3600,3600,600,600,456,0.76,0.76,0.76,0.76,0.76,0.94,9000,9648,8352,648,0.072,1296,0.13432835820895522,0.8656716417910447,0.928,72,648,0.18,72,72,72,0,0,1.0,1.0,0,0,,,0,0.0,0,0.0,456,1275.0,1275.0,1275.0,0,0.0
collision_same_service_5pct,strict_service_plus_correlation,11359,600,24,0.25,1500,0,0,30,0,0,0,0,0,600,3600,3600,3600,900,540,540,0.9,0.9,1.0,0.9,0.9473684210526316,0.9166666666666666,9000,8100,8100,900,0.1,0,0.0,1.0,0.9,30,360,0.1,0,30,30,0,0,1.0,1.0,0,0,,,360,0.1,0,0.0,540,1275.0,1275.0,1275.0,0,0.0
collision_same_service_5pct,correlation_id_only_ablation,11359,600,24,0.25,1500,0,0,30,0,0,0,0,0,600,3600,3600,3600,570,570,540,0.9,0.9,0.9473684210526315,0.9,0.9230769230769231,1.0,9000,10080,9000,0,0.0,1080,0.10714285714285714,0.8928571428571429,1.0,30,360,0.1,30,30,30,0,0,1.0,1.0,0,0,,,0,0.0,0,0.0,540,1275.0,1275.0,1275.0,0,0.0
collision_same_service_5pct,naive_temporal_window,11359,600,24,0.25,1500,0,0,30,0,0,0,0,0,600,3600,3600,3600,600,600,456,0.76,0.76,0.76,0.76,0.76,0.94,9000,9648,8352,648,0.072,1296,0.13432835820895522,0.8656716417910447,0.928,72,648,0.18,72,72,72,0,0,1.0,1.0,0,0,,,0,0.0,0,0.0,456,1275.0,1275.0,1275.0,0,0.0
collision_same_service_10pct,strict_service_plus_correlation,11359,600,24,0.25,1500,0,0,60,0,0,0,0,0,600,3600,3600,3600,1200,480,480,0.8,0.8,1.0,0.8,0.888888888888889,0.8333333333333334,9000,7200,7200,1800,0.2,0,0.0,1.0,0.8,60,720,0.2,0,60,60,0,0,1.0,1.0,0,0,,,720,0.2,0,0.0,480,1275.0,1275.0,1275.0,0,0.0
collision_same_service_10pct,correlation_id_only_ablation,11359,600,24,0.25,1500,0,0,60,0,0,0,0,0,600,3600,3600,3600,540,540,480,0.8,0.8,0.8888888888888888,0.8,0.8421052631578948,1.0,9000,11160,9000,0,0.0,2160,0.1935483870967742,0.8064516129032258,1.0,60,720,0.2,60,60,60,0,0,1.0,1.0,0,0,,,0,0.0,0,0.0,480,1275.0,1275.0,1275.0,0,0.0
collision_same_service_10pct,naive_temporal_window,11359,600,24,0.25,1500,0,0,60,0,0,0,0,0,600,3600,3600,3600,600,600,456,0.76,0.76,0.76,0.76,0.76,0.94,9000,9648,8352,648,0.072,1296,0.13432835820895522,0.8656716417910447,0.928,72,648,0.18,72,72,72,0,0,1.0,1.0,0,0,,,0,0.0,0,0.0,456,1275.0,1275.0,1275.0,0,0.0
collision_cross_service_5pct,strict_service_plus_correlation,11359,600,24,0.25,1500,0,0,30,0,0,0,0,0,600,3600,3600,3600,600,600,600,1.0,1.0,1.0,1.0,1.0,1.0,9000,9000,9000,0,0.0,0,0.0,1.0,1.0,0,0,0.0,0,0,0,0,0,,,0,0,,,0,0.0,0,0.0,600,1275.0,1275.0,1275.0,0,0.0
collision_cross_service_5pct,correlation_id_only_ablation,11359,600,24,0.25,1500,0,0,30,0,0,0,0,0,600,3600,3600,3600,570,570,540,0.9,0.9,0.9473684210526315,0.9,0.9230769230769231,1.0,9000,10080,9000,0,0.0,1080,0.10714285714285714,0.8928571428571429,1.0,30,360,0.1,30,30,30,0,0,1.0,1.0,0,0,,,0,0.0,0,0.0,540,1275.0,1275.0,1275.0,0,0.0
collision_cross_service_5pct,naive_temporal_window,11359,600,24,0.25,1500,0,0,30,0,0,0,0,0,600,3600,3600,3600,600,600,456,0.76,0.76,0.76,0.76,0.76,0.94,9000,9648,8352,648,0.072,1296,0.13432835820895522,0.8656716417910447,0.928,72,648,0.18,72,72,72,0,0,1.0,1.0,0,0,,,0,0.0,0,0.0,456,1275.0,1275.0,1275.0,0,0.0
duplicate_exact_10pct,strict_service_plus_correlation,11359,600,24,0.25,1500,0,0,0,360,0,0,0,0,600,3600,3600,3960,600,600,600,1.0,1.0,1.0,1.0,1.0,1.0,9000,9000,9000,0,0.0,0,0.0,1.0,1.0,0,0,0.0,0,0,0,0,0,,,0,0,,,0,0.0,360,0.09090909090909091,600,1275.0,1275.0,1275.0,0,0.0
duplicate_exact_10pct,correlation_id_only_ablation,11359,600,24,0.25,1500,0,0,0,360,0,0,0,0,600,3600,3600,3960,600,600,600,1.0,1.0,1.0,1.0,1.0,1.0,9000,9000,9000,0,0.0,0,0.0,1.0,1.0,0,0,0.0,0,0,0,0,0,,,0,0,,,0,0.0,360,0.09090909090909091,600,1275.0,1275.0,1275.0,0,0.0
duplicate_exact_10pct,naive_temporal_window,11359,600,24,0.25,1500,0,0,0,360,0,0,0,0,600,3600,3600,3960,600,600,456,0.76,0.76,0.76,0.76,0.76,0.94,9000,9648,8352,648,0.072,1296,0.13432835820895522,0.8656716417910447,0.928,72,648,0.18,72,72,72,0,0,1.0,1.0,0,0,,,0,0.0,360,0.09090909090909091,456,1275.0,1275.0,1275.0,0,0.0
duplicate_source_conflict_5pct,strict_service_plus_correlation,11359,600,24,0.25,1500,0,0,0,0,180,0,0,0,600,3600,3600,3780,960,600,441,0.735,0.735,0.735,0.735,0.735,0.95,9000,8122,8122,878,0.09755555555555556,0,0.0,1.0,0.9024444444444445,0,0,0.0,0,0,0,0,0,,,180,180,1.0,1.0,360,0.09523809523809523,0,0.0,441,1275.0,1275.0,1275.0,0,0.0
duplicate_source_conflict_5pct,correlation_id_only_ablation,11359,600,24,0.25,1500,0,0,0,0,180,0,0,0,600,3600,3600,3780,600,600,441,0.735,0.735,0.735,0.735,0.735,1.0,9000,10102,9000,0,0.0,1102,0.10908730944367452,0.8909126905563255,1.0,0,0,0.0,0,159,0,159,0,0.0,,180,180,1.0,1.0,0,0.0,0,0.0,441,1275.0,1275.0,1275.0,0,0.0
duplicate_source_conflict_5pct,naive_temporal_window,11359,600,24,0.25,1500,0,0,0,0,180,0,0,0,600,3600,3600,3780,600,600,339,0.565,0.565,0.565,0.565,0.565,0.94,9000,10829,8352,648,0.072,2477,0.22873764890571613,0.7712623510942839,0.928,72,648,0.18,72,198,72,126,0,0.36363636363636365,1.0,180,180,1.0,1.0,0,0.0,0,0.0,339,1275.0,1275.0,1275.0,0,0.0
clock_skew_random_10pct_5s,strict_service_plus_correlation,11359,600,24,0.25,1500,0,0,0,0,0,360,0,0,600,3600,3600,3600,1990,322,322,0.5366666666666666,0.5366666666666666,1.0,0.5366666666666666,0.6984815618221257,0.6138888888888889,9000,4830,4830,4170,0.4633333333333333,0,0.0,1.0,0.5366666666666666,0,0,0.0,0,278,0,278,0,0.0,,0,0,,,1668,0.4633333333333333,0,0.0,322,1275.0,1275.0,1275.0,0,0.0
clock_skew_random_10pct_5s,correlation_id_only_ablation,11359,600,24,0.25,1500,0,0,0,0,0,360,0,0,600,3600,3600,3600,600,600,600,1.0,1.0,1.0,1.0,1.0,1.0,9000,9000,9000,0,0.0,0,0.0,1.0,1.0,0,0,0.0,0,278,0,278,0,0.0,,0,0,,,0,0.0,0,0.0,600,1275.0,1275.0,1275.0,0,0.0
clock_skew_random_10pct_5s,naive_temporal_window,11359,600,24,0.25,1500,0,0,0,0,0,360,0,0,600,3600,3600,3600,878,664,245,0.4083333333333333,0.4083333333333333,0.3689759036144578,0.4083333333333333,0.3876582278481012,0.8513888888888889,9000,7969,6814,2186,0.24288888888888888,1155,0.14493662943907643,0.8550633705609236,0.7571111111111111,109,680,0.18888888888888888,109,88,88,0,21,1.0,0.8073394495412844,0,0,,,0,0.0,0,0.0,245,1275.0,1275.0,1275.0,0,0.0
late_arrival_10pct_30s,strict_service_plus_correlation,11359,600,24,0.25,1500,0,0,0,0,0,0,360,0,600,3600,3600,3600,600,600,600,1.0,1.0,1.0,1.0,1.0,1.0,9000,9000,9000,0,0.0,0,0.0,1.0,1.0,0,0,0.0,0,0,0,0,0,,,0,0,,,0,0.0,0,0.0,600,1275.0,31275.0,31275.0,131836,0.020350714704701924
late_arrival_10pct_30s,correlation_id_only_ablation,11359,600,24,0.25,1500,0,0,0,0,0,0,360,0,600,3600,3600,3600,600,600,600,1.0,1.0,1.0,1.0,1.0,1.0,9000,9000,9000,0,0.0,0,0.0,1.0,1.0,0,0,0.0,0,0,0,0,0,,,0,0,,,0,0.0,0,0.0,600,1275.0,31275.0,31275.0,131836,0.020350714704701924
late_arrival_10pct_30s,naive_temporal_window,11359,600,24,0.25,1500,0,0,0,0,0,0,360,0,600,3600,3600,3600,600,600,456,0.76,0.76,0.76,0.76,0.76,0.94,9000,9648,8352,648,0.072,1296,0.13432835820895522,0.8656716417910447,0.928,72,648,0.18,72,72,72,0,0,1.0,1.0,0,0,,,0,0.0,0,0.0,456,1275.0,31275.0,31275.0,131836,0.020350714704701924
out_of_order_jitter_3s,strict_service_plus_correlation,11359,600,24,0.25,1500,0,0,0,0,0,0,0,3600,600,3600,3600,3600,600,600,600,1.0,1.0,1.0,1.0,1.0,1.0,9000,9000,9000,0,0.0,0,0.0,1.0,1.0,0,0,0.0,0,0,0,0,0,,,0,0,,,0,0.0,0,0.0,600,3420.0,4152.15,4274.0,92942,0.014346886480812572
out_of_order_jitter_3s,correlation_id_only_ablation,11359,600,24,0.25,1500,0,0,0,0,0,0,0,3600,600,3600,3600,3600,600,600,600,1.0,1.0,1.0,1.0,1.0,1.0,9000,9000,9000,0,0.0,0,0.0,1.0,1.0,0,0,0.0,0,0,0,0,0,,,0,0,,,0,0.0,0,0.0,600,3420.0,4152.15,4274.0,92942,0.014346886480812572
out_of_order_jitter_3s,naive_temporal_window,11359,600,24,0.25,1500,0,0,0,0,0,0,0,3600,600,3600,3600,3600,600,600,456,0.76,0.76,0.76,0.76,0.76,0.94,9000,9648,8352,648,0.072,1296,0.13432835820895522,0.8656716417910447,0.928,72,648,0.18,72,72,72,0,0,1.0,1.0,0,0,,,0,0.0,0,0.0,456,3410.0,4152.75,4258.0,92942,0.014346886480812572
compound_adversarial,strict_service_plus_correlation,11359,600,24,0.25,1500,360,0,30,0,0,0,360,3600,600,3600,3600,3600,1224,540,277,0.46166666666666667,0.46166666666666667,0.512962962962963,0.46166666666666667,0.4859649122807017,0.8266666666666667,9000,6550,6550,2450,0.2722222222222222,0,0.0,1.0,0.7277777777777777,30,324,0.09,0,30,30,0,0,1.0,1.0,0,0,,,684,0.19,0,0.0,277,3929.0,33381.8,34218.0,209681,0.03236716989287148
compound_adversarial,correlation_id_only_ablation,11359,600,24,0.25,1500,360,0,30,0,0,0,360,3600,600,3600,3600,3600,930,570,277,0.46166666666666667,0.46166666666666667,0.48596491228070177,0.46166666666666667,0.4735042735042735,0.9,9000,8152,7277,1723,0.19144444444444444,875,0.10733562315996074,0.8926643768400393,0.8085555555555556,30,324,0.09,30,30,30,0,0,1.0,1.0,0,0,,,360,0.1,0,0.0,277,3929.0,33381.8,34218.0,209681,0.03236716989287148
compound_adversarial,naive_temporal_window,11359,600,24,0.25,1500,360,0,30,0,0,0,360,3600,600,3600,3600,3600,600,600,456,0.76,0.76,0.76,0.76,0.76,0.94,9000,9648,8352,648,0.072,1296,0.13432835820895522,0.8656716417910447,0.928,72,648,0.18,72,72,72,0,0,1.0,1.0,0,0,,,0,0.0,0,0.0,456,4090.0,33412.25,34218.0,209681,0.03236716989287148
control,strict_service_plus_correlation,11460,600,24,0.25,1500,0,0,0,0,0,0,0,0,600,3600,3600,3600,600,600,600,1.0,1.0,1.0,1.0,1.0,1.0,9000,9000,9000,0,0.0,0,0.0,1.0,1.0,0,0,0.0,0,0,0,0,0,,,0,0,,,0,0.0,0,0.0,600,1275.0,1275.0,1275.0,0,0.0
control,correlation_id_only_ablation,11460,600,24,0.25,1500,0,0,0,0,0,0,0,0,600,3600,3600,3600,600,600,600,1.0,1.0,1.0,1.0,1.0,1.0,9000,9000,9000,0,0.0,0,0.0,1.0,1.0,0,0,0.0,0,0,0,0,0,,,0,0,,,0,0.0,0,0.0,600,1275.0,1275.0,1275.0,0,0.0
control,naive_temporal_window,11460,600,24,0.25,1500,0,0,0,0,0,0,0,0,600,3600,3600,3600,600,600,476,0.7933333333333333,0.7933333333333333,0.7933333333333333,0.7933333333333333,0.7933333333333333,0.9483333333333334,9000,9558,8442,558,0.062,1116,0.1167608286252354,0.8832391713747646,0.938,62,558,0.155,62,62,62,0,0,1.0,1.0,0,0,,,0,0.0,0,0.0,476,1275.0,1275.0,1275.0,0,0.0
missing_random_1pct,strict_service_plus_correlation,11460,600,24,0.25,1500,36,0,0,0,0,0,0,0,600,3600,3600,3600,636,600,565,0.9416666666666667,0.9416666666666667,0.9416666666666667,0.9416666666666667,0.9416666666666667,0.99,9000,8821,8821,179,0.01988888888888889,0,0.0,1.0,0.9801111111111112,0,0,0.0,0,0,0,0,0,,,0,0,,,36,0.01,0,0.0,565,1275.0,1275.0,1275.0,0,0.0
missing_random_1pct,correlation_id_only_ablation,11460,600,24,0.25,1500,36,0,0,0,0,0,0,0,600,3600,3600,3600,636,600,565,0.9416666666666667,0.9416666666666667,0.9416666666666667,0.9416666666666667,0.9416666666666667,0.99,9000,8821,8821,179,0.01988888888888889,0,0.0,1.0,0.9801111111111112,0,0,0.0,0,0,0,0,0,,,0,0,,,36,0.01,0,0.0,565,1275.0,1275.0,1275.0,0,0.0
missing_random_1pct,naive_temporal_window,11460,600,24,0.25,1500,36,0,0,0,0,0,0,0,600,3600,3600,3600,600,600,476,0.7933333333333333,0.7933333333333333,0.7933333333333333,0.7933333333333333,0.7933333333333333,0.9483333333333334,9000,9558,8442,558,0.062,1116,0.1167608286252354,0.8832391713747646,0.938,62,558,0.155,62,62,62,0,0,1.0,1.0,0,0,,,0,0.0,0,0.0,476,1275.0,1275.0,1275.0,0,0.0
missing_random_5pct,strict_service_plus_correlation,11460,600,24,0.25,1500,180,0,0,0,0,0,0,0,600,3600,3600,3600,780,600,432,0.72,0.72,0.72,0.72,0.72,0.95,9000,8112,8112,888,0.09866666666666667,0,0.0,1.0,0.9013333333333333,0,0,0.0,0,0,0,0,0,,,0,0,,,180,0.05,0,0.0,432,1275.0,1275.0,1275.0,0,0.0
missing_random_5pct,correlation_id_only_ablation,11460,600,24,0.25,1500,180,0,0,0,0,0,0,0,600,3600,3600,3600,780,600,432,0.72,0.72,0.72,0.72,0.72,0.95,9000,8112,8112,888,0.09866666666666667,0,0.0,1.0,0.9013333333333333,0,0,0.0,0,0,0,0,0,,,0,0,,,180,0.05,0,0.0,432,1275.0,1275.0,1275.0,0,0.0
missing_random_5pct,naive_temporal_window,11460,600,24,0.25,1500,180,0,0,0,0,0,0,0,600,3600,3600,3600,600,600,476,0.7933333333333333,0.7933333333333333,0.7933333333333333,0.7933333333333333,0.7933333333333333,0.9483333333333334,9000,9558,8442,558,0.062,1116,0.1167608286252354,0.8832391713747646,0.938,62,558,0.155,62,62,62,0,0,1.0,1.0,0,0,,,0,0.0,0,0.0,476,1275.0,1275.0,1275.0,0,0.0
missing_random_10pct,strict_service_plus_correlation,11460,600,24,0.25,1500,360,0,0,0,0,0,0,0,600,3600,3600,3600,960,600,320,0.5333333333333333,0.5333333333333333,0.5333333333333333,0.5333333333333333,0.5333333333333333,0.9,9000,7295,7295,1705,0.18944444444444444,0,0.0,1.0,0.8105555555555556,0,0,0.0,0,0,0,0,0,,,0,0,,,360,0.1,0,0.0,320,1275.0,1275.0,1275.0,0,0.0
missing_random_10pct,correlation_id_only_ablation,11460,600,24,0.25,1500,360,0,0,0,0,0,0,0,600,3600,3600,3600,960,600,320,0.5333333333333333,0.5333333333333333,0.5333333333333333,0.5333333333333333,0.5333333333333333,0.9,9000,7295,7295,1705,0.18944444444444444,0,0.0,1.0,0.8105555555555556,0,0,0.0,0,0,0,0,0,,,0,0,,,360,0.1,0,0.0,320,1275.0,1275.0,1275.0,0,0.0
missing_random_10pct,naive_temporal_window,11460,600,24,0.25,1500,360,0,0,0,0,0,0,0,600,3600,3600,3600,600,600,476,0.7933333333333333,0.7933333333333333,0.7933333333333333,0.7933333333333333,0.7933333333333333,0.9483333333333334,9000,9558,8442,558,0.062,1116,0.1167608286252354,0.8832391713747646,0.938,62,558,0.155,62,62,62,0,0,1.0,1.0,0,0,,,0,0.0,0,0.0,476,1275.0,1275.0,1275.0,0,0.0
missing_random_20pct,strict_service_plus_correlation,11460,600,24,0.25,1500,720,0,0,0,0,0,0,0,600,3600,3600,3600,1320,600,153,0.255,0.255,0.255,0.255,0.255,0.8,9000,5737,5737,3263,0.3625555555555556,0,0.0,1.0,0.6374444444444445,0,0,0.0,0,0,0,0,0,,,0,0,,,720,0.2,0,0.0,153,1275.0,1275.0,1275.0,0,0.0
missing_random_20pct,correlation_id_only_ablation,11460,600,24,0.25,1500,720,0,0,0,0,0,0,0,600,3600,3600,3600,1320,600,153,0.255,0.255,0.255,0.255,0.255,0.8,9000,5737,5737,3263,0.3625555555555556,0,0.0,1.0,0.6374444444444445,0,0,0.0,0,0,0,0,0,,,0,0,,,720,0.2,0,0.0,153,1275.0,1275.0,1275.0,0,0.0
missing_random_20pct,naive_temporal_window,11460,600,24,0.25,1500,720,0,0,0,0,0,0,0,600,3600,3600,3600,600,600,476,0.7933333333333333,0.7933333333333333,0.7933333333333333,0.7933333333333333,0.7933333333333333,0.9483333333333334,9000,9558,8442,558,0.062,1116,0.1167608286252354,0.8832391713747646,0.938,62,558,0.155,62,62,62,0,0,1.0,1.0,0,0,,,0,0.0,0,0.0,476,1275.0,1275.0,1275.0,0,0.0
wrong_id_same_service_1pct,strict_service_plus_correlation,11460,600,24,0.25,1500,0,36,0,0,0,0,0,0,600,3600,3600,3600,811,564,535,0.8916666666666667,0.8916666666666667,0.9485815602836879,0.8916666666666667,0.9192439862542956,0.9413888888888889,9000,8307,8307,693,0.077,0,0.0,1.0,0.923,36,247,0.06861111111111111,0,36,36,0,0,1.0,1.0,0,0,,,247,0.06861111111111111,0,0.0,535,1275.0,1275.0,1275.0,0,0.0
wrong_id_same_service_1pct,correlation_id_only_ablation,11460,600,24,0.25,1500,0,36,0,0,0,0,0,0,600,3600,3600,3600,600,600,535,0.8916666666666667,0.8916666666666667,0.8916666666666667,0.8916666666666667,0.8916666666666667,0.99,9000,9034,8823,177,0.019666666666666666,211,0.02335620987381005,0.97664379012619,0.9803333333333333,36,247,0.06861111111111111,36,36,36,0,0,1.0,1.0,0,0,,,0,0.0,0,0.0,535,1275.0,1275.0,1275.0,0,0.0
wrong_id_same_service_1pct,naive_temporal_window,11460,600,24,0.25,1500,0,36,0,0,0,0,0,0,600,3600,3600,3600,600,600,476,0.7933333333333333,0.7933333333333333,0.7933333333333333,0.7933333333333333,0.7933333333333333,0.9483333333333334,9000,9558,8442,558,0.062,1116,0.1167608286252354,0.8832391713747646,0.938,62,558,0.155,62,62,62,0,0,1.0,1.0,0,0,,,0,0.0,0,0.0,476,1275.0,1275.0,1275.0,0,0.0
wrong_id_same_service_5pct,strict_service_plus_correlation,11460,600,24,0.25,1500,0,180,0,0,0,0,0,0,600,3600,3600,3600,1500,448,323,0.5383333333333333,0.5383333333333333,0.7209821428571429,0.5383333333333333,0.616412213740458,0.75,9000,6036,6036,2964,0.3293333333333333,0,0.0,1.0,0.6706666666666666,152,1052,0.2922222222222222,0,152,152,0,0,1.0,1.0,0,0,,,1052,0.2922222222222222,0,0.0,323,1275.0,1275.0,1275.0,0,0.0
wrong_id_same_service_5pct,correlation_id_only_ablation,11460,600,24,0.25,1500,0,180,0,0,0,0,0,0,600,3600,3600,3600,600,600,323,0.5383333333333333,0.5383333333333333,0.5383333333333333,0.5383333333333333,0.5383333333333333,0.95,9000,9184,8120,880,0.09777777777777778,1064,0.11585365853658537,0.8841463414634146,0.9022222222222223,152,1052,0.2922222222222222,152,152,152,0,0,1.0,1.0,0,0,,,0,0.0,0,0.0,323,1275.0,1275.0,1275.0,0,0.0
wrong_id_same_service_5pct,naive_temporal_window,11460,600,24,0.25,1500,0,180,0,0,0,0,0,0,600,3600,3600,3600,600,600,476,0.7933333333333333,0.7933333333333333,0.7933333333333333,0.7933333333333333,0.7933333333333333,0.9483333333333334,9000,9558,8442,558,0.062,1116,0.1167608286252354,0.8832391713747646,0.938,62,558,0.155,62,62,62,0,0,1.0,1.0,0,0,,,0,0.0,0,0.0,476,1275.0,1275.0,1275.0,0,0.0
wrong_id_same_service_10pct,strict_service_plus_correlation,11460,600,24,0.25,1500,0,360,0,0,0,0,0,0,600,3600,3600,3600,2138,330,184,0.30666666666666664,0.30666666666666664,0.5575757575757576,0.30666666666666664,0.3956989247311828,0.5727777777777778,9000,4057,4057,4943,0.5492222222222222,0,0.0,1.0,0.4507777777777778,270,1808,0.5022222222222222,0,270,270,0,0,1.0,1.0,0,0,,,1808,0.5022222222222222,0,0.0,184,1275.0,1275.0,1275.0,0,0.0
wrong_id_same_service_10pct,correlation_id_only_ablation,11460,600,24,0.25,1500,0,360,0,0,0,0,0,0,600,3600,3600,3600,600,600,184,0.30666666666666664,0.30666666666666664,0.30666666666666664,0.30666666666666664,0.30666666666666664,0.9,9000,9326,7288,1712,0.1902222222222222,2038,0.2185288440917864,0.7814711559082136,0.8097777777777778,270,1808,0.5022222222222222,270,270,270,0,0,1.0,1.0,0,0,,,0,0.0,0,0.0,184,1275.0,1275.0,1275.0,0,0.0
wrong_id_same_service_10pct,naive_temporal_window,11460,600,24,0.25,1500,0,360,0,0,0,0,0,0,600,3600,3600,3600,600,600,476,0.7933333333333333,0.7933333333333333,0.7933333333333333,0.7933333333333333,0.7933333333333333,0.9483333333333334,9000,9558,8442,558,0.062,1116,0.1167608286252354,0.8832391713747646,0.938,62,558,0.155,62,62,62,0,0,1.0,1.0,0,0,,,0,0.0,0,0.0,476,1275.0,1275.0,1275.0,0,0.0
wrong_id_same_service_20pct,strict_service_plus_correlation,11460,600,24,0.25,1500,0,720,0,0,0,0,0,0,600,3600,3600,3600,3003,160,40,0.06666666666666667,0.06666666666666667,0.25,0.06666666666666667,0.10526315789473685,0.3325,9000,1494,1494,7506,0.834,0,0.0,1.0,0.166,439,2842,0.7894444444444444,0,439,439,0,0,1.0,1.0,0,0,,,2842,0.7894444444444444,0,0.0,40,1275.0,1275.0,1275.0,0,0.0
wrong_id_same_service_20pct,correlation_id_only_ablation,11460,600,24,0.25,1500,0,720,0,0,0,0,0,0,600,3600,3600,3600,600,599,40,0.06666666666666667,0.06666666666666667,0.0667779632721202,0.06666666666666667,0.06672226855713094,0.8,9000,9638,5788,3212,0.35688888888888887,3850,0.3994604689769662,0.6005395310230338,0.6431111111111111,439,2842,0.7894444444444444,439,439,439,0,0,1.0,1.0,0,0,,,0,0.0,0,0.0,40,1275.0,1275.0,1275.0,0,0.0
wrong_id_same_service_20pct,naive_temporal_window,11460,600,24,0.25,1500,0,720,0,0,0,0,0,0,600,3600,3600,3600,600,600,476,0.7933333333333333,0.7933333333333333,0.7933333333333333,0.7933333333333333,0.7933333333333333,0.9483333333333334,9000,9558,8442,558,0.062,1116,0.1167608286252354,0.8832391713747646,0.938,62,558,0.155,62,62,62,0,0,1.0,1.0,0,0,,,0,0.0,0,0.0,476,1275.0,1275.0,1275.0,0,0.0
missing_plane_deployment,strict_service_plus_correlation,11460,600,24,0.25,1500,600,0,0,0,0,0,0,0,600,3600,3600,3600,1200,600,0,0.0,0.0,0.0,0.0,0.0,0.8333333333333334,9000,6000,6000,3000,0.3333333333333333,0,0.0,1.0,0.6666666666666666,0,0,0.0,0,0,0,0,0,,,0,0,,,600,0.16666666666666666,0,0.0,0,,,,0,0.0
missing_plane_deployment,correlation_id_only_ablation,11460,600,24,0.25,1500,600,0,0,0,0,0,0,0,600,3600,3600,3600,1200,600,0,0.0,0.0,0.0,0.0,0.0,0.8333333333333334,9000,6000,6000,3000,0.3333333333333333,0,0.0,1.0,0.6666666666666666,0,0,0.0,0,0,0,0,0,,,0,0,,,600,0.16666666666666666,0,0.0,0,,,,0,0.0
missing_plane_deployment,naive_temporal_window,11460,600,24,0.25,1500,600,0,0,0,0,0,0,0,600,3600,3600,3600,600,600,476,0.7933333333333333,0.7933333333333333,0.7933333333333333,0.7933333333333333,0.7933333333333333,0.9483333333333334,9000,9558,8442,558,0.062,1116,0.1167608286252354,0.8832391713747646,0.938,62,558,0.155,62,62,62,0,0,1.0,1.0,0,0,,,0,0.0,0,0.0,476,1275.0,1275.0,1275.0,0,0.0
missing_plane_identity,strict_service_plus_correlation,11460,600,24,0.25,1500,600,0,0,0,0,0,0,0,600,3600,3600,3600,1200,600,0,0.0,0.0,0.0,0.0,0.0,0.8333333333333334,9000,6000,6000,3000,0.3333333333333333,0,0.0,1.0,0.6666666666666666,0,0,0.0,0,0,0,0,0,,,0,0,,,600,0.16666666666666666,0,0.0,0,,,,0,0.0
missing_plane_identity,correlation_id_only_ablation,11460,600,24,0.25,1500,600,0,0,0,0,0,0,0,600,3600,3600,3600,1200,600,0,0.0,0.0,0.0,0.0,0.0,0.8333333333333334,9000,6000,6000,3000,0.3333333333333333,0,0.0,1.0,0.6666666666666666,0,0,0.0,0,0,0,0,0,,,0,0,,,600,0.16666666666666666,0,0.0,0,,,,0,0.0
missing_plane_identity,naive_temporal_window,11460,600,24,0.25,1500,600,0,0,0,0,0,0,0,600,3600,3600,3600,600,600,476,0.7933333333333333,0.7933333333333333,0.7933333333333333,0.7933333333333333,0.7933333333333333,0.9483333333333334,9000,9558,8442,558,0.062,1116,0.1167608286252354,0.8832391713747646,0.938,62,558,0.155,62,62,62,0,0,1.0,1.0,0,0,,,0,0.0,0,0.0,476,1275.0,1275.0,1275.0,0,0.0
missing_plane_policy,strict_service_plus_correlation,11460,600,24,0.25,1500,600,0,0,0,0,0,0,0,600,3600,3600,3600,1200,600,0,0.0,0.0,0.0,0.0,0.0,0.8333333333333334,9000,6000,6000,3000,0.3333333333333333,0,0.0,1.0,0.6666666666666666,0,0,0.0,0,0,0,0,0,,,0,0,,,600,0.16666666666666666,0,0.0,0,,,,0,0.0
missing_plane_policy,correlation_id_only_ablation,11460,600,24,0.25,1500,600,0,0,0,0,0,0,0,600,3600,3600,3600,1200,600,0,0.0,0.0,0.0,0.0,0.0,0.8333333333333334,9000,6000,6000,3000,0.3333333333333333,0,0.0,1.0,0.6666666666666666,0,0,0.0,0,0,0,0,0,,,0,0,,,600,0.16666666666666666,0,0.0,0,,,,0,0.0
missing_plane_policy,naive_temporal_window,11460,600,24,0.25,1500,600,0,0,0,0,0,0,0,600,3600,3600,3600,600,600,476,0.7933333333333333,0.7933333333333333,0.7933333333333333,0.7933333333333333,0.7933333333333333,0.9483333333333334,9000,9558,8442,558,0.062,1116,0.1167608286252354,0.8832391713747646,0.938,62,558,0.155,62,62,62,0,0,1.0,1.0,0,0,,,0,0.0,0,0.0,476,1275.0,1275.0,1275.0,0,0.0
missing_plane_telemetry,strict_service_plus_correlation,11460,600,24,0.25,1500,600,0,0,0,0,0,0,0,600,3600,3600,3600,1200,600,0,0.0,0.0,0.0,0.0,0.0,0.8333333333333334,9000,6000,6000,3000,0.3333333333333333,0,0.0,1.0,0.6666666666666666,0,0,0.0,0,0,0,0,0,,,0,0,,,600,0.16666666666666666,0,0.0,0,,,,0,0.0
missing_plane_telemetry,correlation_id_only_ablation,11460,600,24,0.25,1500,600,0,0,0,0,0,0,0,600,3600,3600,3600,1200,600,0,0.0,0.0,0.0,0.0,0.0,0.8333333333333334,9000,6000,6000,3000,0.3333333333333333,0,0.0,1.0,0.6666666666666666,0,0,0.0,0,0,0,0,0,,,0,0,,,600,0.16666666666666666,0,0.0,0,,,,0,0.0
missing_plane_telemetry,naive_temporal_window,11460,600,24,0.25,1500,600,0,0,0,0,0,0,0,600,3600,3600,3600,600,600,476,0.7933333333333333,0.7933333333333333,0.7933333333333333,0.7933333333333333,0.7933333333333333,0.9483333333333334,9000,9558,8442,558,0.062,1116,0.1167608286252354,0.8832391713747646,0.938,62,558,0.155,62,62,62,0,0,1.0,1.0,0,0,,,0,0.0,0,0.0,476,1275.0,1275.0,1275.0,0,0.0
missing_plane_incident,strict_service_plus_correlation,11460,600,24,0.25,1500,600,0,0,0,0,0,0,0,600,3600,3600,3600,1200,600,0,0.0,0.0,0.0,0.0,0.0,0.8333333333333334,9000,6000,6000,3000,0.3333333333333333,0,0.0,1.0,0.6666666666666666,0,0,0.0,0,0,0,0,0,,,0,0,,,600,0.16666666666666666,0,0.0,0,,,,0,0.0
missing_plane_incident,correlation_id_only_ablation,11460,600,24,0.25,1500,600,0,0,0,0,0,0,0,600,3600,3600,3600,1200,600,0,0.0,0.0,0.0,0.0,0.0,0.8333333333333334,9000,6000,6000,3000,0.3333333333333333,0,0.0,1.0,0.6666666666666666,0,0,0.0,0,0,0,0,0,,,0,0,,,600,0.16666666666666666,0,0.0,0,,,,0,0.0
missing_plane_incident,naive_temporal_window,11460,600,24,0.25,1500,600,0,0,0,0,0,0,0,600,3600,3600,3600,600,600,476,0.7933333333333333,0.7933333333333333,0.7933333333333333,0.7933333333333333,0.7933333333333333,0.9483333333333334,9000,9558,8442,558,0.062,1116,0.1167608286252354,0.8832391713747646,0.938,62,558,0.155,62,62,62,0,0,1.0,1.0,0,0,,,0,0.0,0,0.0,476,1275.0,1275.0,1275.0,0,0.0
missing_plane_recovery,strict_service_plus_correlation,11460,600,24,0.25,1500,600,0,0,0,0,0,0,0,600,3600,3600,3600,1200,600,0,0.0,0.0,0.0,0.0,0.0,0.8333333333333334,9000,6000,6000,3000,0.3333333333333333,0,0.0,1.0,0.6666666666666666,0,0,0.0,0,0,0,0,0,,,0,0,,,600,0.16666666666666666,0,0.0,0,,,,0,0.0
missing_plane_recovery,correlation_id_only_ablation,11460,600,24,0.25,1500,600,0,0,0,0,0,0,0,600,3600,3600,3600,1200,600,0,0.0,0.0,0.0,0.0,0.0,0.8333333333333334,9000,6000,6000,3000,0.3333333333333333,0,0.0,1.0,0.6666666666666666,0,0,0.0,0,0,0,0,0,,,0,0,,,600,0.16666666666666666,0,0.0,0,,,,0,0.0
missing_plane_recovery,naive_temporal_window,11460,600,24,0.25,1500,600,0,0,0,0,0,0,0,600,3600,3600,3600,600,600,476,0.7933333333333333,0.7933333333333333,0.7933333333333333,0.7933333333333333,0.7933333333333333,0.9483333333333334,9000,9558,8442,558,0.062,1116,0.1167608286252354,0.8832391713747646,0.938,62,558,0.155,62,62,62,0,0,1.0,1.0,0,0,,,0,0.0,0,0.0,476,1275.0,1275.0,1275.0,0,0.0
collision_same_service_1pct,strict_service_plus_correlation,11460,600,24,0.25,1500,0,0,6,0,0,0,0,0,600,3600,3600,3600,660,588,588,0.98,0.98,1.0,0.98,0.98989898989899,0.9833333333333333,9000,8820,8820,180,0.02,0,0.0,1.0,0.98,6,72,0.02,0,6,6,0,0,1.0,1.0,0,0,,,72,0.02,0,0.0,588,1275.0,1275.0,1275.0,0,0.0
collision_same_service_1pct,correlation_id_only_ablation,11460,600,24,0.25,1500,0,0,6,0,0,0,0,0,600,3600,3600,3600,594,594,588,0.98,0.98,0.98989898989899,0.98,0.9849246231155778,1.0,9000,9216,9000,0,0.0,216,0.0234375,0.9765625,1.0,6,72,0.02,6,6,6,0,0,1.0,1.0,0,0,,,0,0.0,0,0.0,588,1275.0,1275.0,1275.0,0,0.0
collision_same_service_1pct,naive_temporal_window,11460,600,24,0.25,1500,0,0,6,0,0,0,0,0,600,3600,3600,3600,600,600,476,0.7933333333333333,0.7933333333333333,0.7933333333333333,0.7933333333333333,0.7933333333333333,0.9483333333333334,9000,9558,8442,558,0.062,1116,0.1167608286252354,0.8832391713747646,0.938,62,558,0.155,62,62,62,0,0,1.0,1.0,0,0,,,0,0.0,0,0.0,476,1275.0,1275.0,1275.0,0,0.0
collision_same_service_5pct,strict_service_plus_correlation,11460,600,24,0.25,1500,0,0,30,0,0,0,0,0,600,3600,3600,3600,900,540,540,0.9,0.9,1.0,0.9,0.9473684210526316,0.9166666666666666,9000,8100,8100,900,0.1,0,0.0,1.0,0.9,30,360,0.1,0,30,30,0,0,1.0,1.0,0,0,,,360,0.1,0,0.0,540,1275.0,1275.0,1275.0,0,0.0
collision_same_service_5pct,correlation_id_only_ablation,11460,600,24,0.25,1500,0,0,30,0,0,0,0,0,600,3600,3600,3600,570,570,540,0.9,0.9,0.9473684210526315,0.9,0.9230769230769231,1.0,9000,10080,9000,0,0.0,1080,0.10714285714285714,0.8928571428571429,1.0,30,360,0.1,30,30,30,0,0,1.0,1.0,0,0,,,0,0.0,0,0.0,540,1275.0,1275.0,1275.0,0,0.0
collision_same_service_5pct,naive_temporal_window,11460,600,24,0.25,1500,0,0,30,0,0,0,0,0,600,3600,3600,3600,600,600,476,0.7933333333333333,0.7933333333333333,0.7933333333333333,0.7933333333333333,0.7933333333333333,0.9483333333333334,9000,9558,8442,558,0.062,1116,0.1167608286252354,0.8832391713747646,0.938,62,558,0.155,62,62,62,0,0,1.0,1.0,0,0,,,0,0.0,0,0.0,476,1275.0,1275.0,1275.0,0,0.0
collision_same_service_10pct,strict_service_plus_correlation,11460,600,24,0.25,1500,0,0,60,0,0,0,0,0,600,3600,3600,3600,1200,480,480,0.8,0.8,1.0,0.8,0.888888888888889,0.8333333333333334,9000,7200,7200,1800,0.2,0,0.0,1.0,0.8,60,720,0.2,0,60,60,0,0,1.0,1.0,0,0,,,720,0.2,0,0.0,480,1275.0,1275.0,1275.0,0,0.0
collision_same_service_10pct,correlation_id_only_ablation,11460,600,24,0.25,1500,0,0,60,0,0,0,0,0,600,3600,3600,3600,540,540,480,0.8,0.8,0.8888888888888888,0.8,0.8421052631578948,1.0,9000,11160,9000,0,0.0,2160,0.1935483870967742,0.8064516129032258,1.0,60,720,0.2,60,60,60,0,0,1.0,1.0,0,0,,,0,0.0,0,0.0,480,1275.0,1275.0,1275.0,0,0.0
collision_same_service_10pct,naive_temporal_window,11460,600,24,0.25,1500,0,0,60,0,0,0,0,0,600,3600,3600,3600,600,600,476,0.7933333333333333,0.7933333333333333,0.7933333333333333,0.7933333333333333,0.7933333333333333,0.9483333333333334,9000,9558,8442,558,0.062,1116,0.1167608286252354,0.8832391713747646,0.938,62,558,0.155,62,62,62,0,0,1.0,1.0,0,0,,,0,0.0,0,0.0,476,1275.0,1275.0,1275.0,0,0.0
collision_cross_service_5pct,strict_service_plus_correlation,11460,600,24,0.25,1500,0,0,30,0,0,0,0,0,600,3600,3600,3600,600,600,600,1.0,1.0,1.0,1.0,1.0,1.0,9000,9000,9000,0,0.0,0,0.0,1.0,1.0,0,0,0.0,0,0,0,0,0,,,0,0,,,0,0.0,0,0.0,600,1275.0,1275.0,1275.0,0,0.0
collision_cross_service_5pct,correlation_id_only_ablation,11460,600,24,0.25,1500,0,0,30,0,0,0,0,0,600,3600,3600,3600,570,570,540,0.9,0.9,0.9473684210526315,0.9,0.9230769230769231,1.0,9000,10080,9000,0,0.0,1080,0.10714285714285714,0.8928571428571429,1.0,30,360,0.1,30,30,30,0,0,1.0,1.0,0,0,,,0,0.0,0,0.0,540,1275.0,1275.0,1275.0,0,0.0
collision_cross_service_5pct,naive_temporal_window,11460,600,24,0.25,1500,0,0,30,0,0,0,0,0,600,3600,3600,3600,600,600,476,0.7933333333333333,0.7933333333333333,0.7933333333333333,0.7933333333333333,0.7933333333333333,0.9483333333333334,9000,9558,8442,558,0.062,1116,0.1167608286252354,0.8832391713747646,0.938,62,558,0.155,62,62,62,0,0,1.0,1.0,0,0,,,0,0.0,0,0.0,476,1275.0,1275.0,1275.0,0,0.0
duplicate_exact_10pct,strict_service_plus_correlation,11460,600,24,0.25,1500,0,0,0,360,0,0,0,0,600,3600,3600,3960,600,600,600,1.0,1.0,1.0,1.0,1.0,1.0,9000,9000,9000,0,0.0,0,0.0,1.0,1.0,0,0,0.0,0,0,0,0,0,,,0,0,,,0,0.0,360,0.09090909090909091,600,1275.0,1275.0,1275.0,0,0.0
duplicate_exact_10pct,correlation_id_only_ablation,11460,600,24,0.25,1500,0,0,0,360,0,0,0,0,600,3600,3600,3960,600,600,600,1.0,1.0,1.0,1.0,1.0,1.0,9000,9000,9000,0,0.0,0,0.0,1.0,1.0,0,0,0.0,0,0,0,0,0,,,0,0,,,0,0.0,360,0.09090909090909091,600,1275.0,1275.0,1275.0,0,0.0
duplicate_exact_10pct,naive_temporal_window,11460,600,24,0.25,1500,0,0,0,360,0,0,0,0,600,3600,3600,3960,600,600,476,0.7933333333333333,0.7933333333333333,0.7933333333333333,0.7933333333333333,0.7933333333333333,0.9483333333333334,9000,9558,8442,558,0.062,1116,0.1167608286252354,0.8832391713747646,0.938,62,558,0.155,62,62,62,0,0,1.0,1.0,0,0,,,0,0.0,360,0.09090909090909091,476,1275.0,1275.0,1275.0,0,0.0
duplicate_source_conflict_5pct,strict_service_plus_correlation,11460,600,24,0.25,1500,0,0,0,0,180,0,0,0,600,3600,3600,3780,960,600,438,0.73,0.73,0.73,0.73,0.7299999999999999,0.95,9000,8120,8120,880,0.09777777777777778,0,0.0,1.0,0.9022222222222223,0,0,0.0,0,0,0,0,0,,,180,180,1.0,1.0,360,0.09523809523809523,0,0.0,438,1275.0,1275.0,1275.0,0,0.0
duplicate_source_conflict_5pct,correlation_id_only_ablation,11460,600,24,0.25,1500,0,0,0,0,180,0,0,0,600,3600,3600,3780,600,600,438,0.73,0.73,0.73,0.73,0.7299999999999999,1.0,9000,10100,9000,0,0.0,1100,0.10891089108910891,0.8910891089108911,1.0,0,0,0.0,0,162,0,162,0,0.0,,180,180,1.0,1.0,0,0.0,0,0.0,438,1275.0,1275.0,1275.0,0,0.0
duplicate_source_conflict_5pct,naive_temporal_window,11460,600,24,0.25,1500,0,0,0,0,180,0,0,0,600,3600,3600,3780,600,600,339,0.565,0.565,0.565,0.565,0.565,0.9483333333333334,9000,10707,8442,558,0.062,2265,0.21154384981787616,0.7884561501821239,0.938,62,558,0.155,62,204,62,142,0,0.30392156862745096,1.0,180,180,1.0,1.0,0,0.0,0,0.0,339,1275.0,1275.0,1275.0,0,0.0
clock_skew_random_10pct_5s,strict_service_plus_correlation,11460,600,24,0.25,1500,0,0,0,0,0,360,0,0,600,3600,3600,3600,2055,309,309,0.515,0.515,1.0,0.515,0.6798679867986799,0.5958333333333333,9000,4635,4635,4365,0.485,0,0.0,1.0,0.515,0,0,0.0,0,291,0,291,0,0.0,,0,0,,,1746,0.485,0,0.0,309,1275.0,1275.0,1275.0,0,0.0
clock_skew_random_10pct_5s,correlation_id_only_ablation,11460,600,24,0.25,1500,0,0,0,0,0,360,0,0,600,3600,3600,3600,600,600,600,1.0,1.0,1.0,1.0,1.0,1.0,9000,9000,9000,0,0.0,0,0.0,1.0,1.0,0,0,0.0,0,291,0,291,0,0.0,,0,0,,,0,0.0,0,0.0,600,1275.0,1275.0,1275.0,0,0.0
clock_skew_random_10pct_5s,naive_temporal_window,11460,600,24,0.25,1500,0,0,0,0,0,360,0,0,600,3600,3600,3600,895,649,242,0.4033333333333333,0.4033333333333333,0.3728813559322034,0.4033333333333333,0.3875100080064051,0.8608333333333333,9000,7869,6881,2119,0.23544444444444446,988,0.1255559791587241,0.8744440208412759,0.7645555555555555,97,592,0.16444444444444445,97,75,75,0,22,1.0,0.7731958762886598,0,0,,,0,0.0,0,0.0,242,1275.0,1275.0,1275.0,0,0.0
late_arrival_10pct_30s,strict_service_plus_correlation,11460,600,24,0.25,1500,0,0,0,0,0,0,360,0,600,3600,3600,3600,600,600,600,1.0,1.0,1.0,1.0,1.0,1.0,9000,9000,9000,0,0.0,0,0.0,1.0,1.0,0,0,0.0,0,0,0,0,0,,,0,0,,,0,0.0,0,0.0,600,1275.0,31275.0,31275.0,131734,0.0203349695903183
late_arrival_10pct_30s,correlation_id_only_ablation,11460,600,24,0.25,1500,0,0,0,0,0,0,360,0,600,3600,3600,3600,600,600,600,1.0,1.0,1.0,1.0,1.0,1.0,9000,9000,9000,0,0.0,0,0.0,1.0,1.0,0,0,0.0,0,0,0,0,0,,,0,0,,,0,0.0,0,0.0,600,1275.0,31275.0,31275.0,131734,0.0203349695903183
late_arrival_10pct_30s,naive_temporal_window,11460,600,24,0.25,1500,0,0,0,0,0,0,360,0,600,3600,3600,3600,600,600,476,0.7933333333333333,0.7933333333333333,0.7933333333333333,0.7933333333333333,0.7933333333333333,0.9483333333333334,9000,9558,8442,558,0.062,1116,0.1167608286252354,0.8832391713747646,0.938,62,558,0.155,62,62,62,0,0,1.0,1.0,0,0,,,0,0.0,0,0.0,476,1275.0,31275.0,31275.0,131734,0.0203349695903183
out_of_order_jitter_3s,strict_service_plus_correlation,11460,600,24,0.25,1500,0,0,0,0,0,0,0,3600,600,3600,3600,3600,600,600,600,1.0,1.0,1.0,1.0,1.0,1.0,9000,9000,9000,0,0.0,0,0.0,1.0,1.0,0,0,0.0,0,0,0,0,0,,,0,0,,,0,0.0,0,0.0,600,3451.0,4123.35,4269.0,91436,0.014114414497854342
out_of_order_jitter_3s,correlation_id_only_ablation,11460,600,24,0.25,1500,0,0,0,0,0,0,0,3600,600,3600,3600,3600,600,600,600,1.0,1.0,1.0,1.0,1.0,1.0,9000,9000,9000,0,0.0,0,0.0,1.0,1.0,0,0,0.0,0,0,0,0,0,,,0,0,,,0,0.0,0,0.0,600,3451.0,4123.35,4269.0,91436,0.014114414497854342
out_of_order_jitter_3s,naive_temporal_window,11460,600,24,0.25,1500,0,0,0,0,0,0,0,3600,600,3600,3600,3600,600,600,476,0.7933333333333333,0.7933333333333333,0.7933333333333333,0.7933333333333333,0.7933333333333333,0.9483333333333334,9000,9558,8442,558,0.062,1116,0.1167608286252354,0.8832391713747646,0.938,62,558,0.155,62,62,62,0,0,1.0,1.0,0,0,,,0,0.0,0,0.0,476,3451.0,4133.5,4269.0,91436,0.014114414497854342
compound_adversarial,strict_service_plus_correlation,11460,600,24,0.25,1500,360,0,30,0,0,0,360,3600,600,3600,3600,3600,1222,540,278,0.4633333333333333,0.4633333333333333,0.5148148148148148,0.4633333333333333,0.487719298245614,0.8272222222222222,9000,6556,6556,2444,0.27155555555555555,0,0.0,1.0,0.7284444444444444,30,322,0.08944444444444444,0,30,30,0,0,1.0,1.0,0,0,,,682,0.18944444444444444,0,0.0,278,4222.5,33544.2,34248.0,208260,0.03214781883856627
compound_adversarial,correlation_id_only_ablation,11460,600,24,0.25,1500,360,0,30,0,0,0,360,3600,600,3600,3600,3600,930,570,278,0.4633333333333333,0.4633333333333333,0.48771929824561405,0.4633333333333333,0.4752136752136752,0.9,9000,8138,7274,1726,0.19177777777777777,864,0.10616859179159499,0.893831408208405,0.8082222222222222,30,322,0.08944444444444444,30,30,30,0,0,1.0,1.0,0,0,,,360,0.1,0,0.0,278,4222.5,33544.2,34248.0,208260,0.03214781883856627
compound_adversarial,naive_temporal_window,11460,600,24,0.25,1500,360,0,30,0,0,0,360,3600,600,3600,3600,3600,600,600,476,0.7933333333333333,0.7933333333333333,0.7933333333333333,0.7933333333333333,0.7933333333333333,0.9483333333333334,9000,9558,8442,558,0.062,1116,0.1167608286252354,0.8832391713747646,0.938,62,558,0.155,62,62,62,0,0,1.0,1.0,0,0,,,0,0.0,0,0.0,476,4178.0,33591.0,34248.0,208260,0.03214781883856627
control,strict_service_plus_correlation,11561,600,24,0.25,1500,0,0,0,0,0,0,0,0,600,3600,3600,3600,600,600,600,1.0,1.0,1.0,1.0,1.0,1.0,9000,9000,9000,0,0.0,0,0.0,1.0,1.0,0,0,0.0,0,0,0,0,0,,,0,0,,,0,0.0,0,0.0,600,1275.0,1275.0,1275.0,0,0.0
control,correlation_id_only_ablation,11561,600,24,0.25,1500,0,0,0,0,0,0,0,0,600,3600,3600,3600,600,600,600,1.0,1.0,1.0,1.0,1.0,1.0,9000,9000,9000,0,0.0,0,0.0,1.0,1.0,0,0,0.0,0,0,0,0,0,,,0,0,,,0,0.0,0,0.0,600,1275.0,1275.0,1275.0,0,0.0
control,naive_temporal_window,11561,600,24,0.25,1500,0,0,0,0,0,0,0,0,600,3600,3600,3600,600,600,428,0.7133333333333334,0.7133333333333334,0.7133333333333334,0.7133333333333334,0.7133333333333335,0.9283333333333333,9000,9774,8226,774,0.086,1548,0.15837937384898712,0.8416206261510129,0.914,86,774,0.215,86,86,86,0,0,1.0,1.0,0,0,,,0,0.0,0,0.0,428,1275.0,1275.0,1275.0,0,0.0
missing_random_1pct,strict_service_plus_correlation,11561,600,24,0.25,1500,36,0,0,0,0,0,0,0,600,3600,3600,3600,636,600,564,0.94,0.94,0.94,0.94,0.94,0.99,9000,8820,8820,180,0.02,0,0.0,1.0,0.98,0,0,0.0,0,0,0,0,0,,,0,0,,,36,0.01,0,0.0,564,1275.0,1275.0,1275.0,0,0.0
missing_random_1pct,correlation_id_only_ablation,11561,600,24,0.25,1500,36,0,0,0,0,0,0,0,600,3600,3600,3600,636,600,564,0.94,0.94,0.94,0.94,0.94,0.99,9000,8820,8820,180,0.02,0,0.0,1.0,0.98,0,0,0.0,0,0,0,0,0,,,0,0,,,36,0.01,0,0.0,564,1275.0,1275.0,1275.0,0,0.0
missing_random_1pct,naive_temporal_window,11561,600,24,0.25,1500,36,0,0,0,0,0,0,0,600,3600,3600,3600,600,600,428,0.7133333333333334,0.7133333333333334,0.7133333333333334,0.7133333333333334,0.7133333333333335,0.9283333333333333,9000,9774,8226,774,0.086,1548,0.15837937384898712,0.8416206261510129,0.914,86,774,0.215,86,86,86,0,0,1.0,1.0,0,0,,,0,0.0,0,0.0,428,1275.0,1275.0,1275.0,0,0.0
missing_random_5pct,strict_service_plus_correlation,11561,600,24,0.25,1500,180,0,0,0,0,0,0,0,600,3600,3600,3600,780,600,442,0.7366666666666667,0.7366666666666667,0.7366666666666667,0.7366666666666667,0.7366666666666667,0.95,9000,8125,8125,875,0.09722222222222222,0,0.0,1.0,0.9027777777777778,0,0,0.0,0,0,0,0,0,,,0,0,,,180,0.05,0,0.0,442,1275.0,1275.0,1275.0,0,0.0
missing_random_5pct,correlation_id_only_ablation,11561,600,24,0.25,1500,180,0,0,0,0,0,0,0,600,3600,3600,3600,780,600,442,0.7366666666666667,0.7366666666666667,0.7366666666666667,0.7366666666666667,0.7366666666666667,0.95,9000,8125,8125,875,0.09722222222222222,0,0.0,1.0,0.9027777777777778,0,0,0.0,0,0,0,0,0,,,0,0,,,180,0.05,0,0.0,442,1275.0,1275.0,1275.0,0,0.0
missing_random_5pct,naive_temporal_window,11561,600,24,0.25,1500,180,0,0,0,0,0,0,0,600,3600,3600,3600,600,600,428,0.7133333333333334,0.7133333333333334,0.7133333333333334,0.7133333333333334,0.7133333333333335,0.9283333333333333,9000,9774,8226,774,0.086,1548,0.15837937384898712,0.8416206261510129,0.914,86,774,0.215,86,86,86,0,0,1.0,1.0,0,0,,,0,0.0,0,0.0,428,1275.0,1275.0,1275.0,0,0.0
missing_random_10pct,strict_service_plus_correlation,11561,600,24,0.25,1500,360,0,0,0,0,0,0,0,600,3600,3600,3600,960,600,306,0.51,0.51,0.51,0.51,0.51,0.9,9000,7276,7276,1724,0.19155555555555556,0,0.0,1.0,0.8084444444444444,0,0,0.0,0,0,0,0,0,,,0,0,,,360,0.1,0,0.0,306,1275.0,1275.0,1275.0,0,0.0
missing_random_10pct,correlation_id_only_ablation,11561,600,24,0.25,1500,360,0,0,0,0,0,0,0,600,3600,3600,3600,960,600,306,0.51,0.51,0.51,0.51,0.51,0.9,9000,7276,7276,1724,0.19155555555555556,0,0.0,1.0,0.8084444444444444,0,0,0.0,0,0,0,0,0,,,0,0,,,360,0.1,0,0.0,306,1275.0,1275.0,1275.0,0,0.0
missing_random_10pct,naive_temporal_window,11561,600,24,0.25,1500,360,0,0,0,0,0,0,0,600,3600,3600,3600,600,600,428,0.7133333333333334,0.7133333333333334,0.7133333333333334,0.7133333333333334,0.7133333333333335,0.9283333333333333,9000,9774,8226,774,0.086,1548,0.15837937384898712,0.8416206261510129,0.914,86,774,0.215,86,86,86,0,0,1.0,1.0,0,0,,,0,0.0,0,0.0,428,1275.0,1275.0,1275.0,0,0.0
missing_random_20pct,strict_service_plus_correlation,11561,600,24,0.25,1500,720,0,0,0,0,0,0,0,600,3600,3600,3600,1320,598,159,0.265,0.265,0.26588628762541805,0.265,0.2654424040066778,0.8,9000,5765,5765,3235,0.35944444444444446,0,0.0,1.0,0.6405555555555555,0,0,0.0,0,0,0,0,0,,,0,0,,,720,0.2,0,0.0,159,1275.0,1275.0,1275.0,0,0.0
missing_random_20pct,correlation_id_only_ablation,11561,600,24,0.25,1500,720,0,0,0,0,0,0,0,600,3600,3600,3600,1320,598,159,0.265,0.265,0.26588628762541805,0.265,0.2654424040066778,0.8,9000,5765,5765,3235,0.35944444444444446,0,0.0,1.0,0.6405555555555555,0,0,0.0,0,0,0,0,0,,,0,0,,,720,0.2,0,0.0,159,1275.0,1275.0,1275.0,0,0.0
missing_random_20pct,naive_temporal_window,11561,600,24,0.25,1500,720,0,0,0,0,0,0,0,600,3600,3600,3600,600,600,428,0.7133333333333334,0.7133333333333334,0.7133333333333334,0.7133333333333334,0.7133333333333335,0.9283333333333333,9000,9774,8226,774,0.086,1548,0.15837937384898712,0.8416206261510129,0.914,86,774,0.215,86,86,86,0,0,1.0,1.0,0,0,,,0,0.0,0,0.0,428,1275.0,1275.0,1275.0,0,0.0
wrong_id_same_service_1pct,strict_service_plus_correlation,11561,600,24,0.25,1500,0,36,0,0,0,0,0,0,600,3600,3600,3600,815,564,529,0.8816666666666667,0.8816666666666667,0.9379432624113475,0.8816666666666667,0.9089347079037801,0.9402777777777778,9000,8285,8285,715,0.07944444444444444,0,0.0,1.0,0.9205555555555556,36,251,0.06972222222222223,0,36,36,0,0,1.0,1.0,0,0,,,251,0.06972222222222223,0,0.0,529,1275.0,1275.0,1275.0,0,0.0
wrong_id_same_service_1pct,correlation_id_only_ablation,11561,600,24,0.25,1500,0,36,0,0,0,0,0,0,600,3600,3600,3600,600,600,529,0.8816666666666667,0.8816666666666667,0.8816666666666667,0.8816666666666667,0.8816666666666667,0.99,9000,9035,8820,180,0.02,215,0.023796347537354733,0.9762036524626453,0.98,36,251,0.06972222222222223,36,36,36,0,0,1.0,1.0,0,0,,,0,0.0,0,0.0,529,1275.0,1275.0,1275.0,0,0.0
wrong_id_same_service_1pct,naive_temporal_window,11561,600,24,0.25,1500,0,36,0,0,0,0,0,0,600,3600,3600,3600,600,600,428,0.7133333333333334,0.7133333333333334,0.7133333333333334,0.7133333333333334,0.7133333333333335,0.9283333333333333,9000,9774,8226,774,0.086,1548,0.15837937384898712,0.8416206261510129,0.914,86,774,0.215,86,86,86,0,0,1.0,1.0,0,0,,,0,0.0,0,0.0,428,1275.0,1275.0,1275.0,0,0.0
wrong_id_same_service_5pct,strict_service_plus_correlation,11561,600,24,0.25,1500,0,180,0,0,0,0,0,0,600,3600,3600,3600,1523,442,330,0.55,0.55,0.746606334841629,0.55,0.6333973128598849,0.7436111111111111,9000,5988,5988,3012,0.33466666666666667,0,0.0,1.0,0.6653333333333333,158,1081,0.30027777777777775,0,158,158,0,0,1.0,1.0,0,0,,,1081,0.30027777777777775,0,0.0,330,1275.0,1275.0,1275.0,0,0.0
wrong_id_same_service_5pct,correlation_id_only_ablation,11561,600,24,0.25,1500,0,180,0,0,0,0,0,0,600,3600,3600,3600,600,600,330,0.55,0.55,0.55,0.55,0.55,0.95,9000,9177,8127,873,0.097,1050,0.11441647597254005,0.88558352402746,0.903,158,1081,0.30027777777777775,158,158,158,0,0,1.0,1.0,0,0,,,0,0.0,0,0.0,330,1275.0,1275.0,1275.0,0,0.0
wrong_id_same_service_5pct,naive_temporal_window,11561,600,24,0.25,1500,0,180,0,0,0,0,0,0,600,3600,3600,3600,600,600,428,0.7133333333333334,0.7133333333333334,0.7133333333333334,0.7133333333333334,0.7133333333333335,0.9283333333333333,9000,9774,8226,774,0.086,1548,0.15837937384898712,0.8416206261510129,0.914,86,774,0.215,86,86,86,0,0,1.0,1.0,0,0,,,0,0.0,0,0.0,428,1275.0,1275.0,1275.0,0,0.0
wrong_id_same_service_10pct,strict_service_plus_correlation,11561,600,24,0.25,1500,0,360,0,0,0,0,0,0,600,3600,3600,3600,2169,325,173,0.28833333333333333,0.28833333333333333,0.5323076923076923,0.28833333333333333,0.37405405405405406,0.5641666666666667,9000,3954,3954,5046,0.5606666666666666,0,0.0,1.0,0.43933333333333335,275,1844,0.5122222222222222,0,275,275,0,0,1.0,1.0,0,0,,,1844,0.5122222222222222,0,0.0,173,1275.0,1275.0,1275.0,0,0.0
wrong_id_same_service_10pct,correlation_id_only_ablation,11561,600,24,0.25,1500,0,360,0,0,0,0,0,0,600,3600,3600,3600,600,600,173,0.28833333333333333,0.28833333333333333,0.28833333333333333,0.28833333333333333,0.28833333333333333,0.9,9000,9335,7295,1705,0.18944444444444444,2040,0.2185324049276915,0.7814675950723086,0.8105555555555556,275,1844,0.5122222222222222,275,275,275,0,0,1.0,1.0,0,0,,,0,0.0,0,0.0,173,1275.0,1275.0,1275.0,0,0.0
wrong_id_same_service_10pct,naive_temporal_window,11561,600,24,0.25,1500,0,360,0,0,0,0,0,0,600,3600,3600,3600,600,600,428,0.7133333333333334,0.7133333333333334,0.7133333333333334,0.7133333333333334,0.7133333333333335,0.9283333333333333,9000,9774,8226,774,0.086,1548,0.15837937384898712,0.8416206261510129,0.914,86,774,0.215,86,86,86,0,0,1.0,1.0,0,0,,,0,0.0,0,0.0,428,1275.0,1275.0,1275.0,0,0.0
wrong_id_same_service_20pct,strict_service_plus_correlation,11561,600,24,0.25,1500,0,720,0,0,0,0,0,0,600,3600,3600,3600,2940,174,47,0.07833333333333334,0.07833333333333334,0.27011494252873564,0.07833333333333334,0.12144702842377261,0.35,9000,1662,1662,7338,0.8153333333333334,0,0.0,1.0,0.18466666666666667,425,2765,0.7680555555555556,0,425,425,0,0,1.0,1.0,0,0,,,2765,0.7680555555555556,0,0.0,47,1275.0,1275.0,1275.0,0,0.0
wrong_id_same_service_20pct,correlation_id_only_ablation,11561,600,24,0.25,1500,0,720,0,0,0,0,0,0,600,3600,3600,3600,600,599,47,0.07833333333333334,0.07833333333333334,0.07846410684474124,0.07833333333333334,0.07839866555462886,0.8,9000,9637,5782,3218,0.35755555555555557,3855,0.40002075334647713,0.5999792466535229,0.6424444444444445,425,2765,0.7680555555555556,425,425,425,0,0,1.0,1.0,0,0,,,0,0.0,0,0.0,47,1275.0,1275.0,1275.0,0,0.0
wrong_id_same_service_20pct,naive_temporal_window,11561,600,24,0.25,1500,0,720,0,0,0,0,0,0,600,3600,3600,3600,600,600,428,0.7133333333333334,0.7133333333333334,0.7133333333333334,0.7133333333333334,0.7133333333333335,0.9283333333333333,9000,9774,8226,774,0.086,1548,0.15837937384898712,0.8416206261510129,0.914,86,774,0.215,86,86,86,0,0,1.0,1.0,0,0,,,0,0.0,0,0.0,428,1275.0,1275.0,1275.0,0,0.0
missing_plane_deployment,strict_service_plus_correlation,11561,600,24,0.25,1500,600,0,0,0,0,0,0,0,600,3600,3600,3600,1200,600,0,0.0,0.0,0.0,0.0,0.0,0.8333333333333334,9000,6000,6000,3000,0.3333333333333333,0,0.0,1.0,0.6666666666666666,0,0,0.0,0,0,0,0,0,,,0,0,,,600,0.16666666666666666,0,0.0,0,,,,0,0.0
missing_plane_deployment,correlation_id_only_ablation,11561,600,24,0.25,1500,600,0,0,0,0,0,0,0,600,3600,3600,3600,1200,600,0,0.0,0.0,0.0,0.0,0.0,0.8333333333333334,9000,6000,6000,3000,0.3333333333333333,0,0.0,1.0,0.6666666666666666,0,0,0.0,0,0,0,0,0,,,0,0,,,600,0.16666666666666666,0,0.0,0,,,,0,0.0
missing_plane_deployment,naive_temporal_window,11561,600,24,0.25,1500,600,0,0,0,0,0,0,0,600,3600,3600,3600,600,600,428,0.7133333333333334,0.7133333333333334,0.7133333333333334,0.7133333333333334,0.7133333333333335,0.9283333333333333,9000,9774,8226,774,0.086,1548,0.15837937384898712,0.8416206261510129,0.914,86,774,0.215,86,86,86,0,0,1.0,1.0,0,0,,,0,0.0,0,0.0,428,1275.0,1275.0,1275.0,0,0.0
missing_plane_identity,strict_service_plus_correlation,11561,600,24,0.25,1500,600,0,0,0,0,0,0,0,600,3600,3600,3600,1200,600,0,0.0,0.0,0.0,0.0,0.0,0.8333333333333334,9000,6000,6000,3000,0.3333333333333333,0,0.0,1.0,0.6666666666666666,0,0,0.0,0,0,0,0,0,,,0,0,,,600,0.16666666666666666,0,0.0,0,,,,0,0.0
missing_plane_identity,correlation_id_only_ablation,11561,600,24,0.25,1500,600,0,0,0,0,0,0,0,600,3600,3600,3600,1200,600,0,0.0,0.0,0.0,0.0,0.0,0.8333333333333334,9000,6000,6000,3000,0.3333333333333333,0,0.0,1.0,0.6666666666666666,0,0,0.0,0,0,0,0,0,,,0,0,,,600,0.16666666666666666,0,0.0,0,,,,0,0.0
missing_plane_identity,naive_temporal_window,11561,600,24,0.25,1500,600,0,0,0,0,0,0,0,600,3600,3600,3600,600,600,428,0.7133333333333334,0.7133333333333334,0.7133333333333334,0.7133333333333334,0.7133333333333335,0.9283333333333333,9000,9774,8226,774,0.086,1548,0.15837937384898712,0.8416206261510129,0.914,86,774,0.215,86,86,86,0,0,1.0,1.0,0,0,,,0,0.0,0,0.0,428,1275.0,1275.0,1275.0,0,0.0
missing_plane_policy,strict_service_plus_correlation,11561,600,24,0.25,1500,600,0,0,0,0,0,0,0,600,3600,3600,3600,1200,600,0,0.0,0.0,0.0,0.0,0.0,0.8333333333333334,9000,6000,6000,3000,0.3333333333333333,0,0.0,1.0,0.6666666666666666,0,0,0.0,0,0,0,0,0,,,0,0,,,600,0.16666666666666666,0,0.0,0,,,,0,0.0
missing_plane_policy,correlation_id_only_ablation,11561,600,24,0.25,1500,600,0,0,0,0,0,0,0,600,3600,3600,3600,1200,600,0,0.0,0.0,0.0,0.0,0.0,0.8333333333333334,9000,6000,6000,3000,0.3333333333333333,0,0.0,1.0,0.6666666666666666,0,0,0.0,0,0,0,0,0,,,0,0,,,600,0.16666666666666666,0,0.0,0,,,,0,0.0
missing_plane_policy,naive_temporal_window,11561,600,24,0.25,1500,600,0,0,0,0,0,0,0,600,3600,3600,3600,600,600,428,0.7133333333333334,0.7133333333333334,0.7133333333333334,0.7133333333333334,0.7133333333333335,0.9283333333333333,9000,9774,8226,774,0.086,1548,0.15837937384898712,0.8416206261510129,0.914,86,774,0.215,86,86,86,0,0,1.0,1.0,0,0,,,0,0.0,0,0.0,428,1275.0,1275.0,1275.0,0,0.0
missing_plane_telemetry,strict_service_plus_correlation,11561,600,24,0.25,1500,600,0,0,0,0,0,0,0,600,3600,3600,3600,1200,600,0,0.0,0.0,0.0,0.0,0.0,0.8333333333333334,9000,6000,6000,3000,0.3333333333333333,0,0.0,1.0,0.6666666666666666,0,0,0.0,0,0,0,0,0,,,0,0,,,600,0.16666666666666666,0,0.0,0,,,,0,0.0
missing_plane_telemetry,correlation_id_only_ablation,11561,600,24,0.25,1500,600,0,0,0,0,0,0,0,600,3600,3600,3600,1200,600,0,0.0,0.0,0.0,0.0,0.0,0.8333333333333334,9000,6000,6000,3000,0.3333333333333333,0,0.0,1.0,0.6666666666666666,0,0,0.0,0,0,0,0,0,,,0,0,,,600,0.16666666666666666,0,0.0,0,,,,0,0.0
missing_plane_telemetry,naive_temporal_window,11561,600,24,0.25,1500,600,0,0,0,0,0,0,0,600,3600,3600,3600,600,600,428,0.7133333333333334,0.7133333333333334,0.7133333333333334,0.7133333333333334,0.7133333333333335,0.9283333333333333,9000,9774,8226,774,0.086,1548,0.15837937384898712,0.8416206261510129,0.914,86,774,0.215,86,86,86,0,0,1.0,1.0,0,0,,,0,0.0,0,0.0,428,1275.0,1275.0,1275.0,0,0.0
missing_plane_incident,strict_service_plus_correlation,11561,600,24,0.25,1500,600,0,0,0,0,0,0,0,600,3600,3600,3600,1200,600,0,0.0,0.0,0.0,0.0,0.0,0.8333333333333334,9000,6000,6000,3000,0.3333333333333333,0,0.0,1.0,0.6666666666666666,0,0,0.0,0,0,0,0,0,,,0,0,,,600,0.16666666666666666,0,0.0,0,,,,0,0.0
missing_plane_incident,correlation_id_only_ablation,11561,600,24,0.25,1500,600,0,0,0,0,0,0,0,600,3600,3600,3600,1200,600,0,0.0,0.0,0.0,0.0,0.0,0.8333333333333334,9000,6000,6000,3000,0.3333333333333333,0,0.0,1.0,0.6666666666666666,0,0,0.0,0,0,0,0,0,,,0,0,,,600,0.16666666666666666,0,0.0,0,,,,0,0.0
missing_plane_incident,naive_temporal_window,11561,600,24,0.25,1500,600,0,0,0,0,0,0,0,600,3600,3600,3600,600,600,428,0.7133333333333334,0.7133333333333334,0.7133333333333334,0.7133333333333334,0.7133333333333335,0.9283333333333333,9000,9774,8226,774,0.086,1548,0.15837937384898712,0.8416206261510129,0.914,86,774,0.215,86,86,86,0,0,1.0,1.0,0,0,,,0,0.0,0,0.0,428,1275.0,1275.0,1275.0,0,0.0
missing_plane_recovery,strict_service_plus_correlation,11561,600,24,0.25,1500,600,0,0,0,0,0,0,0,600,3600,3600,3600,1200,600,0,0.0,0.0,0.0,0.0,0.0,0.8333333333333334,9000,6000,6000,3000,0.3333333333333333,0,0.0,1.0,0.6666666666666666,0,0,0.0,0,0,0,0,0,,,0,0,,,600,0.16666666666666666,0,0.0,0,,,,0,0.0
missing_plane_recovery,correlation_id_only_ablation,11561,600,24,0.25,1500,600,0,0,0,0,0,0,0,600,3600,3600,3600,1200,600,0,0.0,0.0,0.0,0.0,0.0,0.8333333333333334,9000,6000,6000,3000,0.3333333333333333,0,0.0,1.0,0.6666666666666666,0,0,0.0,0,0,0,0,0,,,0,0,,,600,0.16666666666666666,0,0.0,0,,,,0,0.0
missing_plane_recovery,naive_temporal_window,11561,600,24,0.25,1500,600,0,0,0,0,0,0,0,600,3600,3600,3600,600,600,428,0.7133333333333334,0.7133333333333334,0.7133333333333334,0.7133333333333334,0.7133333333333335,0.9283333333333333,9000,9774,8226,774,0.086,1548,0.15837937384898712,0.8416206261510129,0.914,86,774,0.215,86,86,86,0,0,1.0,1.0,0,0,,,0,0.0,0,0.0,428,1275.0,1275.0,1275.0,0,0.0
collision_same_service_1pct,strict_service_plus_correlation,11561,600,24,0.25,1500,0,0,6,0,0,0,0,0,600,3600,3600,3600,660,588,588,0.98,0.98,1.0,0.98,0.98989898989899,0.9833333333333333,9000,8820,8820,180,0.02,0,0.0,1.0,0.98,6,72,0.02,0,6,6,0,0,1.0,1.0,0,0,,,72,0.02,0,0.0,588,1275.0,1275.0,1275.0,0,0.0
collision_same_service_1pct,correlation_id_only_ablation,11561,600,24,0.25,1500,0,0,6,0,0,0,0,0,600,3600,3600,3600,594,594,588,0.98,0.98,0.98989898989899,0.98,0.9849246231155778,1.0,9000,9216,9000,0,0.0,216,0.0234375,0.9765625,1.0,6,72,0.02,6,6,6,0,0,1.0,1.0,0,0,,,0,0.0,0,0.0,588,1275.0,1275.0,1275.0,0,0.0
collision_same_service_1pct,naive_temporal_window,11561,600,24,0.25,1500,0,0,6,0,0,0,0,0,600,3600,3600,3600,600,600,428,0.7133333333333334,0.7133333333333334,0.7133333333333334,0.7133333333333334,0.7133333333333335,0.9283333333333333,9000,9774,8226,774,0.086,1548,0.15837937384898712,0.8416206261510129,0.914,86,774,0.215,86,86,86,0,0,1.0,1.0,0,0,,,0,0.0,0,0.0,428,1275.0,1275.0,1275.0,0,0.0
collision_same_service_5pct,strict_service_plus_correlation,11561,600,24,0.25,1500,0,0,30,0,0,0,0,0,600,3600,3600,3600,900,540,540,0.9,0.9,1.0,0.9,0.9473684210526316,0.9166666666666666,9000,8100,8100,900,0.1,0,0.0,1.0,0.9,30,360,0.1,0,30,30,0,0,1.0,1.0,0,0,,,360,0.1,0,0.0,540,1275.0,1275.0,1275.0,0,0.0
collision_same_service_5pct,correlation_id_only_ablation,11561,600,24,0.25,1500,0,0,30,0,0,0,0,0,600,3600,3600,3600,570,570,540,0.9,0.9,0.9473684210526315,0.9,0.9230769230769231,1.0,9000,10080,9000,0,0.0,1080,0.10714285714285714,0.8928571428571429,1.0,30,360,0.1,30,30,30,0,0,1.0,1.0,0,0,,,0,0.0,0,0.0,540,1275.0,1275.0,1275.0,0,0.0
collision_same_service_5pct,naive_temporal_window,11561,600,24,0.25,1500,0,0,30,0,0,0,0,0,600,3600,3600,3600,600,600,428,0.7133333333333334,0.7133333333333334,0.7133333333333334,0.7133333333333334,0.7133333333333335,0.9283333333333333,9000,9774,8226,774,0.086,1548,0.15837937384898712,0.8416206261510129,0.914,86,774,0.215,86,86,86,0,0,1.0,1.0,0,0,,,0,0.0,0,0.0,428,1275.0,1275.0,1275.0,0,0.0
collision_same_service_10pct,strict_service_plus_correlation,11561,600,24,0.25,1500,0,0,60,0,0,0,0,0,600,3600,3600,3600,1200,480,480,0.8,0.8,1.0,0.8,0.888888888888889,0.8333333333333334,9000,7200,7200,1800,0.2,0,0.0,1.0,0.8,60,720,0.2,0,60,60,0,0,1.0,1.0,0,0,,,720,0.2,0,0.0,480,1275.0,1275.0,1275.0,0,0.0
collision_same_service_10pct,correlation_id_only_ablation,11561,600,24,0.25,1500,0,0,60,0,0,0,0,0,600,3600,3600,3600,540,540,480,0.8,0.8,0.8888888888888888,0.8,0.8421052631578948,1.0,9000,11160,9000,0,0.0,2160,0.1935483870967742,0.8064516129032258,1.0,60,720,0.2,60,60,60,0,0,1.0,1.0,0,0,,,0,0.0,0,0.0,480,1275.0,1275.0,1275.0,0,0.0
collision_same_service_10pct,naive_temporal_window,11561,600,24,0.25,1500,0,0,60,0,0,0,0,0,600,3600,3600,3600,600,600,428,0.7133333333333334,0.7133333333333334,0.7133333333333334,0.7133333333333334,0.7133333333333335,0.9283333333333333,9000,9774,8226,774,0.086,1548,0.15837937384898712,0.8416206261510129,0.914,86,774,0.215,86,86,86,0,0,1.0,1.0,0,0,,,0,0.0,0,0.0,428,1275.0,1275.0,1275.0,0,0.0
collision_cross_service_5pct,strict_service_plus_correlation,11561,600,24,0.25,1500,0,0,30,0,0,0,0,0,600,3600,3600,3600,600,600,600,1.0,1.0,1.0,1.0,1.0,1.0,9000,9000,9000,0,0.0,0,0.0,1.0,1.0,0,0,0.0,0,0,0,0,0,,,0,0,,,0,0.0,0,0.0,600,1275.0,1275.0,1275.0,0,0.0
collision_cross_service_5pct,correlation_id_only_ablation,11561,600,24,0.25,1500,0,0,30,0,0,0,0,0,600,3600,3600,3600,570,570,540,0.9,0.9,0.9473684210526315,0.9,0.9230769230769231,1.0,9000,10080,9000,0,0.0,1080,0.10714285714285714,0.8928571428571429,1.0,30,360,0.1,30,30,30,0,0,1.0,1.0,0,0,,,0,0.0,0,0.0,540,1275.0,1275.0,1275.0,0,0.0
collision_cross_service_5pct,naive_temporal_window,11561,600,24,0.25,1500,0,0,30,0,0,0,0,0,600,3600,3600,3600,600,600,428,0.7133333333333334,0.7133333333333334,0.7133333333333334,0.7133333333333334,0.7133333333333335,0.9283333333333333,9000,9774,8226,774,0.086,1548,0.15837937384898712,0.8416206261510129,0.914,86,774,0.215,86,86,86,0,0,1.0,1.0,0,0,,,0,0.0,0,0.0,428,1275.0,1275.0,1275.0,0,0.0
duplicate_exact_10pct,strict_service_plus_correlation,11561,600,24,0.25,1500,0,0,0,360,0,0,0,0,600,3600,3600,3960,600,600,600,1.0,1.0,1.0,1.0,1.0,1.0,9000,9000,9000,0,0.0,0,0.0,1.0,1.0,0,0,0.0,0,0,0,0,0,,,0,0,,,0,0.0,360,0.09090909090909091,600,1275.0,1275.0,1275.0,0,0.0
duplicate_exact_10pct,correlation_id_only_ablation,11561,600,24,0.25,1500,0,0,0,360,0,0,0,0,600,3600,3600,3960,600,600,600,1.0,1.0,1.0,1.0,1.0,1.0,9000,9000,9000,0,0.0,0,0.0,1.0,1.0,0,0,0.0,0,0,0,0,0,,,0,0,,,0,0.0,360,0.09090909090909091,600,1275.0,1275.0,1275.0,0,0.0
duplicate_exact_10pct,naive_temporal_window,11561,600,24,0.25,1500,0,0,0,360,0,0,0,0,600,3600,3600,3960,600,600,428,0.7133333333333334,0.7133333333333334,0.7133333333333334,0.7133333333333334,0.7133333333333335,0.9283333333333333,9000,9774,8226,774,0.086,1548,0.15837937384898712,0.8416206261510129,0.914,86,774,0.215,86,86,86,0,0,1.0,1.0,0,0,,,0,0.0,360,0.09090909090909091,428,1275.0,1275.0,1275.0,0,0.0
duplicate_source_conflict_5pct,strict_service_plus_correlation,11561,600,24,0.25,1500,0,0,0,0,180,0,0,0,600,3600,3600,3780,960,600,439,0.7316666666666667,0.7316666666666667,0.7316666666666667,0.7316666666666667,0.7316666666666667,0.95,9000,8121,8121,879,0.09766666666666667,0,0.0,1.0,0.9023333333333333,0,0,0.0,0,0,0,0,0,,,180,180,1.0,1.0,360,0.09523809523809523,0,0.0,439,1275.0,1275.0,1275.0,0,0.0
duplicate_source_conflict_5pct,correlation_id_only_ablation,11561,600,24,0.25,1500,0,0,0,0,180,0,0,0,600,3600,3600,3780,600,600,439,0.7316666666666667,0.7316666666666667,0.7316666666666667,0.7316666666666667,0.7316666666666667,1.0,9000,10101,9000,0,0.0,1101,0.108999108999109,0.891000891000891,1.0,0,0,0.0,0,161,0,161,0,0.0,,180,180,1.0,1.0,0,0.0,0,0.0,439,1275.0,1275.0,1275.0,0,0.0
duplicate_source_conflict_5pct,naive_temporal_window,11561,600,24,0.25,1500,0,0,0,0,180,0,0,0,600,3600,3600,3780,600,600,318,0.53,0.53,0.53,0.53,0.53,0.9283333333333333,9000,10984,8226,774,0.086,2758,0.2510924981791697,0.7489075018208303,0.914,86,774,0.215,86,208,86,122,0,0.41346153846153844,1.0,180,180,1.0,1.0,0,0.0,0,0.0,318,1275.0,1275.0,1275.0,0,0.0
clock_skew_random_10pct_5s,strict_service_plus_correlation,11561,600,24,0.25,1500,0,0,0,0,0,360,0,0,600,3600,3600,3600,1925,335,335,0.5583333333333333,0.5583333333333333,1.0,0.5583333333333333,0.7165775401069518,0.6319444444444444,9000,5025,5025,3975,0.44166666666666665,0,0.0,1.0,0.5583333333333333,0,0,0.0,0,265,0,265,0,0.0,,0,0,,,1590,0.44166666666666665,0,0.0,335,1275.0,1275.0,1275.0,0,0.0
clock_skew_random_10pct_5s,correlation_id_only_ablation,11561,600,24,0.25,1500,0,0,0,0,0,360,0,0,600,3600,3600,3600,600,600,600,1.0,1.0,1.0,1.0,1.0,1.0,9000,9000,9000,0,0.0,0,0.0,1.0,1.0,0,0,0.0,0,265,0,265,0,0.0,,0,0,,,0,0.0,0,0.0,600,1275.0,1275.0,1275.0,0,0.0
clock_skew_random_10pct_5s,naive_temporal_window,11561,600,24,0.25,1500,0,0,0,0,0,360,0,0,600,3600,3600,3600,858,681,229,0.38166666666666665,0.38166666666666665,0.33627019089574156,0.38166666666666665,0.35753317720530836,0.8411111111111111,9000,8096,6729,2271,0.25233333333333335,1367,0.16884881422924902,0.831151185770751,0.7476666666666667,132,814,0.22611111111111112,132,98,98,0,34,1.0,0.7424242424242424,0,0,,,0,0.0,0,0.0,229,1275.0,1275.0,1275.0,0,0.0
late_arrival_10pct_30s,strict_service_plus_correlation,11561,600,24,0.25,1500,0,0,0,0,0,0,360,0,600,3600,3600,3600,600,600,600,1.0,1.0,1.0,1.0,1.0,1.0,9000,9000,9000,0,0.0,0,0.0,1.0,1.0,0,0,0.0,0,0,0,0,0,,,0,0,,,0,0.0,0,0.0,600,1275.0,31275.0,31275.0,131793,0.02034407705844216
late_arrival_10pct_30s,correlation_id_only_ablation,11561,600,24,0.25,1500,0,0,0,0,0,0,360,0,600,3600,3600,3600,600,600,600,1.0,1.0,1.0,1.0,1.0,1.0,9000,9000,9000,0,0.0,0,0.0,1.0,1.0,0,0,0.0,0,0,0,0,0,,,0,0,,,0,0.0,0,0.0,600,1275.0,31275.0,31275.0,131793,0.02034407705844216
late_arrival_10pct_30s,naive_temporal_window,11561,600,24,0.25,1500,0,0,0,0,0,0,360,0,600,3600,3600,3600,600,600,428,0.7133333333333334,0.7133333333333334,0.7133333333333334,0.7133333333333334,0.7133333333333335,0.9283333333333333,9000,9774,8226,774,0.086,1548,0.15837937384898712,0.8416206261510129,0.914,86,774,0.215,86,86,86,0,0,1.0,1.0,0,0,,,0,0.0,0,0.0,428,1275.0,31275.0,31275.0,131793,0.02034407705844216
out_of_order_jitter_3s,strict_service_plus_correlation,11561,600,24,0.25,1500,0,0,0,0,0,0,0,3600,600,3600,3600,3600,600,600,600,1.0,1.0,1.0,1.0,1.0,1.0,9000,9000,9000,0,0.0,0,0.0,1.0,1.0,0,0,0.0,0,0,0,0,0,,,0,0,,,0,0.0,0,0.0,600,3461.5,4126.149999999999,4274.0,96026,0.014822944645117471
out_of_order_jitter_3s,correlation_id_only_ablation,11561,600,24,0.25,1500,0,0,0,0,0,0,0,3600,600,3600,3600,3600,600,600,600,1.0,1.0,1.0,1.0,1.0,1.0,9000,9000,9000,0,0.0,0,0.0,1.0,1.0,0,0,0.0,0,0,0,0,0,,,0,0,,,0,0.0,0,0.0,600,3461.5,4126.149999999999,4274.0,96026,0.014822944645117471
out_of_order_jitter_3s,naive_temporal_window,11561,600,24,0.25,1500,0,0,0,0,0,0,0,3600,600,3600,3600,3600,600,600,428,0.7133333333333334,0.7133333333333334,0.7133333333333334,0.7133333333333334,0.7133333333333335,0.9283333333333333,9000,9774,8226,774,0.086,1548,0.15837937384898712,0.8416206261510129,0.914,86,774,0.215,86,86,86,0,0,1.0,1.0,0,0,,,0,0.0,0,0.0,428,3447.5,4122.2,4260.0,96026,0.014822944645117471
compound_adversarial,strict_service_plus_correlation,11561,600,24,0.25,1500,360,0,30,0,0,0,360,3600,600,3600,3600,3600,1230,540,279,0.465,0.465,0.5166666666666667,0.465,0.4894736842105264,0.825,9000,6531,6531,2469,0.2743333333333333,0,0.0,1.0,0.7256666666666667,30,330,0.09166666666666666,0,30,30,0,0,1.0,1.0,0,0,,,690,0.19166666666666668,0,0.0,279,4088.0,33441.7,34231.0,204794,0.03161279367725603
compound_adversarial,correlation_id_only_ablation,11561,600,24,0.25,1500,360,0,30,0,0,0,360,3600,600,3600,3600,3600,930,570,279,0.465,0.465,0.48947368421052634,0.465,0.47692307692307695,0.9,9000,8198,7288,1712,0.1902222222222222,910,0.11100268358136131,0.8889973164186387,0.8097777777777778,30,330,0.09166666666666666,30,30,30,0,0,1.0,1.0,0,0,,,360,0.1,0,0.0,279,4088.0,33441.7,34231.0,204794,0.03161279367725603
compound_adversarial,naive_temporal_window,11561,600,24,0.25,1500,360,0,30,0,0,0,360,3600,600,3600,3600,3600,600,600,428,0.7133333333333334,0.7133333333333334,0.7133333333333334,0.7133333333333334,0.7133333333333335,0.9283333333333333,9000,9774,8226,774,0.086,1548,0.15837937384898712,0.8416206261510129,0.914,86,774,0.215,86,86,86,0,0,1.0,1.0,0,0,,,0,0.0,0,0.0,428,4244.5,33445.55,34014.0,204794,0.03161279367725603
control,strict_service_plus_correlation,11662,600,24,0.25,1500,0,0,0,0,0,0,0,0,600,3600,3600,3600,600,600,600,1.0,1.0,1.0,1.0,1.0,1.0,9000,9000,9000,0,0.0,0,0.0,1.0,1.0,0,0,0.0,0,0,0,0,0,,,0,0,,,0,0.0,0,0.0,600,1275.0,1275.0,1275.0,0,0.0
control,correlation_id_only_ablation,11662,600,24,0.25,1500,0,0,0,0,0,0,0,0,600,3600,3600,3600,600,600,600,1.0,1.0,1.0,1.0,1.0,1.0,9000,9000,9000,0,0.0,0,0.0,1.0,1.0,0,0,0.0,0,0,0,0,0,,,0,0,,,0,0.0,0,0.0,600,1275.0,1275.0,1275.0,0,0.0
control,naive_temporal_window,11662,600,24,0.25,1500,0,0,0,0,0,0,0,0,600,3600,3600,3600,600,600,452,0.7533333333333333,0.7533333333333333,0.7533333333333333,0.7533333333333333,0.7533333333333333,0.9383333333333334,9000,9666,8334,666,0.074,1332,0.1378026070763501,0.8621973929236499,0.926,74,666,0.185,74,74,74,0,0,1.0,1.0,0,0,,,0,0.0,0,0.0,452,1275.0,1275.0,1275.0,0,0.0
missing_random_1pct,strict_service_plus_correlation,11662,600,24,0.25,1500,36,0,0,0,0,0,0,0,600,3600,3600,3600,636,600,564,0.94,0.94,0.94,0.94,0.94,0.99,9000,8820,8820,180,0.02,0,0.0,1.0,0.98,0,0,0.0,0,0,0,0,0,,,0,0,,,36,0.01,0,0.0,564,1275.0,1275.0,1275.0,0,0.0
missing_random_1pct,correlation_id_only_ablation,11662,600,24,0.25,1500,36,0,0,0,0,0,0,0,600,3600,3600,3600,636,600,564,0.94,0.94,0.94,0.94,0.94,0.99,9000,8820,8820,180,0.02,0,0.0,1.0,0.98,0,0,0.0,0,0,0,0,0,,,0,0,,,36,0.01,0,0.0,564,1275.0,1275.0,1275.0,0,0.0
missing_random_1pct,naive_temporal_window,11662,600,24,0.25,1500,36,0,0,0,0,0,0,0,600,3600,3600,3600,600,600,452,0.7533333333333333,0.7533333333333333,0.7533333333333333,0.7533333333333333,0.7533333333333333,0.9383333333333334,9000,9666,8334,666,0.074,1332,0.1378026070763501,0.8621973929236499,0.926,74,666,0.185,74,74,74,0,0,1.0,1.0,0,0,,,0,0.0,0,0.0,452,1275.0,1275.0,1275.0,0,0.0
missing_random_5pct,strict_service_plus_correlation,11662,600,24,0.25,1500,180,0,0,0,0,0,0,0,600,3600,3600,3600,780,600,436,0.7266666666666667,0.7266666666666667,0.7266666666666667,0.7266666666666667,0.7266666666666666,0.95,9000,8117,8117,883,0.09811111111111111,0,0.0,1.0,0.9018888888888889,0,0,0.0,0,0,0,0,0,,,0,0,,,180,0.05,0,0.0,436,1275.0,1275.0,1275.0,0,0.0
missing_random_5pct,correlation_id_only_ablation,11662,600,24,0.25,1500,180,0,0,0,0,0,0,0,600,3600,3600,3600,780,600,436,0.7266666666666667,0.7266666666666667,0.7266666666666667,0.7266666666666667,0.7266666666666666,0.95,9000,8117,8117,883,0.09811111111111111,0,0.0,1.0,0.9018888888888889,0,0,0.0,0,0,0,0,0,,,0,0,,,180,0.05,0,0.0,436,1275.0,1275.0,1275.0,0,0.0
missing_random_5pct,naive_temporal_window,11662,600,24,0.25,1500,180,0,0,0,0,0,0,0,600,3600,3600,3600,600,600,452,0.7533333333333333,0.7533333333333333,0.7533333333333333,0.7533333333333333,0.7533333333333333,0.9383333333333334,9000,9666,8334,666,0.074,1332,0.1378026070763501,0.8621973929236499,0.926,74,666,0.185,74,74,74,0,0,1.0,1.0,0,0,,,0,0.0,0,0.0,452,1275.0,1275.0,1275.0,0,0.0
missing_random_10pct,strict_service_plus_correlation,11662,600,24,0.25,1500,360,0,0,0,0,0,0,0,600,3600,3600,3600,960,599,320,0.5333333333333333,0.5333333333333333,0.5342237061769616,0.5333333333333333,0.5337781484570475,0.9,9000,7294,7294,1706,0.18955555555555556,0,0.0,1.0,0.8104444444444444,0,0,0.0,0,0,0,0,0,,,0,0,,,360,0.1,0,0.0,320,1275.0,1275.0,1275.0,0,0.0
missing_random_10pct,correlation_id_only_ablation,11662,600,24,0.25,1500,360,0,0,0,0,0,0,0,600,3600,3600,3600,960,599,320,0.5333333333333333,0.5333333333333333,0.5342237061769616,0.5333333333333333,0.5337781484570475,0.9,9000,7294,7294,1706,0.18955555555555556,0,0.0,1.0,0.8104444444444444,0,0,0.0,0,0,0,0,0,,,0,0,,,360,0.1,0,0.0,320,1275.0,1275.0,1275.0,0,0.0
missing_random_10pct,naive_temporal_window,11662,600,24,0.25,1500,360,0,0,0,0,0,0,0,600,3600,3600,3600,600,600,452,0.7533333333333333,0.7533333333333333,0.7533333333333333,0.7533333333333333,0.7533333333333333,0.9383333333333334,9000,9666,8334,666,0.074,1332,0.1378026070763501,0.8621973929236499,0.926,74,666,0.185,74,74,74,0,0,1.0,1.0,0,0,,,0,0.0,0,0.0,452,1275.0,1275.0,1275.0,0,0.0
missing_random_20pct,strict_service_plus_correlation,11662,600,24,0.25,1500,720,0,0,0,0,0,0,0,600,3600,3600,3600,1319,595,163,0.27166666666666667,0.27166666666666667,0.2739495798319328,0.27166666666666667,0.2728033472803348,0.8002777777777778,9000,5782,5782,3218,0.35755555555555557,0,0.0,1.0,0.6424444444444445,0,0,0.0,0,0,0,0,0,,,0,0,,,720,0.2,0,0.0,163,1275.0,1275.0,1275.0,0,0.0
missing_random_20pct,correlation_id_only_ablation,11662,600,24,0.25,1500,720,0,0,0,0,0,0,0,600,3600,3600,3600,1319,595,163,0.27166666666666667,0.27166666666666667,0.2739495798319328,0.27166666666666667,0.2728033472803348,0.8002777777777778,9000,5782,5782,3218,0.35755555555555557,0,0.0,1.0,0.6424444444444445,0,0,0.0,0,0,0,0,0,,,0,0,,,720,0.2,0,0.0,163,1275.0,1275.0,1275.0,0,0.0
missing_random_20pct,naive_temporal_window,11662,600,24,0.25,1500,720,0,0,0,0,0,0,0,600,3600,3600,3600,600,600,452,0.7533333333333333,0.7533333333333333,0.7533333333333333,0.7533333333333333,0.7533333333333333,0.9383333333333334,9000,9666,8334,666,0.074,1332,0.1378026070763501,0.8621973929236499,0.926,74,666,0.185,74,74,74,0,0,1.0,1.0,0,0,,,0,0.0,0,0.0,452,1275.0,1275.0,1275.0,0,0.0
wrong_id_same_service_1pct,strict_service_plus_correlation,11662,600,24,0.25,1500,0,36,0,0,0,0,0,0,600,3600,3600,3600,813,564,532,0.8866666666666667,0.8866666666666667,0.9432624113475178,0.8866666666666667,0.9140893470790379,0.9408333333333333,9000,8296,8296,704,0.07822222222222222,0,0.0,1.0,0.9217777777777778,36,249,0.06916666666666667,0,36,36,0,0,1.0,1.0,0,0,,,249,0.06916666666666667,0,0.0,532,1275.0,1275.0,1275.0,0,0.0
wrong_id_same_service_1pct,correlation_id_only_ablation,11662,600,24,0.25,1500,0,36,0,0,0,0,0,0,600,3600,3600,3600,600,600,532,0.8866666666666667,0.8866666666666667,0.8866666666666667,0.8866666666666667,0.8866666666666667,0.99,9000,9034,8821,179,0.01988888888888889,213,0.023577595749391188,0.9764224042506088,0.9801111111111112,36,249,0.06916666666666667,36,36,36,0,0,1.0,1.0,0,0,,,0,0.0,0,0.0,532,1275.0,1275.0,1275.0,0,0.0
wrong_id_same_service_1pct,naive_temporal_window,11662,600,24,0.25,1500,0,36,0,0,0,0,0,0,600,3600,3600,3600,600,600,452,0.7533333333333333,0.7533333333333333,0.7533333333333333,0.7533333333333333,0.7533333333333333,0.9383333333333334,9000,9666,8334,666,0.074,1332,0.1378026070763501,0.8621973929236499,0.926,74,666,0.185,74,74,74,0,0,1.0,1.0,0,0,,,0,0.0,0,0.0,452,1275.0,1275.0,1275.0,0,0.0
wrong_id_same_service_5pct,strict_service_plus_correlation,11662,600,24,0.25,1500,0,180,0,0,0,0,0,0,600,3600,3600,3600,1496,447,332,0.5533333333333333,0.5533333333333333,0.7427293064876958,0.5533333333333333,0.6341929321872015,0.7511111111111111,9000,6067,6067,2933,0.3258888888888889,0,0.0,1.0,0.6741111111111111,153,1049,0.29138888888888886,0,153,153,0,0,1.0,1.0,0,0,,,1049,0.29138888888888886,0,0.0,332,1275.0,1275.0,1275.0,0,0.0
wrong_id_same_service_5pct,correlation_id_only_ablation,11662,600,24,0.25,1500,0,180,0,0,0,0,0,0,600,3600,3600,3600,600,600,332,0.5533333333333333,0.5533333333333333,0.5533333333333333,0.5533333333333333,0.5533333333333333,0.95,9000,9179,8123,877,0.09744444444444444,1056,0.11504521189672078,0.8849547881032792,0.9025555555555556,153,1049,0.29138888888888886,153,153,153,0,0,1.0,1.0,0,0,,,0,0.0,0,0.0,332,1275.0,1275.0,1275.0,0,0.0
wrong_id_same_service_5pct,naive_temporal_window,11662,600,24,0.25,1500,0,180,0,0,0,0,0,0,600,3600,3600,3600,600,600,452,0.7533333333333333,0.7533333333333333,0.7533333333333333,0.7533333333333333,0.7533333333333333,0.9383333333333334,9000,9666,8334,666,0.074,1332,0.1378026070763501,0.8621973929236499,0.926,74,666,0.185,74,74,74,0,0,1.0,1.0,0,0,,,0,0.0,0,0.0,452,1275.0,1275.0,1275.0,0,0.0
wrong_id_same_service_10pct,strict_service_plus_correlation,11662,600,24,0.25,1500,0,360,0,0,0,0,0,0,600,3600,3600,3600,2144,334,167,0.2783333333333333,0.2783333333333333,0.5,0.2783333333333333,0.3576017130620985,0.5711111111111111,9000,3992,3992,5008,0.5564444444444444,0,0.0,1.0,0.44355555555555554,266,1810,0.5027777777777778,0,266,266,0,0,1.0,1.0,0,0,,,1810,0.5027777777777778,0,0.0,167,1275.0,1275.0,1275.0,0,0.0
wrong_id_same_service_10pct,correlation_id_only_ablation,11662,600,24,0.25,1500,0,360,0,0,0,0,0,0,600,3600,3600,3600,600,600,167,0.2783333333333333,0.2783333333333333,0.2783333333333333,0.2783333333333333,0.2783333333333333,0.9,9000,9374,7294,1706,0.18955555555555556,2080,0.22189033496906338,0.7781096650309366,0.8104444444444444,266,1810,0.5027777777777778,266,266,266,0,0,1.0,1.0,0,0,,,0,0.0,0,0.0,167,1275.0,1275.0,1275.0,0,0.0
wrong_id_same_service_10pct,naive_temporal_window,11662,600,24,0.25,1500,0,360,0,0,0,0,0,0,600,3600,3600,3600,600,600,452,0.7533333333333333,0.7533333333333333,0.7533333333333333,0.7533333333333333,0.7533333333333333,0.9383333333333334,9000,9666,8334,666,0.074,1332,0.1378026070763501,0.8621973929236499,0.926,74,666,0.185,74,74,74,0,0,1.0,1.0,0,0,,,0,0.0,0,0.0,452,1275.0,1275.0,1275.0,0,0.0
wrong_id_same_service_20pct,strict_service_plus_correlation,11662,600,24,0.25,1500,0,720,0,0,0,0,0,0,600,3600,3600,3600,2861,190,53,0.08833333333333333,0.08833333333333333,0.2789473684210526,0.08833333333333333,0.1341772151898734,0.37194444444444447,9000,1891,1891,7109,0.7898888888888889,0,0.0,1.0,0.2101111111111111,410,2671,0.7419444444444444,0,410,410,0,0,1.0,1.0,0,0,,,2671,0.7419444444444444,0,0.0,53,1275.0,1275.0,1275.0,0,0.0
wrong_id_same_service_20pct,correlation_id_only_ablation,11662,600,24,0.25,1500,0,720,0,0,0,0,0,0,600,3600,3600,3600,600,600,53,0.08833333333333333,0.08833333333333333,0.08833333333333333,0.08833333333333333,0.08833333333333333,0.8,9000,9621,5787,3213,0.357,3834,0.3985032740879326,0.6014967259120674,0.643,410,2671,0.7419444444444444,410,410,410,0,0,1.0,1.0,0,0,,,0,0.0,0,0.0,53,1275.0,1275.0,1275.0,0,0.0
wrong_id_same_service_20pct,naive_temporal_window,11662,600,24,0.25,1500,0,720,0,0,0,0,0,0,600,3600,3600,3600,600,600,452,0.7533333333333333,0.7533333333333333,0.7533333333333333,0.7533333333333333,0.7533333333333333,0.9383333333333334,9000,9666,8334,666,0.074,1332,0.1378026070763501,0.8621973929236499,0.926,74,666,0.185,74,74,74,0,0,1.0,1.0,0,0,,,0,0.0,0,0.0,452,1275.0,1275.0,1275.0,0,0.0
missing_plane_deployment,strict_service_plus_correlation,11662,600,24,0.25,1500,600,0,0,0,0,0,0,0,600,3600,3600,3600,1200,600,0,0.0,0.0,0.0,0.0,0.0,0.8333333333333334,9000,6000,6000,3000,0.3333333333333333,0,0.0,1.0,0.6666666666666666,0,0,0.0,0,0,0,0,0,,,0,0,,,600,0.16666666666666666,0,0.0,0,,,,0,0.0
missing_plane_deployment,correlation_id_only_ablation,11662,600,24,0.25,1500,600,0,0,0,0,0,0,0,600,3600,3600,3600,1200,600,0,0.0,0.0,0.0,0.0,0.0,0.8333333333333334,9000,6000,6000,3000,0.3333333333333333,0,0.0,1.0,0.6666666666666666,0,0,0.0,0,0,0,0,0,,,0,0,,,600,0.16666666666666666,0,0.0,0,,,,0,0.0
missing_plane_deployment,naive_temporal_window,11662,600,24,0.25,1500,600,0,0,0,0,0,0,0,600,3600,3600,3600,600,600,452,0.7533333333333333,0.7533333333333333,0.7533333333333333,0.7533333333333333,0.7533333333333333,0.9383333333333334,9000,9666,8334,666,0.074,1332,0.1378026070763501,0.8621973929236499,0.926,74,666,0.185,74,74,74,0,0,1.0,1.0,0,0,,,0,0.0,0,0.0,452,1275.0,1275.0,1275.0,0,0.0
missing_plane_identity,strict_service_plus_correlation,11662,600,24,0.25,1500,600,0,0,0,0,0,0,0,600,3600,3600,3600,1200,600,0,0.0,0.0,0.0,0.0,0.0,0.8333333333333334,9000,6000,6000,3000,0.3333333333333333,0,0.0,1.0,0.6666666666666666,0,0,0.0,0,0,0,0,0,,,0,0,,,600,0.16666666666666666,0,0.0,0,,,,0,0.0
missing_plane_identity,correlation_id_only_ablation,11662,600,24,0.25,1500,600,0,0,0,0,0,0,0,600,3600,3600,3600,1200,600,0,0.0,0.0,0.0,0.0,0.0,0.8333333333333334,9000,6000,6000,3000,0.3333333333333333,0,0.0,1.0,0.6666666666666666,0,0,0.0,0,0,0,0,0,,,0,0,,,600,0.16666666666666666,0,0.0,0,,,,0,0.0
missing_plane_identity,naive_temporal_window,11662,600,24,0.25,1500,600,0,0,0,0,0,0,0,600,3600,3600,3600,600,600,452,0.7533333333333333,0.7533333333333333,0.7533333333333333,0.7533333333333333,0.7533333333333333,0.9383333333333334,9000,9666,8334,666,0.074,1332,0.1378026070763501,0.8621973929236499,0.926,74,666,0.185,74,74,74,0,0,1.0,1.0,0,0,,,0,0.0,0,0.0,452,1275.0,1275.0,1275.0,0,0.0
missing_plane_policy,strict_service_plus_correlation,11662,600,24,0.25,1500,600,0,0,0,0,0,0,0,600,3600,3600,3600,1200,600,0,0.0,0.0,0.0,0.0,0.0,0.8333333333333334,9000,6000,6000,3000,0.3333333333333333,0,0.0,1.0,0.6666666666666666,0,0,0.0,0,0,0,0,0,,,0,0,,,600,0.16666666666666666,0,0.0,0,,,,0,0.0
missing_plane_policy,correlation_id_only_ablation,11662,600,24,0.25,1500,600,0,0,0,0,0,0,0,600,3600,3600,3600,1200,600,0,0.0,0.0,0.0,0.0,0.0,0.8333333333333334,9000,6000,6000,3000,0.3333333333333333,0,0.0,1.0,0.6666666666666666,0,0,0.0,0,0,0,0,0,,,0,0,,,600,0.16666666666666666,0,0.0,0,,,,0,0.0
missing_plane_policy,naive_temporal_window,11662,600,24,0.25,1500,600,0,0,0,0,0,0,0,600,3600,3600,3600,600,600,452,0.7533333333333333,0.7533333333333333,0.7533333333333333,0.7533333333333333,0.7533333333333333,0.9383333333333334,9000,9666,8334,666,0.074,1332,0.1378026070763501,0.8621973929236499,0.926,74,666,0.185,74,74,74,0,0,1.0,1.0,0,0,,,0,0.0,0,0.0,452,1275.0,1275.0,1275.0,0,0.0
missing_plane_telemetry,strict_service_plus_correlation,11662,600,24,0.25,1500,600,0,0,0,0,0,0,0,600,3600,3600,3600,1200,600,0,0.0,0.0,0.0,0.0,0.0,0.8333333333333334,9000,6000,6000,3000,0.3333333333333333,0,0.0,1.0,0.6666666666666666,0,0,0.0,0,0,0,0,0,,,0,0,,,600,0.16666666666666666,0,0.0,0,,,,0,0.0
missing_plane_telemetry,correlation_id_only_ablation,11662,600,24,0.25,1500,600,0,0,0,0,0,0,0,600,3600,3600,3600,1200,600,0,0.0,0.0,0.0,0.0,0.0,0.8333333333333334,9000,6000,6000,3000,0.3333333333333333,0,0.0,1.0,0.6666666666666666,0,0,0.0,0,0,0,0,0,,,0,0,,,600,0.16666666666666666,0,0.0,0,,,,0,0.0
missing_plane_telemetry,naive_temporal_window,11662,600,24,0.25,1500,600,0,0,0,0,0,0,0,600,3600,3600,3600,600,600,452,0.7533333333333333,0.7533333333333333,0.7533333333333333,0.7533333333333333,0.7533333333333333,0.9383333333333334,9000,9666,8334,666,0.074,1332,0.1378026070763501,0.8621973929236499,0.926,74,666,0.185,74,74,74,0,0,1.0,1.0,0,0,,,0,0.0,0,0.0,452,1275.0,1275.0,1275.0,0,0.0
missing_plane_incident,strict_service_plus_correlation,11662,600,24,0.25,1500,600,0,0,0,0,0,0,0,600,3600,3600,3600,1200,600,0,0.0,0.0,0.0,0.0,0.0,0.8333333333333334,9000,6000,6000,3000,0.3333333333333333,0,0.0,1.0,0.6666666666666666,0,0,0.0,0,0,0,0,0,,,0,0,,,600,0.16666666666666666,0,0.0,0,,,,0,0.0
missing_plane_incident,correlation_id_only_ablation,11662,600,24,0.25,1500,600,0,0,0,0,0,0,0,600,3600,3600,3600,1200,600,0,0.0,0.0,0.0,0.0,0.0,0.8333333333333334,9000,6000,6000,3000,0.3333333333333333,0,0.0,1.0,0.6666666666666666,0,0,0.0,0,0,0,0,0,,,0,0,,,600,0.16666666666666666,0,0.0,0,,,,0,0.0
missing_plane_incident,naive_temporal_window,11662,600,24,0.25,1500,600,0,0,0,0,0,0,0,600,3600,3600,3600,600,600,452,0.7533333333333333,0.7533333333333333,0.7533333333333333,0.7533333333333333,0.7533333333333333,0.9383333333333334,9000,9666,8334,666,0.074,1332,0.1378026070763501,0.8621973929236499,0.926,74,666,0.185,74,74,74,0,0,1.0,1.0,0,0,,,0,0.0,0,0.0,452,1275.0,1275.0,1275.0,0,0.0
missing_plane_recovery,strict_service_plus_correlation,11662,600,24,0.25,1500,600,0,0,0,0,0,0,0,600,3600,3600,3600,1200,600,0,0.0,0.0,0.0,0.0,0.0,0.8333333333333334,9000,6000,6000,3000,0.3333333333333333,0,0.0,1.0,0.6666666666666666,0,0,0.0,0,0,0,0,0,,,0,0,,,600,0.16666666666666666,0,0.0,0,,,,0,0.0
missing_plane_recovery,correlation_id_only_ablation,11662,600,24,0.25,1500,600,0,0,0,0,0,0,0,600,3600,3600,3600,1200,600,0,0.0,0.0,0.0,0.0,0.0,0.8333333333333334,9000,6000,6000,3000,0.3333333333333333,0,0.0,1.0,0.6666666666666666,0,0,0.0,0,0,0,0,0,,,0,0,,,600,0.16666666666666666,0,0.0,0,,,,0,0.0
missing_plane_recovery,naive_temporal_window,11662,600,24,0.25,1500,600,0,0,0,0,0,0,0,600,3600,3600,3600,600,600,452,0.7533333333333333,0.7533333333333333,0.7533333333333333,0.7533333333333333,0.7533333333333333,0.9383333333333334,9000,9666,8334,666,0.074,1332,0.1378026070763501,0.8621973929236499,0.926,74,666,0.185,74,74,74,0,0,1.0,1.0,0,0,,,0,0.0,0,0.0,452,1275.0,1275.0,1275.0,0,0.0
collision_same_service_1pct,strict_service_plus_correlation,11662,600,24,0.25,1500,0,0,6,0,0,0,0,0,600,3600,3600,3600,660,588,588,0.98,0.98,1.0,0.98,0.98989898989899,0.9833333333333333,9000,8820,8820,180,0.02,0,0.0,1.0,0.98,6,72,0.02,0,6,6,0,0,1.0,1.0,0,0,,,72,0.02,0,0.0,588,1275.0,1275.0,1275.0,0,0.0
collision_same_service_1pct,correlation_id_only_ablation,11662,600,24,0.25,1500,0,0,6,0,0,0,0,0,600,3600,3600,3600,594,594,588,0.98,0.98,0.98989898989899,0.98,0.9849246231155778,1.0,9000,9216,9000,0,0.0,216,0.0234375,0.9765625,1.0,6,72,0.02,6,6,6,0,0,1.0,1.0,0,0,,,0,0.0,0,0.0,588,1275.0,1275.0,1275.0,0,0.0
collision_same_service_1pct,naive_temporal_window,11662,600,24,0.25,1500,0,0,6,0,0,0,0,0,600,3600,3600,3600,600,600,452,0.7533333333333333,0.7533333333333333,0.7533333333333333,0.7533333333333333,0.7533333333333333,0.9383333333333334,9000,9666,8334,666,0.074,1332,0.1378026070763501,0.8621973929236499,0.926,74,666,0.185,74,74,74,0,0,1.0,1.0,0,0,,,0,0.0,0,0.0,452,1275.0,1275.0,1275.0,0,0.0
collision_same_service_5pct,strict_service_plus_correlation,11662,600,24,0.25,1500,0,0,30,0,0,0,0,0,600,3600,3600,3600,900,540,540,0.9,0.9,1.0,0.9,0.9473684210526316,0.9166666666666666,9000,8100,8100,900,0.1,0,0.0,1.0,0.9,30,360,0.1,0,30,30,0,0,1.0,1.0,0,0,,,360,0.1,0,0.0,540,1275.0,1275.0,1275.0,0,0.0
collision_same_service_5pct,correlation_id_only_ablation,11662,600,24,0.25,1500,0,0,30,0,0,0,0,0,600,3600,3600,3600,570,570,540,0.9,0.9,0.9473684210526315,0.9,0.9230769230769231,1.0,9000,10080,9000,0,0.0,1080,0.10714285714285714,0.8928571428571429,1.0,30,360,0.1,30,30,30,0,0,1.0,1.0,0,0,,,0,0.0,0,0.0,540,1275.0,1275.0,1275.0,0,0.0
collision_same_service_5pct,naive_temporal_window,11662,600,24,0.25,1500,0,0,30,0,0,0,0,0,600,3600,3600,3600,600,600,452,0.7533333333333333,0.7533333333333333,0.7533333333333333,0.7533333333333333,0.7533333333333333,0.9383333333333334,9000,9666,8334,666,0.074,1332,0.1378026070763501,0.8621973929236499,0.926,74,666,0.185,74,74,74,0,0,1.0,1.0,0,0,,,0,0.0,0,0.0,452,1275.0,1275.0,1275.0,0,0.0
collision_same_service_10pct,strict_service_plus_correlation,11662,600,24,0.25,1500,0,0,60,0,0,0,0,0,600,3600,3600,3600,1200,480,480,0.8,0.8,1.0,0.8,0.888888888888889,0.8333333333333334,9000,7200,7200,1800,0.2,0,0.0,1.0,0.8,60,720,0.2,0,60,60,0,0,1.0,1.0,0,0,,,720,0.2,0,0.0,480,1275.0,1275.0,1275.0,0,0.0
collision_same_service_10pct,correlation_id_only_ablation,11662,600,24,0.25,1500,0,0,60,0,0,0,0,0,600,3600,3600,3600,540,540,480,0.8,0.8,0.8888888888888888,0.8,0.8421052631578948,1.0,9000,11160,9000,0,0.0,2160,0.1935483870967742,0.8064516129032258,1.0,60,720,0.2,60,60,60,0,0,1.0,1.0,0,0,,,0,0.0,0,0.0,480,1275.0,1275.0,1275.0,0,0.0
collision_same_service_10pct,naive_temporal_window,11662,600,24,0.25,1500,0,0,60,0,0,0,0,0,600,3600,3600,3600,600,600,452,0.7533333333333333,0.7533333333333333,0.7533333333333333,0.7533333333333333,0.7533333333333333,0.9383333333333334,9000,9666,8334,666,0.074,1332,0.1378026070763501,0.8621973929236499,0.926,74,666,0.185,74,74,74,0,0,1.0,1.0,0,0,,,0,0.0,0,0.0,452,1275.0,1275.0,1275.0,0,0.0
collision_cross_service_5pct,strict_service_plus_correlation,11662,600,24,0.25,1500,0,0,30,0,0,0,0,0,600,3600,3600,3600,600,600,600,1.0,1.0,1.0,1.0,1.0,1.0,9000,9000,9000,0,0.0,0,0.0,1.0,1.0,0,0,0.0,0,0,0,0,0,,,0,0,,,0,0.0,0,0.0,600,1275.0,1275.0,1275.0,0,0.0
collision_cross_service_5pct,correlation_id_only_ablation,11662,600,24,0.25,1500,0,0,30,0,0,0,0,0,600,3600,3600,3600,570,570,540,0.9,0.9,0.9473684210526315,0.9,0.9230769230769231,1.0,9000,10080,9000,0,0.0,1080,0.10714285714285714,0.8928571428571429,1.0,30,360,0.1,30,30,30,0,0,1.0,1.0,0,0,,,0,0.0,0,0.0,540,1275.0,1275.0,1275.0,0,0.0
collision_cross_service_5pct,naive_temporal_window,11662,600,24,0.25,1500,0,0,30,0,0,0,0,0,600,3600,3600,3600,600,600,452,0.7533333333333333,0.7533333333333333,0.7533333333333333,0.7533333333333333,0.7533333333333333,0.9383333333333334,9000,9666,8334,666,0.074,1332,0.1378026070763501,0.8621973929236499,0.926,74,666,0.185,74,74,74,0,0,1.0,1.0,0,0,,,0,0.0,0,0.0,452,1275.0,1275.0,1275.0,0,0.0
duplicate_exact_10pct,strict_service_plus_correlation,11662,600,24,0.25,1500,0,0,0,360,0,0,0,0,600,3600,3600,3960,600,600,600,1.0,1.0,1.0,1.0,1.0,1.0,9000,9000,9000,0,0.0,0,0.0,1.0,1.0,0,0,0.0,0,0,0,0,0,,,0,0,,,0,0.0,360,0.09090909090909091,600,1275.0,1275.0,1275.0,0,0.0
duplicate_exact_10pct,correlation_id_only_ablation,11662,600,24,0.25,1500,0,0,0,360,0,0,0,0,600,3600,3600,3960,600,600,600,1.0,1.0,1.0,1.0,1.0,1.0,9000,9000,9000,0,0.0,0,0.0,1.0,1.0,0,0,0.0,0,0,0,0,0,,,0,0,,,0,0.0,360,0.09090909090909091,600,1275.0,1275.0,1275.0,0,0.0
duplicate_exact_10pct,naive_temporal_window,11662,600,24,0.25,1500,0,0,0,360,0,0,0,0,600,3600,3600,3960,600,600,452,0.7533333333333333,0.7533333333333333,0.7533333333333333,0.7533333333333333,0.7533333333333333,0.9383333333333334,9000,9666,8334,666,0.074,1332,0.1378026070763501,0.8621973929236499,0.926,74,666,0.185,74,74,74,0,0,1.0,1.0,0,0,,,0,0.0,360,0.09090909090909091,452,1275.0,1275.0,1275.0,0,0.0
duplicate_source_conflict_5pct,strict_service_plus_correlation,11662,600,24,0.25,1500,0,0,0,0,180,0,0,0,600,3600,3600,3780,960,600,446,0.7433333333333333,0.7433333333333333,0.7433333333333333,0.7433333333333333,0.7433333333333333,0.95,9000,8127,8127,873,0.097,0,0.0,1.0,0.903,0,0,0.0,0,0,0,0,0,,,180,180,1.0,1.0,360,0.09523809523809523,0,0.0,446,1275.0,1275.0,1275.0,0,0.0
duplicate_source_conflict_5pct,correlation_id_only_ablation,11662,600,24,0.25,1500,0,0,0,0,180,0,0,0,600,3600,3600,3780,600,600,446,0.7433333333333333,0.7433333333333333,0.7433333333333333,0.7433333333333333,0.7433333333333333,1.0,9000,10107,9000,0,0.0,1107,0.10952804986642921,0.8904719501335708,1.0,0,0,0.0,0,154,0,154,0,0.0,,180,180,1.0,1.0,0,0.0,0,0.0,446,1275.0,1275.0,1275.0,0,0.0
duplicate_source_conflict_5pct,naive_temporal_window,11662,600,24,0.25,1500,0,0,0,0,180,0,0,0,600,3600,3600,3780,600,600,334,0.5566666666666666,0.5566666666666666,0.5566666666666666,0.5566666666666666,0.5566666666666666,0.9383333333333334,9000,10865,8334,666,0.074,2531,0.23294983893235158,0.7670501610676485,0.926,74,666,0.185,74,198,74,124,0,0.37373737373737376,1.0,180,180,1.0,1.0,0,0.0,0,0.0,334,1275.0,1275.0,1275.0,0,0.0
clock_skew_random_10pct_5s,strict_service_plus_correlation,11662,600,24,0.25,1500,0,0,0,0,0,360,0,0,600,3600,3600,3600,2030,314,314,0.5233333333333333,0.5233333333333333,1.0,0.5233333333333333,0.687089715536105,0.6027777777777777,9000,4710,4710,4290,0.4766666666666667,0,0.0,1.0,0.5233333333333333,0,0,0.0,0,286,0,286,0,0.0,,0,0,,,1716,0.4766666666666667,0,0.0,314,1275.0,1275.0,1275.0,0,0.0
clock_skew_random_10pct_5s,correlation_id_only_ablation,11662,600,24,0.25,1500,0,0,0,0,0,360,0,0,600,3600,3600,3600,600,600,600,1.0,1.0,1.0,1.0,1.0,1.0,9000,9000,9000,0,0.0,0,0.0,1.0,1.0,0,0,0.0,0,286,0,286,0,0.0,,0,0,,,0,0.0,0,0.0,600,1275.0,1275.0,1275.0,0,0.0
clock_skew_random_10pct_5s,naive_temporal_window,11662,600,24,0.25,1500,0,0,0,0,0,360,0,0,600,3600,3600,3600,875,670,234,0.39,0.39,0.3492537313432836,0.39,0.368503937007874,0.8497222222222223,9000,7944,6775,2225,0.24722222222222223,1169,0.14715508559919435,0.8528449144008057,0.7527777777777778,122,706,0.19611111111111112,122,91,91,0,31,1.0,0.7459016393442623,0,0,,,0,0.0,0,0.0,234,1275.0,1275.0,1275.0,0,0.0
late_arrival_10pct_30s,strict_service_plus_correlation,11662,600,24,0.25,1500,0,0,0,0,0,0,360,0,600,3600,3600,3600,600,600,600,1.0,1.0,1.0,1.0,1.0,1.0,9000,9000,9000,0,0.0,0,0.0,1.0,1.0,0,0,0.0,0,0,0,0,0,,,0,0,,,0,0.0,0,0.0,600,1275.0,31275.0,31275.0,130226,0.020102188879627055
late_arrival_10pct_30s,correlation_id_only_ablation,11662,600,24,0.25,1500,0,0,0,0,0,0,360,0,600,3600,3600,3600,600,600,600,1.0,1.0,1.0,1.0,1.0,1.0,9000,9000,9000,0,0.0,0,0.0,1.0,1.0,0,0,0.0,0,0,0,0,0,,,0,0,,,0,0.0,0,0.0,600,1275.0,31275.0,31275.0,130226,0.020102188879627055
late_arrival_10pct_30s,naive_temporal_window,11662,600,24,0.25,1500,0,0,0,0,0,0,360,0,600,3600,3600,3600,600,600,452,0.7533333333333333,0.7533333333333333,0.7533333333333333,0.7533333333333333,0.7533333333333333,0.9383333333333334,9000,9666,8334,666,0.074,1332,0.1378026070763501,0.8621973929236499,0.926,74,666,0.185,74,74,74,0,0,1.0,1.0,0,0,,,0,0.0,0,0.0,452,1275.0,31275.0,31275.0,130226,0.020102188879627055
out_of_order_jitter_3s,strict_service_plus_correlation,11662,600,24,0.25,1500,0,0,0,0,0,0,0,3600,600,3600,3600,3600,600,600,600,1.0,1.0,1.0,1.0,1.0,1.0,9000,9000,9000,0,0.0,0,0.0,1.0,1.0,0,0,0.0,0,0,0,0,0,,,0,0,,,0,0.0,0,0.0,600,3432.5,4110.549999999999,4272.0,90263,0.013933345682442654
out_of_order_jitter_3s,correlation_id_only_ablation,11662,600,24,0.25,1500,0,0,0,0,0,0,0,3600,600,3600,3600,3600,600,600,600,1.0,1.0,1.0,1.0,1.0,1.0,9000,9000,9000,0,0.0,0,0.0,1.0,1.0,0,0,0.0,0,0,0,0,0,,,0,0,,,0,0.0,0,0.0,600,3432.5,4110.549999999999,4272.0,90263,0.013933345682442654
out_of_order_jitter_3s,naive_temporal_window,11662,600,24,0.25,1500,0,0,0,0,0,0,0,3600,600,3600,3600,3600,600,600,452,0.7533333333333333,0.7533333333333333,0.7533333333333333,0.7533333333333333,0.7533333333333333,0.9383333333333334,9000,9666,8334,666,0.074,1332,0.1378026070763501,0.8621973929236499,0.926,74,666,0.185,74,74,74,0,0,1.0,1.0,0,0,,,0,0.0,0,0.0,452,3432.5,4124.35,4272.0,90263,0.013933345682442654
compound_adversarial,strict_service_plus_correlation,11662,600,24,0.25,1500,360,0,30,0,0,0,360,3600,600,3600,3600,3600,1233,540,280,0.4666666666666667,0.4666666666666667,0.5185185185185185,0.4666666666666667,0.4912280701754386,0.8241666666666667,9000,6519,6519,2481,0.27566666666666667,0,0.0,1.0,0.7243333333333334,30,333,0.0925,0,30,30,0,0,1.0,1.0,0,0,,,693,0.1925,0,0.0,280,17237.5,33627.0,34259.0,206131,0.03181917816677472
compound_adversarial,correlation_id_only_ablation,11662,600,24,0.25,1500,360,0,30,0,0,0,360,3600,600,3600,3600,3600,930,570,280,0.4666666666666667,0.4666666666666667,0.49122807017543857,0.4666666666666667,0.4786324786324786,0.9,9000,8214,7289,1711,0.19011111111111112,925,0.11261261261261261,0.8873873873873874,0.8098888888888889,30,333,0.0925,30,30,30,0,0,1.0,1.0,0,0,,,360,0.1,0,0.0,280,17237.5,33627.0,34259.0,206131,0.03181917816677472
compound_adversarial,naive_temporal_window,11662,600,24,0.25,1500,360,0,30,0,0,0,360,3600,600,3600,3600,3600,600,600,452,0.7533333333333333,0.7533333333333333,0.7533333333333333,0.7533333333333333,0.7533333333333333,0.9383333333333334,9000,9666,8334,666,0.074,1332,0.1378026070763501,0.8621973929236499,0.926,74,666,0.185,74,74,74,0,0,1.0,1.0,0,0,,,0,0.0,0,0.0,452,4177.5,33512.5,34259.0,206131,0.03181917816677472
control,strict_service_plus_correlation,11763,600,24,0.25,1500,0,0,0,0,0,0,0,0,600,3600,3600,3600,600,600,600,1.0,1.0,1.0,1.0,1.0,1.0,9000,9000,9000,0,0.0,0,0.0,1.0,1.0,0,0,0.0,0,0,0,0,0,,,0,0,,,0,0.0,0,0.0,600,1275.0,1275.0,1275.0,0,0.0
control,correlation_id_only_ablation,11763,600,24,0.25,1500,0,0,0,0,0,0,0,0,600,3600,3600,3600,600,600,600,1.0,1.0,1.0,1.0,1.0,1.0,9000,9000,9000,0,0.0,0,0.0,1.0,1.0,0,0,0.0,0,0,0,0,0,,,0,0,,,0,0.0,0,0.0,600,1275.0,1275.0,1275.0,0,0.0
control,naive_temporal_window,11763,600,24,0.25,1500,0,0,0,0,0,0,0,0,600,3600,3600,3600,600,600,462,0.77,0.77,0.77,0.77,0.7699999999999999,0.9425,9000,9621,8379,621,0.069,1242,0.12909260991580918,0.8709073900841908,0.931,69,621,0.1725,69,69,69,0,0,1.0,1.0,0,0,,,0,0.0,0,0.0,462,1275.0,1275.0,1275.0,0,0.0
missing_random_1pct,strict_service_plus_correlation,11763,600,24,0.25,1500,36,0,0,0,0,0,0,0,600,3600,3600,3600,636,600,564,0.94,0.94,0.94,0.94,0.94,0.99,9000,8820,8820,180,0.02,0,0.0,1.0,0.98,0,0,0.0,0,0,0,0,0,,,0,0,,,36,0.01,0,0.0,564,1275.0,1275.0,1275.0,0,0.0
missing_random_1pct,correlation_id_only_ablation,11763,600,24,0.25,1500,36,0,0,0,0,0,0,0,600,3600,3600,3600,636,600,564,0.94,0.94,0.94,0.94,0.94,0.99,9000,8820,8820,180,0.02,0,0.0,1.0,0.98,0,0,0.0,0,0,0,0,0,,,0,0,,,36,0.01,0,0.0,564,1275.0,1275.0,1275.0,0,0.0
missing_random_1pct,naive_temporal_window,11763,600,24,0.25,1500,36,0,0,0,0,0,0,0,600,3600,3600,3600,600,600,462,0.77,0.77,0.77,0.77,0.7699999999999999,0.9425,9000,9621,8379,621,0.069,1242,0.12909260991580918,0.8709073900841908,0.931,69,621,0.1725,69,69,69,0,0,1.0,1.0,0,0,,,0,0.0,0,0.0,462,1275.0,1275.0,1275.0,0,0.0
missing_random_5pct,strict_service_plus_correlation,11763,600,24,0.25,1500,180,0,0,0,0,0,0,0,600,3600,3600,3600,780,600,445,0.7416666666666667,0.7416666666666667,0.7416666666666667,0.7416666666666667,0.7416666666666667,0.95,9000,8127,8127,873,0.097,0,0.0,1.0,0.903,0,0,0.0,0,0,0,0,0,,,0,0,,,180,0.05,0,0.0,445,1275.0,1275.0,1275.0,0,0.0
missing_random_5pct,correlation_id_only_ablation,11763,600,24,0.25,1500,180,0,0,0,0,0,0,0,600,3600,3600,3600,780,600,445,0.7416666666666667,0.7416666666666667,0.7416666666666667,0.7416666666666667,0.7416666666666667,0.95,9000,8127,8127,873,0.097,0,0.0,1.0,0.903,0,0,0.0,0,0,0,0,0,,,0,0,,,180,0.05,0,0.0,445,1275.0,1275.0,1275.0,0,0.0
missing_random_5pct,naive_temporal_window,11763,600,24,0.25,1500,180,0,0,0,0,0,0,0,600,3600,3600,3600,600,600,462,0.77,0.77,0.77,0.77,0.7699999999999999,0.9425,9000,9621,8379,621,0.069,1242,0.12909260991580918,0.8709073900841908,0.931,69,621,0.1725,69,69,69,0,0,1.0,1.0,0,0,,,0,0.0,0,0.0,462,1275.0,1275.0,1275.0,0,0.0
missing_random_10pct,strict_service_plus_correlation,11763,600,24,0.25,1500,360,0,0,0,0,0,0,0,600,3600,3600,3600,960,600,316,0.5266666666666666,0.5266666666666666,0.5266666666666666,0.5266666666666666,0.5266666666666666,0.9,9000,7285,7285,1715,0.19055555555555556,0,0.0,1.0,0.8094444444444444,0,0,0.0,0,0,0,0,0,,,0,0,,,360,0.1,0,0.0,316,1275.0,1275.0,1275.0,0,0.0
missing_random_10pct,correlation_id_only_ablation,11763,600,24,0.25,1500,360,0,0,0,0,0,0,0,600,3600,3600,3600,960,600,316,0.5266666666666666,0.5266666666666666,0.5266666666666666,0.5266666666666666,0.5266666666666666,0.9,9000,7285,7285,1715,0.19055555555555556,0,0.0,1.0,0.8094444444444444,0,0,0.0,0,0,0,0,0,,,0,0,,,360,0.1,0,0.0,316,1275.0,1275.0,1275.0,0,0.0
missing_random_10pct,naive_temporal_window,11763,600,24,0.25,1500,360,0,0,0,0,0,0,0,600,3600,3600,3600,600,600,462,0.77,0.77,0.77,0.77,0.7699999999999999,0.9425,9000,9621,8379,621,0.069,1242,0.12909260991580918,0.8709073900841908,0.931,69,621,0.1725,69,69,69,0,0,1.0,1.0,0,0,,,0,0.0,0,0.0,462,1275.0,1275.0,1275.0,0,0.0
missing_random_20pct,strict_service_plus_correlation,11763,600,24,0.25,1500,720,0,0,0,0,0,0,0,600,3600,3600,3600,1320,600,135,0.225,0.225,0.225,0.225,0.225,0.8,9000,5722,5722,3278,0.3642222222222222,0,0.0,1.0,0.6357777777777778,0,0,0.0,0,0,0,0,0,,,0,0,,,720,0.2,0,0.0,135,1275.0,1275.0,1275.0,0,0.0
missing_random_20pct,correlation_id_only_ablation,11763,600,24,0.25,1500,720,0,0,0,0,0,0,0,600,3600,3600,3600,1320,600,135,0.225,0.225,0.225,0.225,0.225,0.8,9000,5722,5722,3278,0.3642222222222222,0,0.0,1.0,0.6357777777777778,0,0,0.0,0,0,0,0,0,,,0,0,,,720,0.2,0,0.0,135,1275.0,1275.0,1275.0,0,0.0
missing_random_20pct,naive_temporal_window,11763,600,24,0.25,1500,720,0,0,0,0,0,0,0,600,3600,3600,3600,600,600,462,0.77,0.77,0.77,0.77,0.7699999999999999,0.9425,9000,9621,8379,621,0.069,1242,0.12909260991580918,0.8709073900841908,0.931,69,621,0.1725,69,69,69,0,0,1.0,1.0,0,0,,,0,0.0,0,0.0,462,1275.0,1275.0,1275.0,0,0.0
wrong_id_same_service_1pct,strict_service_plus_correlation,11763,600,24,0.25,1500,0,36,0,0,0,0,0,0,600,3600,3600,3600,814,564,532,0.8866666666666667,0.8866666666666667,0.9432624113475178,0.8866666666666667,0.9140893470790379,0.9405555555555556,9000,8292,8292,708,0.07866666666666666,0,0.0,1.0,0.9213333333333333,36,250,0.06944444444444445,0,36,36,0,0,1.0,1.0,0,0,,,250,0.06944444444444445,0,0.0,532,1275.0,1275.0,1275.0,0,0.0
wrong_id_same_service_1pct,correlation_id_only_ablation,11763,600,24,0.25,1500,0,36,0,0,0,0,0,0,600,3600,3600,3600,600,600,532,0.8866666666666667,0.8866666666666667,0.8866666666666667,0.8866666666666667,0.8866666666666667,0.99,9000,9036,8822,178,0.019777777777777776,214,0.023683045595396194,0.9763169544046038,0.9802222222222222,36,250,0.06944444444444445,36,36,36,0,0,1.0,1.0,0,0,,,0,0.0,0,0.0,532,1275.0,1275.0,1275.0,0,0.0
wrong_id_same_service_1pct,naive_temporal_window,11763,600,24,0.25,1500,0,36,0,0,0,0,0,0,600,3600,3600,3600,600,600,462,0.77,0.77,0.77,0.77,0.7699999999999999,0.9425,9000,9621,8379,621,0.069,1242,0.12909260991580918,0.8709073900841908,0.931,69,621,0.1725,69,69,69,0,0,1.0,1.0,0,0,,,0,0.0,0,0.0,462,1275.0,1275.0,1275.0,0,0.0
wrong_id_same_service_5pct,strict_service_plus_correlation,11763,600,24,0.25,1500,0,180,0,0,0,0,0,0,600,3600,3600,3600,1495,450,324,0.54,0.54,0.72,0.54,0.6171428571428572,0.7513888888888889,9000,6046,6046,2954,0.32822222222222225,0,0.0,1.0,0.6717777777777778,150,1045,0.2902777777777778,0,150,150,0,0,1.0,1.0,0,0,,,1045,0.2902777777777778,0,0.0,324,1275.0,1275.0,1275.0,0,0.0
wrong_id_same_service_5pct,correlation_id_only_ablation,11763,600,24,0.25,1500,0,180,0,0,0,0,0,0,600,3600,3600,3600,600,600,324,0.54,0.54,0.54,0.54,0.54,0.95,9000,9195,8126,874,0.0971111111111111,1069,0.11625883632408918,0.8837411636759108,0.9028888888888889,150,1045,0.2902777777777778,150,150,150,0,0,1.0,1.0,0,0,,,0,0.0,0,0.0,324,1275.0,1275.0,1275.0,0,0.0
wrong_id_same_service_5pct,naive_temporal_window,11763,600,24,0.25,1500,0,180,0,0,0,0,0,0,600,3600,3600,3600,600,600,462,0.77,0.77,0.77,0.77,0.7699999999999999,0.9425,9000,9621,8379,621,0.069,1242,0.12909260991580918,0.8709073900841908,0.931,69,621,0.1725,69,69,69,0,0,1.0,1.0,0,0,,,0,0.0,0,0.0,462,1275.0,1275.0,1275.0,0,0.0
wrong_id_same_service_10pct,strict_service_plus_correlation,11763,600,24,0.25,1500,0,360,0,0,0,0,0,0,600,3600,3600,3600,2142,331,171,0.285,0.285,0.5166163141993958,0.285,0.3673469387755102,0.5716666666666667,9000,4022,4022,4978,0.5531111111111111,0,0.0,1.0,0.4468888888888889,269,1811,0.5030555555555556,0,269,269,0,0,1.0,1.0,0,0,,,1811,0.5030555555555556,0,0.0,171,1275.0,1275.0,1275.0,0,0.0
wrong_id_same_service_10pct,correlation_id_only_ablation,11763,600,24,0.25,1500,0,360,0,0,0,0,0,0,600,3600,3600,3600,600,600,171,0.285,0.285,0.285,0.285,0.285,0.9,9000,9354,7297,1703,0.18922222222222224,2057,0.21990592259995723,0.7800940774000428,0.8107777777777778,269,1811,0.5030555555555556,269,269,269,0,0,1.0,1.0,0,0,,,0,0.0,0,0.0,171,1275.0,1275.0,1275.0,0,0.0
wrong_id_same_service_10pct,naive_temporal_window,11763,600,24,0.25,1500,0,360,0,0,0,0,0,0,600,3600,3600,3600,600,600,462,0.77,0.77,0.77,0.77,0.7699999999999999,0.9425,9000,9621,8379,621,0.069,1242,0.12909260991580918,0.8709073900841908,0.931,69,621,0.1725,69,69,69,0,0,1.0,1.0,0,0,,,0,0.0,0,0.0,462,1275.0,1275.0,1275.0,0,0.0
wrong_id_same_service_20pct,strict_service_plus_correlation,11763,600,24,0.25,1500,0,720,0,0,0,0,0,0,600,3600,3600,3600,2955,173,39,0.065,0.065,0.2254335260115607,0.065,0.10090556274256145,0.3458333333333333,9000,1604,1604,7396,0.8217777777777778,0,0.0,1.0,0.17822222222222223,427,2782,0.7727777777777778,0,427,427,0,0,1.0,1.0,0,0,,,2782,0.7727777777777778,0,0.0,39,1275.0,1275.0,1275.0,0,0.0
wrong_id_same_service_20pct,correlation_id_only_ablation,11763,600,24,0.25,1500,0,720,0,0,0,0,0,0,600,3600,3600,3600,600,600,39,0.065,0.065,0.065,0.065,0.065,0.8,9000,9639,5777,3223,0.3581111111111111,3862,0.4006639692914203,0.5993360307085798,0.6418888888888888,427,2782,0.7727777777777778,427,427,427,0,0,1.0,1.0,0,0,,,0,0.0,0,0.0,39,1275.0,1275.0,1275.0,0,0.0
wrong_id_same_service_20pct,naive_temporal_window,11763,600,24,0.25,1500,0,720,0,0,0,0,0,0,600,3600,3600,3600,600,600,462,0.77,0.77,0.77,0.77,0.7699999999999999,0.9425,9000,9621,8379,621,0.069,1242,0.12909260991580918,0.8709073900841908,0.931,69,621,0.1725,69,69,69,0,0,1.0,1.0,0,0,,,0,0.0,0,0.0,462,1275.0,1275.0,1275.0,0,0.0
missing_plane_deployment,strict_service_plus_correlation,11763,600,24,0.25,1500,600,0,0,0,0,0,0,0,600,3600,3600,3600,1200,600,0,0.0,0.0,0.0,0.0,0.0,0.8333333333333334,9000,6000,6000,3000,0.3333333333333333,0,0.0,1.0,0.6666666666666666,0,0,0.0,0,0,0,0,0,,,0,0,,,600,0.16666666666666666,0,0.0,0,,,,0,0.0
missing_plane_deployment,correlation_id_only_ablation,11763,600,24,0.25,1500,600,0,0,0,0,0,0,0,600,3600,3600,3600,1200,600,0,0.0,0.0,0.0,0.0,0.0,0.8333333333333334,9000,6000,6000,3000,0.3333333333333333,0,0.0,1.0,0.6666666666666666,0,0,0.0,0,0,0,0,0,,,0,0,,,600,0.16666666666666666,0,0.0,0,,,,0,0.0
missing_plane_deployment,naive_temporal_window,11763,600,24,0.25,1500,600,0,0,0,0,0,0,0,600,3600,3600,3600,600,600,462,0.77,0.77,0.77,0.77,0.7699999999999999,0.9425,9000,9621,8379,621,0.069,1242,0.12909260991580918,0.8709073900841908,0.931,69,621,0.1725,69,69,69,0,0,1.0,1.0,0,0,,,0,0.0,0,0.0,462,1275.0,1275.0,1275.0,0,0.0
missing_plane_identity,strict_service_plus_correlation,11763,600,24,0.25,1500,600,0,0,0,0,0,0,0,600,3600,3600,3600,1200,600,0,0.0,0.0,0.0,0.0,0.0,0.8333333333333334,9000,6000,6000,3000,0.3333333333333333,0,0.0,1.0,0.6666666666666666,0,0,0.0,0,0,0,0,0,,,0,0,,,600,0.16666666666666666,0,0.0,0,,,,0,0.0
missing_plane_identity,correlation_id_only_ablation,11763,600,24,0.25,1500,600,0,0,0,0,0,0,0,600,3600,3600,3600,1200,600,0,0.0,0.0,0.0,0.0,0.0,0.8333333333333334,9000,6000,6000,3000,0.3333333333333333,0,0.0,1.0,0.6666666666666666,0,0,0.0,0,0,0,0,0,,,0,0,,,600,0.16666666666666666,0,0.0,0,,,,0,0.0
missing_plane_identity,naive_temporal_window,11763,600,24,0.25,1500,600,0,0,0,0,0,0,0,600,3600,3600,3600,600,600,462,0.77,0.77,0.77,0.77,0.7699999999999999,0.9425,9000,9621,8379,621,0.069,1242,0.12909260991580918,0.8709073900841908,0.931,69,621,0.1725,69,69,69,0,0,1.0,1.0,0,0,,,0,0.0,0,0.0,462,1275.0,1275.0,1275.0,0,0.0
missing_plane_policy,strict_service_plus_correlation,11763,600,24,0.25,1500,600,0,0,0,0,0,0,0,600,3600,3600,3600,1200,600,0,0.0,0.0,0.0,0.0,0.0,0.8333333333333334,9000,6000,6000,3000,0.3333333333333333,0,0.0,1.0,0.6666666666666666,0,0,0.0,0,0,0,0,0,,,0,0,,,600,0.16666666666666666,0,0.0,0,,,,0,0.0
missing_plane_policy,correlation_id_only_ablation,11763,600,24,0.25,1500,600,0,0,0,0,0,0,0,600,3600,3600,3600,1200,600,0,0.0,0.0,0.0,0.0,0.0,0.8333333333333334,9000,6000,6000,3000,0.3333333333333333,0,0.0,1.0,0.6666666666666666,0,0,0.0,0,0,0,0,0,,,0,0,,,600,0.16666666666666666,0,0.0,0,,,,0,0.0
missing_plane_policy,naive_temporal_window,11763,600,24,0.25,1500,600,0,0,0,0,0,0,0,600,3600,3600,3600,600,600,462,0.77,0.77,0.77,0.77,0.7699999999999999,0.9425,9000,9621,8379,621,0.069,1242,0.12909260991580918,0.8709073900841908,0.931,69,621,0.1725,69,69,69,0,0,1.0,1.0,0,0,,,0,0.0,0,0.0,462,1275.0,1275.0,1275.0,0,0.0
missing_plane_telemetry,strict_service_plus_correlation,11763,600,24,0.25,1500,600,0,0,0,0,0,0,0,600,3600,3600,3600,1200,600,0,0.0,0.0,0.0,0.0,0.0,0.8333333333333334,9000,6000,6000,3000,0.3333333333333333,0,0.0,1.0,0.6666666666666666,0,0,0.0,0,0,0,0,0,,,0,0,,,600,0.16666666666666666,0,0.0,0,,,,0,0.0
missing_plane_telemetry,correlation_id_only_ablation,11763,600,24,0.25,1500,600,0,0,0,0,0,0,0,600,3600,3600,3600,1200,600,0,0.0,0.0,0.0,0.0,0.0,0.8333333333333334,9000,6000,6000,3000,0.3333333333333333,0,0.0,1.0,0.6666666666666666,0,0,0.0,0,0,0,0,0,,,0,0,,,600,0.16666666666666666,0,0.0,0,,,,0,0.0
missing_plane_telemetry,naive_temporal_window,11763,600,24,0.25,1500,600,0,0,0,0,0,0,0,600,3600,3600,3600,600,600,462,0.77,0.77,0.77,0.77,0.7699999999999999,0.9425,9000,9621,8379,621,0.069,1242,0.12909260991580918,0.8709073900841908,0.931,69,621,0.1725,69,69,69,0,0,1.0,1.0,0,0,,,0,0.0,0,0.0,462,1275.0,1275.0,1275.0,0,0.0
missing_plane_incident,strict_service_plus_correlation,11763,600,24,0.25,1500,600,0,0,0,0,0,0,0,600,3600,3600,3600,1200,600,0,0.0,0.0,0.0,0.0,0.0,0.8333333333333334,9000,6000,6000,3000,0.3333333333333333,0,0.0,1.0,0.6666666666666666,0,0,0.0,0,0,0,0,0,,,0,0,,,600,0.16666666666666666,0,0.0,0,,,,0,0.0
missing_plane_incident,correlation_id_only_ablation,11763,600,24,0.25,1500,600,0,0,0,0,0,0,0,600,3600,3600,3600,1200,600,0,0.0,0.0,0.0,0.0,0.0,0.8333333333333334,9000,6000,6000,3000,0.3333333333333333,0,0.0,1.0,0.6666666666666666,0,0,0.0,0,0,0,0,0,,,0,0,,,600,0.16666666666666666,0,0.0,0,,,,0,0.0
missing_plane_incident,naive_temporal_window,11763,600,24,0.25,1500,600,0,0,0,0,0,0,0,600,3600,3600,3600,600,600,462,0.77,0.77,0.77,0.77,0.7699999999999999,0.9425,9000,9621,8379,621,0.069,1242,0.12909260991580918,0.8709073900841908,0.931,69,621,0.1725,69,69,69,0,0,1.0,1.0,0,0,,,0,0.0,0,0.0,462,1275.0,1275.0,1275.0,0,0.0
missing_plane_recovery,strict_service_plus_correlation,11763,600,24,0.25,1500,600,0,0,0,0,0,0,0,600,3600,3600,3600,1200,600,0,0.0,0.0,0.0,0.0,0.0,0.8333333333333334,9000,6000,6000,3000,0.3333333333333333,0,0.0,1.0,0.6666666666666666,0,0,0.0,0,0,0,0,0,,,0,0,,,600,0.16666666666666666,0,0.0,0,,,,0,0.0
missing_plane_recovery,correlation_id_only_ablation,11763,600,24,0.25,1500,600,0,0,0,0,0,0,0,600,3600,3600,3600,1200,600,0,0.0,0.0,0.0,0.0,0.0,0.8333333333333334,9000,6000,6000,3000,0.3333333333333333,0,0.0,1.0,0.6666666666666666,0,0,0.0,0,0,0,0,0,,,0,0,,,600,0.16666666666666666,0,0.0,0,,,,0,0.0
missing_plane_recovery,naive_temporal_window,11763,600,24,0.25,1500,600,0,0,0,0,0,0,0,600,3600,3600,3600,600,600,462,0.77,0.77,0.77,0.77,0.7699999999999999,0.9425,9000,9621,8379,621,0.069,1242,0.12909260991580918,0.8709073900841908,0.931,69,621,0.1725,69,69,69,0,0,1.0,1.0,0,0,,,0,0.0,0,0.0,462,1275.0,1275.0,1275.0,0,0.0
collision_same_service_1pct,strict_service_plus_correlation,11763,600,24,0.25,1500,0,0,6,0,0,0,0,0,600,3600,3600,3600,660,588,588,0.98,0.98,1.0,0.98,0.98989898989899,0.9833333333333333,9000,8820,8820,180,0.02,0,0.0,1.0,0.98,6,72,0.02,0,6,6,0,0,1.0,1.0,0,0,,,72,0.02,0,0.0,588,1275.0,1275.0,1275.0,0,0.0
collision_same_service_1pct,correlation_id_only_ablation,11763,600,24,0.25,1500,0,0,6,0,0,0,0,0,600,3600,3600,3600,594,594,588,0.98,0.98,0.98989898989899,0.98,0.9849246231155778,1.0,9000,9216,9000,0,0.0,216,0.0234375,0.9765625,1.0,6,72,0.02,6,6,6,0,0,1.0,1.0,0,0,,,0,0.0,0,0.0,588,1275.0,1275.0,1275.0,0,0.0
collision_same_service_1pct,naive_temporal_window,11763,600,24,0.25,1500,0,0,6,0,0,0,0,0,600,3600,3600,3600,600,600,462,0.77,0.77,0.77,0.77,0.7699999999999999,0.9425,9000,9621,8379,621,0.069,1242,0.12909260991580918,0.8709073900841908,0.931,69,621,0.1725,69,69,69,0,0,1.0,1.0,0,0,,,0,0.0,0,0.0,462,1275.0,1275.0,1275.0,0,0.0
collision_same_service_5pct,strict_service_plus_correlation,11763,600,24,0.25,1500,0,0,30,0,0,0,0,0,600,3600,3600,3600,900,540,540,0.9,0.9,1.0,0.9,0.9473684210526316,0.9166666666666666,9000,8100,8100,900,0.1,0,0.0,1.0,0.9,30,360,0.1,0,30,30,0,0,1.0,1.0,0,0,,,360,0.1,0,0.0,540,1275.0,1275.0,1275.0,0,0.0
collision_same_service_5pct,correlation_id_only_ablation,11763,600,24,0.25,1500,0,0,30,0,0,0,0,0,600,3600,3600,3600,570,570,540,0.9,0.9,0.9473684210526315,0.9,0.9230769230769231,1.0,9000,10080,9000,0,0.0,1080,0.10714285714285714,0.8928571428571429,1.0,30,360,0.1,30,30,30,0,0,1.0,1.0,0,0,,,0,0.0,0,0.0,540,1275.0,1275.0,1275.0,0,0.0
collision_same_service_5pct,naive_temporal_window,11763,600,24,0.25,1500,0,0,30,0,0,0,0,0,600,3600,3600,3600,600,600,462,0.77,0.77,0.77,0.77,0.7699999999999999,0.9425,9000,9621,8379,621,0.069,1242,0.12909260991580918,0.8709073900841908,0.931,69,621,0.1725,69,69,69,0,0,1.0,1.0,0,0,,,0,0.0,0,0.0,462,1275.0,1275.0,1275.0,0,0.0
collision_same_service_10pct,strict_service_plus_correlation,11763,600,24,0.25,1500,0,0,60,0,0,0,0,0,600,3600,3600,3600,1200,480,480,0.8,0.8,1.0,0.8,0.888888888888889,0.8333333333333334,9000,7200,7200,1800,0.2,0,0.0,1.0,0.8,60,720,0.2,0,60,60,0,0,1.0,1.0,0,0,,,720,0.2,0,0.0,480,1275.0,1275.0,1275.0,0,0.0
collision_same_service_10pct,correlation_id_only_ablation,11763,600,24,0.25,1500,0,0,60,0,0,0,0,0,600,3600,3600,3600,540,540,480,0.8,0.8,0.8888888888888888,0.8,0.8421052631578948,1.0,9000,11160,9000,0,0.0,2160,0.1935483870967742,0.8064516129032258,1.0,60,720,0.2,60,60,60,0,0,1.0,1.0,0,0,,,0,0.0,0,0.0,480,1275.0,1275.0,1275.0,0,0.0
collision_same_service_10pct,naive_temporal_window,11763,600,24,0.25,1500,0,0,60,0,0,0,0,0,600,3600,3600,3600,600,600,462,0.77,0.77,0.77,0.77,0.7699999999999999,0.9425,9000,9621,8379,621,0.069,1242,0.12909260991580918,0.8709073900841908,0.931,69,621,0.1725,69,69,69,0,0,1.0,1.0,0,0,,,0,0.0,0,0.0,462,1275.0,1275.0,1275.0,0,0.0
collision_cross_service_5pct,strict_service_plus_correlation,11763,600,24,0.25,1500,0,0,30,0,0,0,0,0,600,3600,3600,3600,600,600,600,1.0,1.0,1.0,1.0,1.0,1.0,9000,9000,9000,0,0.0,0,0.0,1.0,1.0,0,0,0.0,0,0,0,0,0,,,0,0,,,0,0.0,0,0.0,600,1275.0,1275.0,1275.0,0,0.0
collision_cross_service_5pct,correlation_id_only_ablation,11763,600,24,0.25,1500,0,0,30,0,0,0,0,0,600,3600,3600,3600,570,570,540,0.9,0.9,0.9473684210526315,0.9,0.9230769230769231,1.0,9000,10080,9000,0,0.0,1080,0.10714285714285714,0.8928571428571429,1.0,30,360,0.1,30,30,30,0,0,1.0,1.0,0,0,,,0,0.0,0,0.0,540,1275.0,1275.0,1275.0,0,0.0
collision_cross_service_5pct,naive_temporal_window,11763,600,24,0.25,1500,0,0,30,0,0,0,0,0,600,3600,3600,3600,600,600,462,0.77,0.77,0.77,0.77,0.7699999999999999,0.9425,9000,9621,8379,621,0.069,1242,0.12909260991580918,0.8709073900841908,0.931,69,621,0.1725,69,69,69,0,0,1.0,1.0,0,0,,,0,0.0,0,0.0,462,1275.0,1275.0,1275.0,0,0.0
duplicate_exact_10pct,strict_service_plus_correlation,11763,600,24,0.25,1500,0,0,0,360,0,0,0,0,600,3600,3600,3960,600,600,600,1.0,1.0,1.0,1.0,1.0,1.0,9000,9000,9000,0,0.0,0,0.0,1.0,1.0,0,0,0.0,0,0,0,0,0,,,0,0,,,0,0.0,360,0.09090909090909091,600,1275.0,1275.0,1275.0,0,0.0
duplicate_exact_10pct,correlation_id_only_ablation,11763,600,24,0.25,1500,0,0,0,360,0,0,0,0,600,3600,3600,3960,600,600,600,1.0,1.0,1.0,1.0,1.0,1.0,9000,9000,9000,0,0.0,0,0.0,1.0,1.0,0,0,0.0,0,0,0,0,0,,,0,0,,,0,0.0,360,0.09090909090909091,600,1275.0,1275.0,1275.0,0,0.0
duplicate_exact_10pct,naive_temporal_window,11763,600,24,0.25,1500,0,0,0,360,0,0,0,0,600,3600,3600,3960,600,600,462,0.77,0.77,0.77,0.77,0.7699999999999999,0.9425,9000,9621,8379,621,0.069,1242,0.12909260991580918,0.8709073900841908,0.931,69,621,0.1725,69,69,69,0,0,1.0,1.0,0,0,,,0,0.0,360,0.09090909090909091,462,1275.0,1275.0,1275.0,0,0.0
duplicate_source_conflict_5pct,strict_service_plus_correlation,11763,600,24,0.25,1500,0,0,0,0,180,0,0,0,600,3600,3600,3780,960,600,439,0.7316666666666667,0.7316666666666667,0.7316666666666667,0.7316666666666667,0.7316666666666667,0.95,9000,8120,8120,880,0.09777777777777778,0,0.0,1.0,0.9022222222222223,0,0,0.0,0,0,0,0,0,,,180,180,1.0,1.0,360,0.09523809523809523,0,0.0,439,1275.0,1275.0,1275.0,0,0.0
duplicate_source_conflict_5pct,correlation_id_only_ablation,11763,600,24,0.25,1500,0,0,0,0,180,0,0,0,600,3600,3600,3780,600,600,439,0.7316666666666667,0.7316666666666667,0.7316666666666667,0.7316666666666667,0.7316666666666667,1.0,9000,10100,9000,0,0.0,1100,0.10891089108910891,0.8910891089108911,1.0,0,0,0.0,0,161,0,161,0,0.0,,180,180,1.0,1.0,0,0.0,0,0.0,439,1275.0,1275.0,1275.0,0,0.0
duplicate_source_conflict_5pct,naive_temporal_window,11763,600,24,0.25,1500,0,0,0,0,180,0,0,0,600,3600,3600,3780,600,600,333,0.555,0.555,0.555,0.555,0.555,0.9425,9000,10777,8379,621,0.069,2398,0.22251090284865918,0.7774890971513408,0.931,69,621,0.1725,69,206,69,137,0,0.33495145631067963,1.0,180,180,1.0,1.0,0,0.0,0,0.0,333,1275.0,1275.0,1275.0,0,0.0
clock_skew_random_10pct_5s,strict_service_plus_correlation,11763,600,24,0.25,1500,0,0,0,0,0,360,0,0,600,3600,3600,3600,2015,317,317,0.5283333333333333,0.5283333333333333,1.0,0.5283333333333333,0.6913849509269356,0.6069444444444444,9000,4755,4755,4245,0.4716666666666667,0,0.0,1.0,0.5283333333333333,0,0,0.0,0,283,0,283,0,0.0,,0,0,,,1698,0.4716666666666667,0,0.0,317,1275.0,1275.0,1275.0,0,0.0
clock_skew_random_10pct_5s,correlation_id_only_ablation,11763,600,24,0.25,1500,0,0,0,0,0,360,0,0,600,3600,3600,3600,600,600,600,1.0,1.0,1.0,1.0,1.0,1.0,9000,9000,9000,0,0.0,0,0.0,1.0,1.0,0,0,0.0,0,283,0,283,0,0.0,,0,0,,,0,0.0,0,0.0,600,1275.0,1275.0,1275.0,0,0.0
clock_skew_random_10pct_5s,naive_temporal_window,11763,600,24,0.25,1500,0,0,0,0,0,360,0,0,600,3600,3600,3600,883,661,243,0.405,0.405,0.367624810892587,0.405,0.38540840602696275,0.8519444444444445,9000,7903,6821,2179,0.2421111111111111,1082,0.13691003416424144,0.8630899658357586,0.7578888888888888,103,642,0.17833333333333334,103,87,87,0,16,1.0,0.8446601941747572,0,0,,,0,0.0,0,0.0,243,1275.0,1275.0,1275.0,0,0.0
late_arrival_10pct_30s,strict_service_plus_correlation,11763,600,24,0.25,1500,0,0,0,0,0,0,360,0,600,3600,3600,3600,600,600,600,1.0,1.0,1.0,1.0,1.0,1.0,9000,9000,9000,0,0.0,0,0.0,1.0,1.0,0,0,0.0,0,0,0,0,0,,,0,0,,,0,0.0,0,0.0,600,1275.0,31275.0,31275.0,130246,0.020105276156957178
late_arrival_10pct_30s,correlation_id_only_ablation,11763,600,24,0.25,1500,0,0,0,0,0,0,360,0,600,3600,3600,3600,600,600,600,1.0,1.0,1.0,1.0,1.0,1.0,9000,9000,9000,0,0.0,0,0.0,1.0,1.0,0,0,0.0,0,0,0,0,0,,,0,0,,,0,0.0,0,0.0,600,1275.0,31275.0,31275.0,130246,0.020105276156957178
late_arrival_10pct_30s,naive_temporal_window,11763,600,24,0.25,1500,0,0,0,0,0,0,360,0,600,3600,3600,3600,600,600,462,0.77,0.77,0.77,0.77,0.7699999999999999,0.9425,9000,9621,8379,621,0.069,1242,0.12909260991580918,0.8709073900841908,0.931,69,621,0.1725,69,69,69,0,0,1.0,1.0,0,0,,,0,0.0,0,0.0,462,1275.0,31275.0,31275.0,130246,0.020105276156957178
out_of_order_jitter_3s,strict_service_plus_correlation,11763,600,24,0.25,1500,0,0,0,0,0,0,0,3600,600,3600,3600,3600,600,600,600,1.0,1.0,1.0,1.0,1.0,1.0,9000,9000,9000,0,0.0,0,0.0,1.0,1.0,0,0,0.0,0,0,0,0,0,,,0,0,,,0,0.0,0,0.0,600,3432.0,4130.9,4266.0,90685,0.01399848723410824
out_of_order_jitter_3s,correlation_id_only_ablation,11763,600,24,0.25,1500,0,0,0,0,0,0,0,3600,600,3600,3600,3600,600,600,600,1.0,1.0,1.0,1.0,1.0,1.0,9000,9000,9000,0,0.0,0,0.0,1.0,1.0,0,0,0.0,0,0,0,0,0,,,0,0,,,0,0.0,0,0.0,600,3432.0,4130.9,4266.0,90685,0.01399848723410824
out_of_order_jitter_3s,naive_temporal_window,11763,600,24,0.25,1500,0,0,0,0,0,0,0,3600,600,3600,3600,3600,600,600,462,0.77,0.77,0.77,0.77,0.7699999999999999,0.9425,9000,9621,8379,621,0.069,1242,0.12909260991580918,0.8709073900841908,0.931,69,621,0.1725,69,69,69,0,0,1.0,1.0,0,0,,,0,0.0,0,0.0,462,3433.5,4113.7,4265.0,90685,0.01399848723410824
compound_adversarial,strict_service_plus_correlation,11763,600,24,0.25,1500,360,0,30,0,0,0,360,3600,600,3600,3600,3600,1222,540,284,0.47333333333333333,0.47333333333333333,0.5259259259259259,0.47333333333333333,0.49824561403508766,0.8272222222222222,9000,6563,6563,2437,0.2707777777777778,0,0.0,1.0,0.7292222222222222,30,322,0.08944444444444444,0,30,30,0,0,1.0,1.0,0,0,,,682,0.18944444444444444,0,0.0,284,4020.5,33337.55,34218.0,209390,0.03232225000771819
compound_adversarial,correlation_id_only_ablation,11763,600,24,0.25,1500,360,0,30,0,0,0,360,3600,600,3600,3600,3600,930,570,284,0.47333333333333333,0.47333333333333333,0.4982456140350877,0.47333333333333333,0.4854700854700854,0.9,9000,8148,7287,1713,0.19033333333333333,861,0.1056701030927835,0.8943298969072165,0.8096666666666666,30,322,0.08944444444444444,30,30,30,0,0,1.0,1.0,0,0,,,360,0.1,0,0.0,284,4020.5,33337.55,34218.0,209390,0.03232225000771819
compound_adversarial,naive_temporal_window,11763,600,24,0.25,1500,360,0,30,0,0,0,360,3600,600,3600,3600,3600,600,600,462,0.77,0.77,0.77,0.77,0.7699999999999999,0.9425,9000,9621,8379,621,0.069,1242,0.12909260991580918,0.8709073900841908,0.931,69,621,0.1725,69,69,69,0,0,1.0,1.0,0,0,,,0,0.0,0,0.0,462,4030.0,33406.5,34218.0,209390,0.03232225000771819
control,strict_service_plus_correlation,11864,600,24,0.25,1500,0,0,0,0,0,0,0,0,600,3600,3600,3600,600,600,600,1.0,1.0,1.0,1.0,1.0,1.0,9000,9000,9000,0,0.0,0,0.0,1.0,1.0,0,0,0.0,0,0,0,0,0,,,0,0,,,0,0.0,0,0.0,600,1275.0,1275.0,1275.0,0,0.0
control,correlation_id_only_ablation,11864,600,24,0.25,1500,0,0,0,0,0,0,0,0,600,3600,3600,3600,600,600,600,1.0,1.0,1.0,1.0,1.0,1.0,9000,9000,9000,0,0.0,0,0.0,1.0,1.0,0,0,0.0,0,0,0,0,0,,,0,0,,,0,0.0,0,0.0,600,1275.0,1275.0,1275.0,0,0.0
control,naive_temporal_window,11864,600,24,0.25,1500,0,0,0,0,0,0,0,0,600,3600,3600,3600,600,600,448,0.7466666666666667,0.7466666666666667,0.7466666666666667,0.7466666666666667,0.7466666666666667,0.9366666666666666,9000,9684,8316,684,0.076,1368,0.1412639405204461,0.8587360594795539,0.924,76,684,0.19,76,76,76,0,0,1.0,1.0,0,0,,,0,0.0,0,0.0,448,1275.0,1275.0,1275.0,0,0.0
missing_random_1pct,strict_service_plus_correlation,11864,600,24,0.25,1500,36,0,0,0,0,0,0,0,600,3600,3600,3600,636,600,564,0.94,0.94,0.94,0.94,0.94,0.99,9000,8820,8820,180,0.02,0,0.0,1.0,0.98,0,0,0.0,0,0,0,0,0,,,0,0,,,36,0.01,0,0.0,564,1275.0,1275.0,1275.0,0,0.0
missing_random_1pct,correlation_id_only_ablation,11864,600,24,0.25,1500,36,0,0,0,0,0,0,0,600,3600,3600,3600,636,600,564,0.94,0.94,0.94,0.94,0.94,0.99,9000,8820,8820,180,0.02,0,0.0,1.0,0.98,0,0,0.0,0,0,0,0,0,,,0,0,,,36,0.01,0,0.0,564,1275.0,1275.0,1275.0,0,0.0
missing_random_1pct,naive_temporal_window,11864,600,24,0.25,1500,36,0,0,0,0,0,0,0,600,3600,3600,3600,600,600,448,0.7466666666666667,0.7466666666666667,0.7466666666666667,0.7466666666666667,0.7466666666666667,0.9366666666666666,9000,9684,8316,684,0.076,1368,0.1412639405204461,0.8587360594795539,0.924,76,684,0.19,76,76,76,0,0,1.0,1.0,0,0,,,0,0.0,0,0.0,448,1275.0,1275.0,1275.0,0,0.0
missing_random_5pct,strict_service_plus_correlation,11864,600,24,0.25,1500,180,0,0,0,0,0,0,0,600,3600,3600,3600,780,600,440,0.7333333333333333,0.7333333333333333,0.7333333333333333,0.7333333333333333,0.7333333333333333,0.95,9000,8121,8121,879,0.09766666666666667,0,0.0,1.0,0.9023333333333333,0,0,0.0,0,0,0,0,0,,,0,0,,,180,0.05,0,0.0,440,1275.0,1275.0,1275.0,0,0.0
missing_random_5pct,correlation_id_only_ablation,11864,600,24,0.25,1500,180,0,0,0,0,0,0,0,600,3600,3600,3600,780,600,440,0.7333333333333333,0.7333333333333333,0.7333333333333333,0.7333333333333333,0.7333333333333333,0.95,9000,8121,8121,879,0.09766666666666667,0,0.0,1.0,0.9023333333333333,0,0,0.0,0,0,0,0,0,,,0,0,,,180,0.05,0,0.0,440,1275.0,1275.0,1275.0,0,0.0
missing_random_5pct,naive_temporal_window,11864,600,24,0.25,1500,180,0,0,0,0,0,0,0,600,3600,3600,3600,600,600,448,0.7466666666666667,0.7466666666666667,0.7466666666666667,0.7466666666666667,0.7466666666666667,0.9366666666666666,9000,9684,8316,684,0.076,1368,0.1412639405204461,0.8587360594795539,0.924,76,684,0.19,76,76,76,0,0,1.0,1.0,0,0,,,0,0.0,0,0.0,448,1275.0,1275.0,1275.0,0,0.0
missing_random_10pct,strict_service_plus_correlation,11864,600,24,0.25,1500,360,0,0,0,0,0,0,0,600,3600,3600,3600,960,600,315,0.525,0.525,0.525,0.525,0.525,0.9,9000,7290,7290,1710,0.19,0,0.0,1.0,0.81,0,0,0.0,0,0,0,0,0,,,0,0,,,360,0.1,0,0.0,315,1275.0,1275.0,1275.0,0,0.0
missing_random_10pct,correlation_id_only_ablation,11864,600,24,0.25,1500,360,0,0,0,0,0,0,0,600,3600,3600,3600,960,600,315,0.525,0.525,0.525,0.525,0.525,0.9,9000,7290,7290,1710,0.19,0,0.0,1.0,0.81,0,0,0.0,0,0,0,0,0,,,0,0,,,360,0.1,0,0.0,315,1275.0,1275.0,1275.0,0,0.0
missing_random_10pct,naive_temporal_window,11864,600,24,0.25,1500,360,0,0,0,0,0,0,0,600,3600,3600,3600,600,600,448,0.7466666666666667,0.7466666666666667,0.7466666666666667,0.7466666666666667,0.7466666666666667,0.9366666666666666,9000,9684,8316,684,0.076,1368,0.1412639405204461,0.8587360594795539,0.924,76,684,0.19,76,76,76,0,0,1.0,1.0,0,0,,,0,0.0,0,0.0,448,1275.0,1275.0,1275.0,0,0.0
missing_random_20pct,strict_service_plus_correlation,11864,600,24,0.25,1500,720,0,0,0,0,0,0,0,600,3600,3600,3600,1320,600,157,0.26166666666666666,0.26166666666666666,0.26166666666666666,0.26166666666666666,0.26166666666666666,0.8,9000,5755,5755,3245,0.3605555555555556,0,0.0,1.0,0.6394444444444445,0,0,0.0,0,0,0,0,0,,,0,0,,,720,0.2,0,0.0,157,1275.0,1275.0,1275.0,0,0.0
missing_random_20pct,correlation_id_only_ablation,11864,600,24,0.25,1500,720,0,0,0,0,0,0,0,600,3600,3600,3600,1320,600,157,0.26166666666666666,0.26166666666666666,0.26166666666666666,0.26166666666666666,0.26166666666666666,0.8,9000,5755,5755,3245,0.3605555555555556,0,0.0,1.0,0.6394444444444445,0,0,0.0,0,0,0,0,0,,,0,0,,,720,0.2,0,0.0,157,1275.0,1275.0,1275.0,0,0.0
missing_random_20pct,naive_temporal_window,11864,600,24,0.25,1500,720,0,0,0,0,0,0,0,600,3600,3600,3600,600,600,448,0.7466666666666667,0.7466666666666667,0.7466666666666667,0.7466666666666667,0.7466666666666667,0.9366666666666666,9000,9684,8316,684,0.076,1368,0.1412639405204461,0.8587360594795539,0.924,76,684,0.19,76,76,76,0,0,1.0,1.0,0,0,,,0,0.0,0,0.0,448,1275.0,1275.0,1275.0,0,0.0
wrong_id_same_service_1pct,strict_service_plus_correlation,11864,600,24,0.25,1500,0,36,0,0,0,0,0,0,600,3600,3600,3600,812,564,535,0.8916666666666667,0.8916666666666667,0.9485815602836879,0.8916666666666667,0.9192439862542956,0.9411111111111111,9000,8303,8303,697,0.07744444444444444,0,0.0,1.0,0.9225555555555556,36,248,0.06888888888888889,0,36,36,0,0,1.0,1.0,0,0,,,248,0.06888888888888889,0,0.0,535,1275.0,1275.0,1275.0,0,0.0
wrong_id_same_service_1pct,correlation_id_only_ablation,11864,600,24,0.25,1500,0,36,0,0,0,0,0,0,600,3600,3600,3600,600,600,535,0.8916666666666667,0.8916666666666667,0.8916666666666667,0.8916666666666667,0.8916666666666667,0.99,9000,9035,8823,177,0.019666666666666666,212,0.023464305478693968,0.9765356945213061,0.9803333333333333,36,248,0.06888888888888889,36,36,36,0,0,1.0,1.0,0,0,,,0,0.0,0,0.0,535,1275.0,1275.0,1275.0,0,0.0
wrong_id_same_service_1pct,naive_temporal_window,11864,600,24,0.25,1500,0,36,0,0,0,0,0,0,600,3600,3600,3600,600,600,448,0.7466666666666667,0.7466666666666667,0.7466666666666667,0.7466666666666667,0.7466666666666667,0.9366666666666666,9000,9684,8316,684,0.076,1368,0.1412639405204461,0.8587360594795539,0.924,76,684,0.19,76,76,76,0,0,1.0,1.0,0,0,,,0,0.0,0,0.0,448,1275.0,1275.0,1275.0,0,0.0
wrong_id_same_service_5pct,strict_service_plus_correlation,11864,600,24,0.25,1500,0,180,0,0,0,0,0,0,600,3600,3600,3600,1527,440,329,0.5483333333333333,0.5483333333333333,0.7477272727272727,0.5483333333333333,0.6326923076923078,0.7425,9000,5982,5982,3018,0.3353333333333333,0,0.0,1.0,0.6646666666666666,160,1087,0.30194444444444446,0,160,160,0,0,1.0,1.0,0,0,,,1087,0.30194444444444446,0,0.0,329,1275.0,1275.0,1275.0,0,0.0
wrong_id_same_service_5pct,correlation_id_only_ablation,11864,600,24,0.25,1500,0,180,0,0,0,0,0,0,600,3600,3600,3600,600,600,329,0.5483333333333333,0.5483333333333333,0.5483333333333333,0.5483333333333333,0.5483333333333333,0.95,9000,9172,8128,872,0.09688888888888889,1044,0.11382468382032272,0.8861753161796773,0.9031111111111111,160,1087,0.30194444444444446,160,160,160,0,0,1.0,1.0,0,0,,,0,0.0,0,0.0,329,1275.0,1275.0,1275.0,0,0.0
wrong_id_same_service_5pct,naive_temporal_window,11864,600,24,0.25,1500,0,180,0,0,0,0,0,0,600,3600,3600,3600,600,600,448,0.7466666666666667,0.7466666666666667,0.7466666666666667,0.7466666666666667,0.7466666666666667,0.9366666666666666,9000,9684,8316,684,0.076,1368,0.1412639405204461,0.8587360594795539,0.924,76,684,0.19,76,76,76,0,0,1.0,1.0,0,0,,,0,0.0,0,0.0,448,1275.0,1275.0,1275.0,0,0.0
wrong_id_same_service_10pct,strict_service_plus_correlation,11864,600,24,0.25,1500,0,360,0,0,0,0,0,0,600,3600,3600,3600,2187,322,169,0.2816666666666667,0.2816666666666667,0.5248447204968945,0.2816666666666667,0.3665943600867679,0.5591666666666667,9000,3898,3898,5102,0.5668888888888889,0,0.0,1.0,0.4331111111111111,278,1865,0.5180555555555556,0,278,278,0,0,1.0,1.0,0,0,,,1865,0.5180555555555556,0,0.0,169,1275.0,1275.0,1275.0,0,0.0
wrong_id_same_service_10pct,correlation_id_only_ablation,11864,600,24,0.25,1500,0,360,0,0,0,0,0,0,600,3600,3600,3600,600,600,169,0.2816666666666667,0.2816666666666667,0.2816666666666667,0.2816666666666667,0.2816666666666667,0.9,9000,9336,7301,1699,0.18877777777777777,2035,0.21797343616109682,0.7820265638389031,0.8112222222222222,278,1865,0.5180555555555556,278,278,278,0,0,1.0,1.0,0,0,,,0,0.0,0,0.0,169,1275.0,1275.0,1275.0,0,0.0
wrong_id_same_service_10pct,naive_temporal_window,11864,600,24,0.25,1500,0,360,0,0,0,0,0,0,600,3600,3600,3600,600,600,448,0.7466666666666667,0.7466666666666667,0.7466666666666667,0.7466666666666667,0.7466666666666667,0.9366666666666666,9000,9684,8316,684,0.076,1368,0.1412639405204461,0.8587360594795539,0.924,76,684,0.19,76,76,76,0,0,1.0,1.0,0,0,,,0,0.0,0,0.0,448,1275.0,1275.0,1275.0,0,0.0
wrong_id_same_service_20pct,strict_service_plus_correlation,11864,600,24,0.25,1500,0,720,0,0,0,0,0,0,600,3600,3600,3600,2891,190,41,0.06833333333333333,0.06833333333333333,0.21578947368421053,0.06833333333333333,0.10379746835443036,0.3636111111111111,9000,1761,1761,7239,0.8043333333333333,0,0.0,1.0,0.19566666666666666,410,2701,0.7502777777777778,0,410,410,0,0,1.0,1.0,0,0,,,2701,0.7502777777777778,0,0.0,41,1275.0,1275.0,1275.0,0,0.0
wrong_id_same_service_20pct,correlation_id_only_ablation,11864,600,24,0.25,1500,0,720,0,0,0,0,0,0,600,3600,3600,3600,600,600,41,0.06833333333333333,0.06833333333333333,0.06833333333333333,0.06833333333333333,0.06833333333333333,0.8,9000,9699,5748,3252,0.36133333333333334,3951,0.4073615836684194,0.5926384163315805,0.6386666666666667,410,2701,0.7502777777777778,410,410,410,0,0,1.0,1.0,0,0,,,0,0.0,0,0.0,41,1275.0,1275.0,1275.0,0,0.0
wrong_id_same_service_20pct,naive_temporal_window,11864,600,24,0.25,1500,0,720,0,0,0,0,0,0,600,3600,3600,3600,600,600,448,0.7466666666666667,0.7466666666666667,0.7466666666666667,0.7466666666666667,0.7466666666666667,0.9366666666666666,9000,9684,8316,684,0.076,1368,0.1412639405204461,0.8587360594795539,0.924,76,684,0.19,76,76,76,0,0,1.0,1.0,0,0,,,0,0.0,0,0.0,448,1275.0,1275.0,1275.0,0,0.0
missing_plane_deployment,strict_service_plus_correlation,11864,600,24,0.25,1500,600,0,0,0,0,0,0,0,600,3600,3600,3600,1200,600,0,0.0,0.0,0.0,0.0,0.0,0.8333333333333334,9000,6000,6000,3000,0.3333333333333333,0,0.0,1.0,0.6666666666666666,0,0,0.0,0,0,0,0,0,,,0,0,,,600,0.16666666666666666,0,0.0,0,,,,0,0.0
missing_plane_deployment,correlation_id_only_ablation,11864,600,24,0.25,1500,600,0,0,0,0,0,0,0,600,3600,3600,3600,1200,600,0,0.0,0.0,0.0,0.0,0.0,0.8333333333333334,9000,6000,6000,3000,0.3333333333333333,0,0.0,1.0,0.6666666666666666,0,0,0.0,0,0,0,0,0,,,0,0,,,600,0.16666666666666666,0,0.0,0,,,,0,0.0
missing_plane_deployment,naive_temporal_window,11864,600,24,0.25,1500,600,0,0,0,0,0,0,0,600,3600,3600,3600,600,600,448,0.7466666666666667,0.7466666666666667,0.7466666666666667,0.7466666666666667,0.7466666666666667,0.9366666666666666,9000,9684,8316,684,0.076,1368,0.1412639405204461,0.8587360594795539,0.924,76,684,0.19,76,76,76,0,0,1.0,1.0,0,0,,,0,0.0,0,0.0,448,1275.0,1275.0,1275.0,0,0.0
missing_plane_identity,strict_service_plus_correlation,11864,600,24,0.25,1500,600,0,0,0,0,0,0,0,600,3600,3600,3600,1200,600,0,0.0,0.0,0.0,0.0,0.0,0.8333333333333334,9000,6000,6000,3000,0.3333333333333333,0,0.0,1.0,0.6666666666666666,0,0,0.0,0,0,0,0,0,,,0,0,,,600,0.16666666666666666,0,0.0,0,,,,0,0.0
missing_plane_identity,correlation_id_only_ablation,11864,600,24,0.25,1500,600,0,0,0,0,0,0,0,600,3600,3600,3600,1200,600,0,0.0,0.0,0.0,0.0,0.0,0.8333333333333334,9000,6000,6000,3000,0.3333333333333333,0,0.0,1.0,0.6666666666666666,0,0,0.0,0,0,0,0,0,,,0,0,,,600,0.16666666666666666,0,0.0,0,,,,0,0.0
missing_plane_identity,naive_temporal_window,11864,600,24,0.25,1500,600,0,0,0,0,0,0,0,600,3600,3600,3600,600,600,448,0.7466666666666667,0.7466666666666667,0.7466666666666667,0.7466666666666667,0.7466666666666667,0.9366666666666666,9000,9684,8316,684,0.076,1368,0.1412639405204461,0.8587360594795539,0.924,76,684,0.19,76,76,76,0,0,1.0,1.0,0,0,,,0,0.0,0,0.0,448,1275.0,1275.0,1275.0,0,0.0
missing_plane_policy,strict_service_plus_correlation,11864,600,24,0.25,1500,600,0,0,0,0,0,0,0,600,3600,3600,3600,1200,600,0,0.0,0.0,0.0,0.0,0.0,0.8333333333333334,9000,6000,6000,3000,0.3333333333333333,0,0.0,1.0,0.6666666666666666,0,0,0.0,0,0,0,0,0,,,0,0,,,600,0.16666666666666666,0,0.0,0,,,,0,0.0
missing_plane_policy,correlation_id_only_ablation,11864,600,24,0.25,1500,600,0,0,0,0,0,0,0,600,3600,3600,3600,1200,600,0,0.0,0.0,0.0,0.0,0.0,0.8333333333333334,9000,6000,6000,3000,0.3333333333333333,0,0.0,1.0,0.6666666666666666,0,0,0.0,0,0,0,0,0,,,0,0,,,600,0.16666666666666666,0,0.0,0,,,,0,0.0
missing_plane_policy,naive_temporal_window,11864,600,24,0.25,1500,600,0,0,0,0,0,0,0,600,3600,3600,3600,600,600,448,0.7466666666666667,0.7466666666666667,0.7466666666666667,0.7466666666666667,0.7466666666666667,0.9366666666666666,9000,9684,8316,684,0.076,1368,0.1412639405204461,0.8587360594795539,0.924,76,684,0.19,76,76,76,0,0,1.0,1.0,0,0,,,0,0.0,0,0.0,448,1275.0,1275.0,1275.0,0,0.0
missing_plane_telemetry,strict_service_plus_correlation,11864,600,24,0.25,1500,600,0,0,0,0,0,0,0,600,3600,3600,3600,1200,600,0,0.0,0.0,0.0,0.0,0.0,0.8333333333333334,9000,6000,6000,3000,0.3333333333333333,0,0.0,1.0,0.6666666666666666,0,0,0.0,0,0,0,0,0,,,0,0,,,600,0.16666666666666666,0,0.0,0,,,,0,0.0
missing_plane_telemetry,correlation_id_only_ablation,11864,600,24,0.25,1500,600,0,0,0,0,0,0,0,600,3600,3600,3600,1200,600,0,0.0,0.0,0.0,0.0,0.0,0.8333333333333334,9000,6000,6000,3000,0.3333333333333333,0,0.0,1.0,0.6666666666666666,0,0,0.0,0,0,0,0,0,,,0,0,,,600,0.16666666666666666,0,0.0,0,,,,0,0.0
missing_plane_telemetry,naive_temporal_window,11864,600,24,0.25,1500,600,0,0,0,0,0,0,0,600,3600,3600,3600,600,600,448,0.7466666666666667,0.7466666666666667,0.7466666666666667,0.7466666666666667,0.7466666666666667,0.9366666666666666,9000,9684,8316,684,0.076,1368,0.1412639405204461,0.8587360594795539,0.924,76,684,0.19,76,76,76,0,0,1.0,1.0,0,0,,,0,0.0,0,0.0,448,1275.0,1275.0,1275.0,0,0.0
missing_plane_incident,strict_service_plus_correlation,11864,600,24,0.25,1500,600,0,0,0,0,0,0,0,600,3600,3600,3600,1200,600,0,0.0,0.0,0.0,0.0,0.0,0.8333333333333334,9000,6000,6000,3000,0.3333333333333333,0,0.0,1.0,0.6666666666666666,0,0,0.0,0,0,0,0,0,,,0,0,,,600,0.16666666666666666,0,0.0,0,,,,0,0.0
missing_plane_incident,correlation_id_only_ablation,11864,600,24,0.25,1500,600,0,0,0,0,0,0,0,600,3600,3600,3600,1200,600,0,0.0,0.0,0.0,0.0,0.0,0.8333333333333334,9000,6000,6000,3000,0.3333333333333333,0,0.0,1.0,0.6666666666666666,0,0,0.0,0,0,0,0,0,,,0,0,,,600,0.16666666666666666,0,0.0,0,,,,0,0.0
missing_plane_incident,naive_temporal_window,11864,600,24,0.25,1500,600,0,0,0,0,0,0,0,600,3600,3600,3600,600,600,448,0.7466666666666667,0.7466666666666667,0.7466666666666667,0.7466666666666667,0.7466666666666667,0.9366666666666666,9000,9684,8316,684,0.076,1368,0.1412639405204461,0.8587360594795539,0.924,76,684,0.19,76,76,76,0,0,1.0,1.0,0,0,,,0,0.0,0,0.0,448,1275.0,1275.0,1275.0,0,0.0
missing_plane_recovery,strict_service_plus_correlation,11864,600,24,0.25,1500,600,0,0,0,0,0,0,0,600,3600,3600,3600,1200,600,0,0.0,0.0,0.0,0.0,0.0,0.8333333333333334,9000,6000,6000,3000,0.3333333333333333,0,0.0,1.0,0.6666666666666666,0,0,0.0,0,0,0,0,0,,,0,0,,,600,0.16666666666666666,0,0.0,0,,,,0,0.0
missing_plane_recovery,correlation_id_only_ablation,11864,600,24,0.25,1500,600,0,0,0,0,0,0,0,600,3600,3600,3600,1200,600,0,0.0,0.0,0.0,0.0,0.0,0.8333333333333334,9000,6000,6000,3000,0.3333333333333333,0,0.0,1.0,0.6666666666666666,0,0,0.0,0,0,0,0,0,,,0,0,,,600,0.16666666666666666,0,0.0,0,,,,0,0.0
missing_plane_recovery,naive_temporal_window,11864,600,24,0.25,1500,600,0,0,0,0,0,0,0,600,3600,3600,3600,600,600,448,0.7466666666666667,0.7466666666666667,0.7466666666666667,0.7466666666666667,0.7466666666666667,0.9366666666666666,9000,9684,8316,684,0.076,1368,0.1412639405204461,0.8587360594795539,0.924,76,684,0.19,76,76,76,0,0,1.0,1.0,0,0,,,0,0.0,0,0.0,448,1275.0,1275.0,1275.0,0,0.0
collision_same_service_1pct,strict_service_plus_correlation,11864,600,24,0.25,1500,0,0,6,0,0,0,0,0,600,3600,3600,3600,660,588,588,0.98,0.98,1.0,0.98,0.98989898989899,0.9833333333333333,9000,8820,8820,180,0.02,0,0.0,1.0,0.98,6,72,0.02,0,6,6,0,0,1.0,1.0,0,0,,,72,0.02,0,0.0,588,1275.0,1275.0,1275.0,0,0.0
collision_same_service_1pct,correlation_id_only_ablation,11864,600,24,0.25,1500,0,0,6,0,0,0,0,0,600,3600,3600,3600,594,594,588,0.98,0.98,0.98989898989899,0.98,0.9849246231155778,1.0,9000,9216,9000,0,0.0,216,0.0234375,0.9765625,1.0,6,72,0.02,6,6,6,0,0,1.0,1.0,0,0,,,0,0.0,0,0.0,588,1275.0,1275.0,1275.0,0,0.0
collision_same_service_1pct,naive_temporal_window,11864,600,24,0.25,1500,0,0,6,0,0,0,0,0,600,3600,3600,3600,600,600,448,0.7466666666666667,0.7466666666666667,0.7466666666666667,0.7466666666666667,0.7466666666666667,0.9366666666666666,9000,9684,8316,684,0.076,1368,0.1412639405204461,0.8587360594795539,0.924,76,684,0.19,76,76,76,0,0,1.0,1.0,0,0,,,0,0.0,0,0.0,448,1275.0,1275.0,1275.0,0,0.0
collision_same_service_5pct,strict_service_plus_correlation,11864,600,24,0.25,1500,0,0,30,0,0,0,0,0,600,3600,3600,3600,900,540,540,0.9,0.9,1.0,0.9,0.9473684210526316,0.9166666666666666,9000,8100,8100,900,0.1,0,0.0,1.0,0.9,30,360,0.1,0,30,30,0,0,1.0,1.0,0,0,,,360,0.1,0,0.0,540,1275.0,1275.0,1275.0,0,0.0
collision_same_service_5pct,correlation_id_only_ablation,11864,600,24,0.25,1500,0,0,30,0,0,0,0,0,600,3600,3600,3600,570,570,540,0.9,0.9,0.9473684210526315,0.9,0.9230769230769231,1.0,9000,10080,9000,0,0.0,1080,0.10714285714285714,0.8928571428571429,1.0,30,360,0.1,30,30,30,0,0,1.0,1.0,0,0,,,0,0.0,0,0.0,540,1275.0,1275.0,1275.0,0,0.0
collision_same_service_5pct,naive_temporal_window,11864,600,24,0.25,1500,0,0,30,0,0,0,0,0,600,3600,3600,3600,600,600,448,0.7466666666666667,0.7466666666666667,0.7466666666666667,0.7466666666666667,0.7466666666666667,0.9366666666666666,9000,9684,8316,684,0.076,1368,0.1412639405204461,0.8587360594795539,0.924,76,684,0.19,76,76,76,0,0,1.0,1.0,0,0,,,0,0.0,0,0.0,448,1275.0,1275.0,1275.0,0,0.0
collision_same_service_10pct,strict_service_plus_correlation,11864,600,24,0.25,1500,0,0,60,0,0,0,0,0,600,3600,3600,3600,1200,480,480,0.8,0.8,1.0,0.8,0.888888888888889,0.8333333333333334,9000,7200,7200,1800,0.2,0,0.0,1.0,0.8,60,720,0.2,0,60,60,0,0,1.0,1.0,0,0,,,720,0.2,0,0.0,480,1275.0,1275.0,1275.0,0,0.0
collision_same_service_10pct,correlation_id_only_ablation,11864,600,24,0.25,1500,0,0,60,0,0,0,0,0,600,3600,3600,3600,540,540,480,0.8,0.8,0.8888888888888888,0.8,0.8421052631578948,1.0,9000,11160,9000,0,0.0,2160,0.1935483870967742,0.8064516129032258,1.0,60,720,0.2,60,60,60,0,0,1.0,1.0,0,0,,,0,0.0,0,0.0,480,1275.0,1275.0,1275.0,0,0.0
collision_same_service_10pct,naive_temporal_window,11864,600,24,0.25,1500,0,0,60,0,0,0,0,0,600,3600,3600,3600,600,600,448,0.7466666666666667,0.7466666666666667,0.7466666666666667,0.7466666666666667,0.7466666666666667,0.9366666666666666,9000,9684,8316,684,0.076,1368,0.1412639405204461,0.8587360594795539,0.924,76,684,0.19,76,76,76,0,0,1.0,1.0,0,0,,,0,0.0,0,0.0,448,1275.0,1275.0,1275.0,0,0.0
collision_cross_service_5pct,strict_service_plus_correlation,11864,600,24,0.25,1500,0,0,30,0,0,0,0,0,600,3600,3600,3600,600,600,600,1.0,1.0,1.0,1.0,1.0,1.0,9000,9000,9000,0,0.0,0,0.0,1.0,1.0,0,0,0.0,0,0,0,0,0,,,0,0,,,0,0.0,0,0.0,600,1275.0,1275.0,1275.0,0,0.0
collision_cross_service_5pct,correlation_id_only_ablation,11864,600,24,0.25,1500,0,0,30,0,0,0,0,0,600,3600,3600,3600,570,570,540,0.9,0.9,0.9473684210526315,0.9,0.9230769230769231,1.0,9000,10080,9000,0,0.0,1080,0.10714285714285714,0.8928571428571429,1.0,30,360,0.1,30,30,30,0,0,1.0,1.0,0,0,,,0,0.0,0,0.0,540,1275.0,1275.0,1275.0,0,0.0
collision_cross_service_5pct,naive_temporal_window,11864,600,24,0.25,1500,0,0,30,0,0,0,0,0,600,3600,3600,3600,600,600,448,0.7466666666666667,0.7466666666666667,0.7466666666666667,0.7466666666666667,0.7466666666666667,0.9366666666666666,9000,9684,8316,684,0.076,1368,0.1412639405204461,0.8587360594795539,0.924,76,684,0.19,76,76,76,0,0,1.0,1.0,0,0,,,0,0.0,0,0.0,448,1275.0,1275.0,1275.0,0,0.0
duplicate_exact_10pct,strict_service_plus_correlation,11864,600,24,0.25,1500,0,0,0,360,0,0,0,0,600,3600,3600,3960,600,600,600,1.0,1.0,1.0,1.0,1.0,1.0,9000,9000,9000,0,0.0,0,0.0,1.0,1.0,0,0,0.0,0,0,0,0,0,,,0,0,,,0,0.0,360,0.09090909090909091,600,1275.0,1275.0,1275.0,0,0.0
duplicate_exact_10pct,correlation_id_only_ablation,11864,600,24,0.25,1500,0,0,0,360,0,0,0,0,600,3600,3600,3960,600,600,600,1.0,1.0,1.0,1.0,1.0,1.0,9000,9000,9000,0,0.0,0,0.0,1.0,1.0,0,0,0.0,0,0,0,0,0,,,0,0,,,0,0.0,360,0.09090909090909091,600,1275.0,1275.0,1275.0,0,0.0
duplicate_exact_10pct,naive_temporal_window,11864,600,24,0.25,1500,0,0,0,360,0,0,0,0,600,3600,3600,3960,600,600,448,0.7466666666666667,0.7466666666666667,0.7466666666666667,0.7466666666666667,0.7466666666666667,0.9366666666666666,9000,9684,8316,684,0.076,1368,0.1412639405204461,0.8587360594795539,0.924,76,684,0.19,76,76,76,0,0,1.0,1.0,0,0,,,0,0.0,360,0.09090909090909091,448,1275.0,1275.0,1275.0,0,0.0
duplicate_source_conflict_5pct,strict_service_plus_correlation,11864,600,24,0.25,1500,0,0,0,0,180,0,0,0,600,3600,3600,3780,960,600,446,0.7433333333333333,0.7433333333333333,0.7433333333333333,0.7433333333333333,0.7433333333333333,0.95,9000,8129,8129,871,0.09677777777777778,0,0.0,1.0,0.9032222222222223,0,0,0.0,0,0,0,0,0,,,180,180,1.0,1.0,360,0.09523809523809523,0,0.0,446,1275.0,1275.0,1275.0,0,0.0
duplicate_source_conflict_5pct,correlation_id_only_ablation,11864,600,24,0.25,1500,0,0,0,0,180,0,0,0,600,3600,3600,3780,600,600,446,0.7433333333333333,0.7433333333333333,0.7433333333333333,0.7433333333333333,0.7433333333333333,1.0,9000,10109,9000,0,0.0,1109,0.10970422395884855,0.8902957760411514,1.0,0,0,0.0,0,154,0,154,0,0.0,,180,180,1.0,1.0,0,0.0,0,0.0,446,1275.0,1275.0,1275.0,0,0.0
duplicate_source_conflict_5pct,naive_temporal_window,11864,600,24,0.25,1500,0,0,0,0,180,0,0,0,600,3600,3600,3780,600,600,330,0.55,0.55,0.55,0.55,0.55,0.9366666666666666,9000,10867,8316,684,0.076,2551,0.23474740038649122,0.7652525996135088,0.924,76,684,0.19,76,202,76,126,0,0.37623762376237624,1.0,180,180,1.0,1.0,0,0.0,0,0.0,330,1275.0,1275.0,1275.0,0,0.0
clock_skew_random_10pct_5s,strict_service_plus_correlation,11864,600,24,0.25,1500,0,0,0,0,0,360,0,0,600,3600,3600,3600,1940,332,332,0.5533333333333333,0.5533333333333333,1.0,0.5533333333333333,0.7124463519313305,0.6277777777777778,9000,4980,4980,4020,0.44666666666666666,0,0.0,1.0,0.5533333333333333,0,0,0.0,0,268,0,268,0,0.0,,0,0,,,1608,0.44666666666666666,0,0.0,332,1275.0,1275.0,1275.0,0,0.0
clock_skew_random_10pct_5s,correlation_id_only_ablation,11864,600,24,0.25,1500,0,0,0,0,0,360,0,0,600,3600,3600,3600,600,600,600,1.0,1.0,1.0,1.0,1.0,1.0,9000,9000,9000,0,0.0,0,0.0,1.0,1.0,0,0,0.0,0,268,0,268,0,0.0,,0,0,,,0,0.0,0,0.0,600,1275.0,1275.0,1275.0,0,0.0
clock_skew_random_10pct_5s,naive_temporal_window,11864,600,24,0.25,1500,0,0,0,0,0,360,0,0,600,3600,3600,3600,872,670,250,0.4166666666666667,0.4166666666666667,0.373134328358209,0.4166666666666667,0.3937007874015748,0.8477777777777777,9000,7967,6794,2206,0.2451111111111111,1173,0.14723233337517258,0.8527676666248274,0.7548888888888889,121,719,0.19972222222222222,121,98,98,0,23,1.0,0.8099173553719008,0,0,,,0,0.0,0,0.0,250,1275.0,1275.0,1275.0,0,0.0
late_arrival_10pct_30s,strict_service_plus_correlation,11864,600,24,0.25,1500,0,0,0,0,0,0,360,0,600,3600,3600,3600,600,600,600,1.0,1.0,1.0,1.0,1.0,1.0,9000,9000,9000,0,0.0,0,0.0,1.0,1.0,0,0,0.0,0,0,0,0,0,,,0,0,,,0,0.0,0,0.0,600,1275.0,31275.0,31275.0,130089,0.020081041029915717
late_arrival_10pct_30s,correlation_id_only_ablation,11864,600,24,0.25,1500,0,0,0,0,0,0,360,0,600,3600,3600,3600,600,600,600,1.0,1.0,1.0,1.0,1.0,1.0,9000,9000,9000,0,0.0,0,0.0,1.0,1.0,0,0,0.0,0,0,0,0,0,,,0,0,,,0,0.0,0,0.0,600,1275.0,31275.0,31275.0,130089,0.020081041029915717
late_arrival_10pct_30s,naive_temporal_window,11864,600,24,0.25,1500,0,0,0,0,0,0,360,0,600,3600,3600,3600,600,600,448,0.7466666666666667,0.7466666666666667,0.7466666666666667,0.7466666666666667,0.7466666666666667,0.9366666666666666,9000,9684,8316,684,0.076,1368,0.1412639405204461,0.8587360594795539,0.924,76,684,0.19,76,76,76,0,0,1.0,1.0,0,0,,,0,0.0,0,0.0,448,1275.0,31275.0,31275.0,130089,0.020081041029915717
out_of_order_jitter_3s,strict_service_plus_correlation,11864,600,24,0.25,1500,0,0,0,0,0,0,0,3600,600,3600,3600,3600,600,600,600,1.0,1.0,1.0,1.0,1.0,1.0,9000,9000,9000,0,0.0,0,0.0,1.0,1.0,0,0,0.0,0,0,0,0,0,,,0,0,,,0,0.0,0,0.0,600,3451.5,4137.8499999999985,4275.0,93329,0.014406625297150442
out_of_order_jitter_3s,correlation_id_only_ablation,11864,600,24,0.25,1500,0,0,0,0,0,0,0,3600,600,3600,3600,3600,600,600,600,1.0,1.0,1.0,1.0,1.0,1.0,9000,9000,9000,0,0.0,0,0.0,1.0,1.0,0,0,0.0,0,0,0,0,0,,,0,0,,,0,0.0,0,0.0,600,3451.5,4137.8499999999985,4275.0,93329,0.014406625297150442
out_of_order_jitter_3s,naive_temporal_window,11864,600,24,0.25,1500,0,0,0,0,0,0,0,3600,600,3600,3600,3600,600,600,448,0.7466666666666667,0.7466666666666667,0.7466666666666667,0.7466666666666667,0.7466666666666667,0.9366666666666666,9000,9684,8316,684,0.076,1368,0.1412639405204461,0.8587360594795539,0.924,76,684,0.19,76,76,76,0,0,1.0,1.0,0,0,,,0,0.0,0,0.0,448,3428.0,4127.95,4274.0,93329,0.014406625297150442
compound_adversarial,strict_service_plus_correlation,11864,600,24,0.25,1500,360,0,30,0,0,0,360,3600,600,3600,3600,3600,1218,540,290,0.48333333333333334,0.48333333333333334,0.5370370370370371,0.48333333333333334,0.5087719298245614,0.8283333333333334,9000,6588,6588,2412,0.268,0,0.0,1.0,0.732,30,318,0.08833333333333333,0,30,30,0,0,1.0,1.0,0,0,,,678,0.18833333333333332,0,0.0,290,4031.5,33524.55,34251.0,206680,0.031903923929486586
compound_adversarial,correlation_id_only_ablation,11864,600,24,0.25,1500,360,0,30,0,0,0,360,3600,600,3600,3600,3600,930,570,290,0.48333333333333334,0.48333333333333334,0.5087719298245614,0.48333333333333334,0.4957264957264957,0.9,9000,8129,7291,1709,0.18988888888888888,838,0.10308771066551851,0.8969122893344815,0.8101111111111111,30,318,0.08833333333333333,30,30,30,0,0,1.0,1.0,0,0,,,360,0.1,0,0.0,290,4031.5,33524.55,34251.0,206680,0.031903923929486586
compound_adversarial,naive_temporal_window,11864,600,24,0.25,1500,360,0,30,0,0,0,360,3600,600,3600,3600,3600,600,600,448,0.7466666666666667,0.7466666666666667,0.7466666666666667,0.7466666666666667,0.7466666666666667,0.9366666666666666,9000,9684,8316,684,0.076,1368,0.1412639405204461,0.8587360594795539,0.924,76,684,0.19,76,76,76,0,0,1.0,1.0,0,0,,,0,0.0,0,0.0,448,3970.0,33531.55,34251.0,206680,0.031903923929486586
control,strict_service_plus_correlation,11965,600,24,0.25,1500,0,0,0,0,0,0,0,0,600,3600,3600,3600,600,600,600,1.0,1.0,1.0,1.0,1.0,1.0,9000,9000,9000,0,0.0,0,0.0,1.0,1.0,0,0,0.0,0,0,0,0,0,,,0,0,,,0,0.0,0,0.0,600,1275.0,1275.0,1275.0,0,0.0
control,correlation_id_only_ablation,11965,600,24,0.25,1500,0,0,0,0,0,0,0,0,600,3600,3600,3600,600,600,600,1.0,1.0,1.0,1.0,1.0,1.0,9000,9000,9000,0,0.0,0,0.0,1.0,1.0,0,0,0.0,0,0,0,0,0,,,0,0,,,0,0.0,0,0.0,600,1275.0,1275.0,1275.0,0,0.0
control,naive_temporal_window,11965,600,24,0.25,1500,0,0,0,0,0,0,0,0,600,3600,3600,3600,600,600,412,0.6866666666666666,0.6866666666666666,0.6866666666666666,0.6866666666666666,0.6866666666666666,0.9216666666666666,9000,9846,8154,846,0.094,1692,0.17184643510054845,0.8281535648994516,0.906,94,846,0.235,94,94,94,0,0,1.0,1.0,0,0,,,0,0.0,0,0.0,412,1275.0,1275.0,1275.0,0,0.0
missing_random_1pct,strict_service_plus_correlation,11965,600,24,0.25,1500,36,0,0,0,0,0,0,0,600,3600,3600,3600,636,600,565,0.9416666666666667,0.9416666666666667,0.9416666666666667,0.9416666666666667,0.9416666666666667,0.99,9000,8821,8821,179,0.01988888888888889,0,0.0,1.0,0.9801111111111112,0,0,0.0,0,0,0,0,0,,,0,0,,,36,0.01,0,0.0,565,1275.0,1275.0,1275.0,0,0.0
missing_random_1pct,correlation_id_only_ablation,11965,600,24,0.25,1500,36,0,0,0,0,0,0,0,600,3600,3600,3600,636,600,565,0.9416666666666667,0.9416666666666667,0.9416666666666667,0.9416666666666667,0.9416666666666667,0.99,9000,8821,8821,179,0.01988888888888889,0,0.0,1.0,0.9801111111111112,0,0,0.0,0,0,0,0,0,,,0,0,,,36,0.01,0,0.0,565,1275.0,1275.0,1275.0,0,0.0
missing_random_1pct,naive_temporal_window,11965,600,24,0.25,1500,36,0,0,0,0,0,0,0,600,3600,3600,3600,600,600,412,0.6866666666666666,0.6866666666666666,0.6866666666666666,0.6866666666666666,0.6866666666666666,0.9216666666666666,9000,9846,8154,846,0.094,1692,0.17184643510054845,0.8281535648994516,0.906,94,846,0.235,94,94,94,0,0,1.0,1.0,0,0,,,0,0.0,0,0.0,412,1275.0,1275.0,1275.0,0,0.0
missing_random_5pct,strict_service_plus_correlation,11965,600,24,0.25,1500,180,0,0,0,0,0,0,0,600,3600,3600,3600,780,600,441,0.735,0.735,0.735,0.735,0.735,0.95,9000,8122,8122,878,0.09755555555555556,0,0.0,1.0,0.9024444444444445,0,0,0.0,0,0,0,0,0,,,0,0,,,180,0.05,0,0.0,441,1275.0,1275.0,1275.0,0,0.0
missing_random_5pct,correlation_id_only_ablation,11965,600,24,0.25,1500,180,0,0,0,0,0,0,0,600,3600,3600,3600,780,600,441,0.735,0.735,0.735,0.735,0.735,0.95,9000,8122,8122,878,0.09755555555555556,0,0.0,1.0,0.9024444444444445,0,0,0.0,0,0,0,0,0,,,0,0,,,180,0.05,0,0.0,441,1275.0,1275.0,1275.0,0,0.0
missing_random_5pct,naive_temporal_window,11965,600,24,0.25,1500,180,0,0,0,0,0,0,0,600,3600,3600,3600,600,600,412,0.6866666666666666,0.6866666666666666,0.6866666666666666,0.6866666666666666,0.6866666666666666,0.9216666666666666,9000,9846,8154,846,0.094,1692,0.17184643510054845,0.8281535648994516,0.906,94,846,0.235,94,94,94,0,0,1.0,1.0,0,0,,,0,0.0,0,0.0,412,1275.0,1275.0,1275.0,0,0.0
missing_random_10pct,strict_service_plus_correlation,11965,600,24,0.25,1500,360,0,0,0,0,0,0,0,600,3600,3600,3600,960,600,310,0.5166666666666667,0.5166666666666667,0.5166666666666667,0.5166666666666667,0.5166666666666667,0.9,9000,7276,7276,1724,0.19155555555555556,0,0.0,1.0,0.8084444444444444,0,0,0.0,0,0,0,0,0,,,0,0,,,360,0.1,0,0.0,310,1275.0,1275.0,1275.0,0,0.0
missing_random_10pct,correlation_id_only_ablation,11965,600,24,0.25,1500,360,0,0,0,0,0,0,0,600,3600,3600,3600,960,600,310,0.5166666666666667,0.5166666666666667,0.5166666666666667,0.5166666666666667,0.5166666666666667,0.9,9000,7276,7276,1724,0.19155555555555556,0,0.0,1.0,0.8084444444444444,0,0,0.0,0,0,0,0,0,,,0,0,,,360,0.1,0,0.0,310,1275.0,1275.0,1275.0,0,0.0
missing_random_10pct,naive_temporal_window,11965,600,24,0.25,1500,360,0,0,0,0,0,0,0,600,3600,3600,3600,600,600,412,0.6866666666666666,0.6866666666666666,0.6866666666666666,0.6866666666666666,0.6866666666666666,0.9216666666666666,9000,9846,8154,846,0.094,1692,0.17184643510054845,0.8281535648994516,0.906,94,846,0.235,94,94,94,0,0,1.0,1.0,0,0,,,0,0.0,0,0.0,412,1275.0,1275.0,1275.0,0,0.0
missing_random_20pct,strict_service_plus_correlation,11965,600,24,0.25,1500,720,0,0,0,0,0,0,0,600,3600,3600,3600,1320,600,161,0.2683333333333333,0.2683333333333333,0.2683333333333333,0.2683333333333333,0.2683333333333333,0.8,9000,5762,5762,3238,0.35977777777777775,0,0.0,1.0,0.6402222222222222,0,0,0.0,0,0,0,0,0,,,0,0,,,720,0.2,0,0.0,161,1275.0,1275.0,1275.0,0,0.0
missing_random_20pct,correlation_id_only_ablation,11965,600,24,0.25,1500,720,0,0,0,0,0,0,0,600,3600,3600,3600,1320,600,161,0.2683333333333333,0.2683333333333333,0.2683333333333333,0.2683333333333333,0.2683333333333333,0.8,9000,5762,5762,3238,0.35977777777777775,0,0.0,1.0,0.6402222222222222,0,0,0.0,0,0,0,0,0,,,0,0,,,720,0.2,0,0.0,161,1275.0,1275.0,1275.0,0,0.0
missing_random_20pct,naive_temporal_window,11965,600,24,0.25,1500,720,0,0,0,0,0,0,0,600,3600,3600,3600,600,600,412,0.6866666666666666,0.6866666666666666,0.6866666666666666,0.6866666666666666,0.6866666666666666,0.9216666666666666,9000,9846,8154,846,0.094,1692,0.17184643510054845,0.8281535648994516,0.906,94,846,0.235,94,94,94,0,0,1.0,1.0,0,0,,,0,0.0,0,0.0,412,1275.0,1275.0,1275.0,0,0.0
wrong_id_same_service_1pct,strict_service_plus_correlation,11965,600,24,0.25,1500,0,36,0,0,0,0,0,0,600,3600,3600,3600,814,564,530,0.8833333333333333,0.8833333333333333,0.9397163120567376,0.8833333333333333,0.9106529209621993,0.9405555555555556,9000,8290,8290,710,0.07888888888888888,0,0.0,1.0,0.9211111111111111,36,250,0.06944444444444445,0,36,36,0,0,1.0,1.0,0,0,,,250,0.06944444444444445,0,0.0,530,1275.0,1275.0,1275.0,0,0.0
wrong_id_same_service_1pct,correlation_id_only_ablation,11965,600,24,0.25,1500,0,36,0,0,0,0,0,0,600,3600,3600,3600,600,600,530,0.8833333333333333,0.8833333333333333,0.8833333333333333,0.8833333333333333,0.8833333333333333,0.99,9000,9034,8820,180,0.02,214,0.023688288687181758,0.9763117113128182,0.98,36,250,0.06944444444444445,36,36,36,0,0,1.0,1.0,0,0,,,0,0.0,0,0.0,530,1275.0,1275.0,1275.0,0,0.0
wrong_id_same_service_1pct,naive_temporal_window,11965,600,24,0.25,1500,0,36,0,0,0,0,0,0,600,3600,3600,3600,600,600,412,0.6866666666666666,0.6866666666666666,0.6866666666666666,0.6866666666666666,0.6866666666666666,0.9216666666666666,9000,9846,8154,846,0.094,1692,0.17184643510054845,0.8281535648994516,0.906,94,846,0.235,94,94,94,0,0,1.0,1.0,0,0,,,0,0.0,0,0.0,412,1275.0,1275.0,1275.0,0,0.0
wrong_id_same_service_5pct,strict_service_plus_correlation,11965,600,24,0.25,1500,0,180,0,0,0,0,0,0,600,3600,3600,3600,1514,445,330,0.55,0.55,0.7415730337078652,0.55,0.6315789473684211,0.7461111111111111,9000,6006,6006,2994,0.33266666666666667,0,0.0,1.0,0.6673333333333333,155,1069,0.29694444444444446,0,155,155,0,0,1.0,1.0,0,0,,,1069,0.29694444444444446,0,0.0,330,1275.0,1275.0,1275.0,0,0.0
wrong_id_same_service_5pct,correlation_id_only_ablation,11965,600,24,0.25,1500,0,180,0,0,0,0,0,0,600,3600,3600,3600,600,600,330,0.55,0.55,0.55,0.55,0.55,0.95,9000,9188,8131,869,0.09655555555555556,1057,0.11504135829342621,0.8849586417065738,0.9034444444444445,155,1069,0.29694444444444446,155,155,155,0,0,1.0,1.0,0,0,,,0,0.0,0,0.0,330,1275.0,1275.0,1275.0,0,0.0
wrong_id_same_service_5pct,naive_temporal_window,11965,600,24,0.25,1500,0,180,0,0,0,0,0,0,600,3600,3600,3600,600,600,412,0.6866666666666666,0.6866666666666666,0.6866666666666666,0.6866666666666666,0.6866666666666666,0.9216666666666666,9000,9846,8154,846,0.094,1692,0.17184643510054845,0.8281535648994516,0.906,94,846,0.235,94,94,94,0,0,1.0,1.0,0,0,,,0,0.0,0,0.0,412,1275.0,1275.0,1275.0,0,0.0
wrong_id_same_service_10pct,strict_service_plus_correlation,11965,600,24,0.25,1500,0,360,0,0,0,0,0,0,600,3600,3600,3600,2158,324,168,0.28,0.28,0.5185185185185185,0.28,0.36363636363636365,0.5672222222222222,9000,3993,3993,5007,0.5563333333333333,0,0.0,1.0,0.44366666666666665,276,1834,0.5094444444444445,0,276,276,0,0,1.0,1.0,0,0,,,1834,0.5094444444444445,0,0.0,168,1275.0,1275.0,1275.0,0,0.0
wrong_id_same_service_10pct,correlation_id_only_ablation,11965,600,24,0.25,1500,0,360,0,0,0,0,0,0,600,3600,3600,3600,600,600,168,0.28,0.28,0.28,0.28,0.28,0.9,9000,9301,7271,1729,0.19211111111111112,2030,0.21825610149446295,0.781743898505537,0.8078888888888889,276,1834,0.5094444444444445,276,276,276,0,0,1.0,1.0,0,0,,,0,0.0,0,0.0,168,1275.0,1275.0,1275.0,0,0.0
wrong_id_same_service_10pct,naive_temporal_window,11965,600,24,0.25,1500,0,360,0,0,0,0,0,0,600,3600,3600,3600,600,600,412,0.6866666666666666,0.6866666666666666,0.6866666666666666,0.6866666666666666,0.6866666666666666,0.9216666666666666,9000,9846,8154,846,0.094,1692,0.17184643510054845,0.8281535648994516,0.906,94,846,0.235,94,94,94,0,0,1.0,1.0,0,0,,,0,0.0,0,0.0,412,1275.0,1275.0,1275.0,0,0.0
wrong_id_same_service_20pct,strict_service_plus_correlation,11965,600,24,0.25,1500,0,720,0,0,0,0,0,0,600,3600,3600,3600,2902,184,41,0.06833333333333333,0.06833333333333333,0.22282608695652173,0.06833333333333333,0.10459183673469387,0.3605555555555556,9000,1748,1748,7252,0.8057777777777778,0,0.0,1.0,0.1942222222222222,416,2718,0.755,0,416,416,0,0,1.0,1.0,0,0,,,2718,0.755,0,0.0,41,1275.0,1275.0,1275.0,0,0.0
wrong_id_same_service_20pct,correlation_id_only_ablation,11965,600,24,0.25,1500,0,720,0,0,0,0,0,0,600,3600,3600,3600,600,600,41,0.06833333333333333,0.06833333333333333,0.06833333333333333,0.06833333333333333,0.06833333333333333,0.8,9000,9656,5773,3227,0.35855555555555557,3883,0.4021333885666943,0.5978666114333057,0.6414444444444445,416,2718,0.755,416,416,416,0,0,1.0,1.0,0,0,,,0,0.0,0,0.0,41,1275.0,1275.0,1275.0,0,0.0
wrong_id_same_service_20pct,naive_temporal_window,11965,600,24,0.25,1500,0,720,0,0,0,0,0,0,600,3600,3600,3600,600,600,412,0.6866666666666666,0.6866666666666666,0.6866666666666666,0.6866666666666666,0.6866666666666666,0.9216666666666666,9000,9846,8154,846,0.094,1692,0.17184643510054845,0.8281535648994516,0.906,94,846,0.235,94,94,94,0,0,1.0,1.0,0,0,,,0,0.0,0,0.0,412,1275.0,1275.0,1275.0,0,0.0
missing_plane_deployment,strict_service_plus_correlation,11965,600,24,0.25,1500,600,0,0,0,0,0,0,0,600,3600,3600,3600,1200,600,0,0.0,0.0,0.0,0.0,0.0,0.8333333333333334,9000,6000,6000,3000,0.3333333333333333,0,0.0,1.0,0.6666666666666666,0,0,0.0,0,0,0,0,0,,,0,0,,,600,0.16666666666666666,0,0.0,0,,,,0,0.0
missing_plane_deployment,correlation_id_only_ablation,11965,600,24,0.25,1500,600,0,0,0,0,0,0,0,600,3600,3600,3600,1200,600,0,0.0,0.0,0.0,0.0,0.0,0.8333333333333334,9000,6000,6000,3000,0.3333333333333333,0,0.0,1.0,0.6666666666666666,0,0,0.0,0,0,0,0,0,,,0,0,,,600,0.16666666666666666,0,0.0,0,,,,0,0.0
missing_plane_deployment,naive_temporal_window,11965,600,24,0.25,1500,600,0,0,0,0,0,0,0,600,3600,3600,3600,600,600,412,0.6866666666666666,0.6866666666666666,0.6866666666666666,0.6866666666666666,0.6866666666666666,0.9216666666666666,9000,9846,8154,846,0.094,1692,0.17184643510054845,0.8281535648994516,0.906,94,846,0.235,94,94,94,0,0,1.0,1.0,0,0,,,0,0.0,0,0.0,412,1275.0,1275.0,1275.0,0,0.0
missing_plane_identity,strict_service_plus_correlation,11965,600,24,0.25,1500,600,0,0,0,0,0,0,0,600,3600,3600,3600,1200,600,0,0.0,0.0,0.0,0.0,0.0,0.8333333333333334,9000,6000,6000,3000,0.3333333333333333,0,0.0,1.0,0.6666666666666666,0,0,0.0,0,0,0,0,0,,,0,0,,,600,0.16666666666666666,0,0.0,0,,,,0,0.0
missing_plane_identity,correlation_id_only_ablation,11965,600,24,0.25,1500,600,0,0,0,0,0,0,0,600,3600,3600,3600,1200,600,0,0.0,0.0,0.0,0.0,0.0,0.8333333333333334,9000,6000,6000,3000,0.3333333333333333,0,0.0,1.0,0.6666666666666666,0,0,0.0,0,0,0,0,0,,,0,0,,,600,0.16666666666666666,0,0.0,0,,,,0,0.0
missing_plane_identity,naive_temporal_window,11965,600,24,0.25,1500,600,0,0,0,0,0,0,0,600,3600,3600,3600,600,600,412,0.6866666666666666,0.6866666666666666,0.6866666666666666,0.6866666666666666,0.6866666666666666,0.9216666666666666,9000,9846,8154,846,0.094,1692,0.17184643510054845,0.8281535648994516,0.906,94,846,0.235,94,94,94,0,0,1.0,1.0,0,0,,,0,0.0,0,0.0,412,1275.0,1275.0,1275.0,0,0.0
missing_plane_policy,strict_service_plus_correlation,11965,600,24,0.25,1500,600,0,0,0,0,0,0,0,600,3600,3600,3600,1200,600,0,0.0,0.0,0.0,0.0,0.0,0.8333333333333334,9000,6000,6000,3000,0.3333333333333333,0,0.0,1.0,0.6666666666666666,0,0,0.0,0,0,0,0,0,,,0,0,,,600,0.16666666666666666,0,0.0,0,,,,0,0.0
missing_plane_policy,correlation_id_only_ablation,11965,600,24,0.25,1500,600,0,0,0,0,0,0,0,600,3600,3600,3600,1200,600,0,0.0,0.0,0.0,0.0,0.0,0.8333333333333334,9000,6000,6000,3000,0.3333333333333333,0,0.0,1.0,0.6666666666666666,0,0,0.0,0,0,0,0,0,,,0,0,,,600,0.16666666666666666,0,0.0,0,,,,0,0.0
missing_plane_policy,naive_temporal_window,11965,600,24,0.25,1500,600,0,0,0,0,0,0,0,600,3600,3600,3600,600,600,412,0.6866666666666666,0.6866666666666666,0.6866666666666666,0.6866666666666666,0.6866666666666666,0.9216666666666666,9000,9846,8154,846,0.094,1692,0.17184643510054845,0.8281535648994516,0.906,94,846,0.235,94,94,94,0,0,1.0,1.0,0,0,,,0,0.0,0,0.0,412,1275.0,1275.0,1275.0,0,0.0
missing_plane_telemetry,strict_service_plus_correlation,11965,600,24,0.25,1500,600,0,0,0,0,0,0,0,600,3600,3600,3600,1200,600,0,0.0,0.0,0.0,0.0,0.0,0.8333333333333334,9000,6000,6000,3000,0.3333333333333333,0,0.0,1.0,0.6666666666666666,0,0,0.0,0,0,0,0,0,,,0,0,,,600,0.16666666666666666,0,0.0,0,,,,0,0.0
missing_plane_telemetry,correlation_id_only_ablation,11965,600,24,0.25,1500,600,0,0,0,0,0,0,0,600,3600,3600,3600,1200,600,0,0.0,0.0,0.0,0.0,0.0,0.8333333333333334,9000,6000,6000,3000,0.3333333333333333,0,0.0,1.0,0.6666666666666666,0,0,0.0,0,0,0,0,0,,,0,0,,,600,0.16666666666666666,0,0.0,0,,,,0,0.0
missing_plane_telemetry,naive_temporal_window,11965,600,24,0.25,1500,600,0,0,0,0,0,0,0,600,3600,3600,3600,600,600,412,0.6866666666666666,0.6866666666666666,0.6866666666666666,0.6866666666666666,0.6866666666666666,0.9216666666666666,9000,9846,8154,846,0.094,1692,0.17184643510054845,0.8281535648994516,0.906,94,846,0.235,94,94,94,0,0,1.0,1.0,0,0,,,0,0.0,0,0.0,412,1275.0,1275.0,1275.0,0,0.0
missing_plane_incident,strict_service_plus_correlation,11965,600,24,0.25,1500,600,0,0,0,0,0,0,0,600,3600,3600,3600,1200,600,0,0.0,0.0,0.0,0.0,0.0,0.8333333333333334,9000,6000,6000,3000,0.3333333333333333,0,0.0,1.0,0.6666666666666666,0,0,0.0,0,0,0,0,0,,,0,0,,,600,0.16666666666666666,0,0.0,0,,,,0,0.0
missing_plane_incident,correlation_id_only_ablation,11965,600,24,0.25,1500,600,0,0,0,0,0,0,0,600,3600,3600,3600,1200,600,0,0.0,0.0,0.0,0.0,0.0,0.8333333333333334,9000,6000,6000,3000,0.3333333333333333,0,0.0,1.0,0.6666666666666666,0,0,0.0,0,0,0,0,0,,,0,0,,,600,0.16666666666666666,0,0.0,0,,,,0,0.0
missing_plane_incident,naive_temporal_window,11965,600,24,0.25,1500,600,0,0,0,0,0,0,0,600,3600,3600,3600,600,600,412,0.6866666666666666,0.6866666666666666,0.6866666666666666,0.6866666666666666,0.6866666666666666,0.9216666666666666,9000,9846,8154,846,0.094,1692,0.17184643510054845,0.8281535648994516,0.906,94,846,0.235,94,94,94,0,0,1.0,1.0,0,0,,,0,0.0,0,0.0,412,1275.0,1275.0,1275.0,0,0.0
missing_plane_recovery,strict_service_plus_correlation,11965,600,24,0.25,1500,600,0,0,0,0,0,0,0,600,3600,3600,3600,1200,600,0,0.0,0.0,0.0,0.0,0.0,0.8333333333333334,9000,6000,6000,3000,0.3333333333333333,0,0.0,1.0,0.6666666666666666,0,0,0.0,0,0,0,0,0,,,0,0,,,600,0.16666666666666666,0,0.0,0,,,,0,0.0
missing_plane_recovery,correlation_id_only_ablation,11965,600,24,0.25,1500,600,0,0,0,0,0,0,0,600,3600,3600,3600,1200,600,0,0.0,0.0,0.0,0.0,0.0,0.8333333333333334,9000,6000,6000,3000,0.3333333333333333,0,0.0,1.0,0.6666666666666666,0,0,0.0,0,0,0,0,0,,,0,0,,,600,0.16666666666666666,0,0.0,0,,,,0,0.0
missing_plane_recovery,naive_temporal_window,11965,600,24,0.25,1500,600,0,0,0,0,0,0,0,600,3600,3600,3600,600,600,412,0.6866666666666666,0.6866666666666666,0.6866666666666666,0.6866666666666666,0.6866666666666666,0.9216666666666666,9000,9846,8154,846,0.094,1692,0.17184643510054845,0.8281535648994516,0.906,94,846,0.235,94,94,94,0,0,1.0,1.0,0,0,,,0,0.0,0,0.0,412,1275.0,1275.0,1275.0,0,0.0
collision_same_service_1pct,strict_service_plus_correlation,11965,600,24,0.25,1500,0,0,6,0,0,0,0,0,600,3600,3600,3600,660,588,588,0.98,0.98,1.0,0.98,0.98989898989899,0.9833333333333333,9000,8820,8820,180,0.02,0,0.0,1.0,0.98,6,72,0.02,0,6,6,0,0,1.0,1.0,0,0,,,72,0.02,0,0.0,588,1275.0,1275.0,1275.0,0,0.0
collision_same_service_1pct,correlation_id_only_ablation,11965,600,24,0.25,1500,0,0,6,0,0,0,0,0,600,3600,3600,3600,594,594,588,0.98,0.98,0.98989898989899,0.98,0.9849246231155778,1.0,9000,9216,9000,0,0.0,216,0.0234375,0.9765625,1.0,6,72,0.02,6,6,6,0,0,1.0,1.0,0,0,,,0,0.0,0,0.0,588,1275.0,1275.0,1275.0,0,0.0
collision_same_service_1pct,naive_temporal_window,11965,600,24,0.25,1500,0,0,6,0,0,0,0,0,600,3600,3600,3600,600,600,412,0.6866666666666666,0.6866666666666666,0.6866666666666666,0.6866666666666666,0.6866666666666666,0.9216666666666666,9000,9846,8154,846,0.094,1692,0.17184643510054845,0.8281535648994516,0.906,94,846,0.235,94,94,94,0,0,1.0,1.0,0,0,,,0,0.0,0,0.0,412,1275.0,1275.0,1275.0,0,0.0
collision_same_service_5pct,strict_service_plus_correlation,11965,600,24,0.25,1500,0,0,30,0,0,0,0,0,600,3600,3600,3600,900,540,540,0.9,0.9,1.0,0.9,0.9473684210526316,0.9166666666666666,9000,8100,8100,900,0.1,0,0.0,1.0,0.9,30,360,0.1,0,30,30,0,0,1.0,1.0,0,0,,,360,0.1,0,0.0,540,1275.0,1275.0,1275.0,0,0.0
collision_same_service_5pct,correlation_id_only_ablation,11965,600,24,0.25,1500,0,0,30,0,0,0,0,0,600,3600,3600,3600,570,570,540,0.9,0.9,0.9473684210526315,0.9,0.9230769230769231,1.0,9000,10080,9000,0,0.0,1080,0.10714285714285714,0.8928571428571429,1.0,30,360,0.1,30,30,30,0,0,1.0,1.0,0,0,,,0,0.0,0,0.0,540,1275.0,1275.0,1275.0,0,0.0
collision_same_service_5pct,naive_temporal_window,11965,600,24,0.25,1500,0,0,30,0,0,0,0,0,600,3600,3600,3600,600,600,412,0.6866666666666666,0.6866666666666666,0.6866666666666666,0.6866666666666666,0.6866666666666666,0.9216666666666666,9000,9846,8154,846,0.094,1692,0.17184643510054845,0.8281535648994516,0.906,94,846,0.235,94,94,94,0,0,1.0,1.0,0,0,,,0,0.0,0,0.0,412,1275.0,1275.0,1275.0,0,0.0
collision_same_service_10pct,strict_service_plus_correlation,11965,600,24,0.25,1500,0,0,60,0,0,0,0,0,600,3600,3600,3600,1200,480,480,0.8,0.8,1.0,0.8,0.888888888888889,0.8333333333333334,9000,7200,7200,1800,0.2,0,0.0,1.0,0.8,60,720,0.2,0,60,60,0,0,1.0,1.0,0,0,,,720,0.2,0,0.0,480,1275.0,1275.0,1275.0,0,0.0
collision_same_service_10pct,correlation_id_only_ablation,11965,600,24,0.25,1500,0,0,60,0,0,0,0,0,600,3600,3600,3600,540,540,480,0.8,0.8,0.8888888888888888,0.8,0.8421052631578948,1.0,9000,11160,9000,0,0.0,2160,0.1935483870967742,0.8064516129032258,1.0,60,720,0.2,60,60,60,0,0,1.0,1.0,0,0,,,0,0.0,0,0.0,480,1275.0,1275.0,1275.0,0,0.0
collision_same_service_10pct,naive_temporal_window,11965,600,24,0.25,1500,0,0,60,0,0,0,0,0,600,3600,3600,3600,600,600,412,0.6866666666666666,0.6866666666666666,0.6866666666666666,0.6866666666666666,0.6866666666666666,0.9216666666666666,9000,9846,8154,846,0.094,1692,0.17184643510054845,0.8281535648994516,0.906,94,846,0.235,94,94,94,0,0,1.0,1.0,0,0,,,0,0.0,0,0.0,412,1275.0,1275.0,1275.0,0,0.0
collision_cross_service_5pct,strict_service_plus_correlation,11965,600,24,0.25,1500,0,0,30,0,0,0,0,0,600,3600,3600,3600,600,600,600,1.0,1.0,1.0,1.0,1.0,1.0,9000,9000,9000,0,0.0,0,0.0,1.0,1.0,0,0,0.0,0,0,0,0,0,,,0,0,,,0,0.0,0,0.0,600,1275.0,1275.0,1275.0,0,0.0
collision_cross_service_5pct,correlation_id_only_ablation,11965,600,24,0.25,1500,0,0,30,0,0,0,0,0,600,3600,3600,3600,570,570,540,0.9,0.9,0.9473684210526315,0.9,0.9230769230769231,1.0,9000,10080,9000,0,0.0,1080,0.10714285714285714,0.8928571428571429,1.0,30,360,0.1,30,30,30,0,0,1.0,1.0,0,0,,,0,0.0,0,0.0,540,1275.0,1275.0,1275.0,0,0.0
collision_cross_service_5pct,naive_temporal_window,11965,600,24,0.25,1500,0,0,30,0,0,0,0,0,600,3600,3600,3600,600,600,412,0.6866666666666666,0.6866666666666666,0.6866666666666666,0.6866666666666666,0.6866666666666666,0.9216666666666666,9000,9846,8154,846,0.094,1692,0.17184643510054845,0.8281535648994516,0.906,94,846,0.235,94,94,94,0,0,1.0,1.0,0,0,,,0,0.0,0,0.0,412,1275.0,1275.0,1275.0,0,0.0
duplicate_exact_10pct,strict_service_plus_correlation,11965,600,24,0.25,1500,0,0,0,360,0,0,0,0,600,3600,3600,3960,600,600,600,1.0,1.0,1.0,1.0,1.0,1.0,9000,9000,9000,0,0.0,0,0.0,1.0,1.0,0,0,0.0,0,0,0,0,0,,,0,0,,,0,0.0,360,0.09090909090909091,600,1275.0,1275.0,1275.0,0,0.0
duplicate_exact_10pct,correlation_id_only_ablation,11965,600,24,0.25,1500,0,0,0,360,0,0,0,0,600,3600,3600,3960,600,600,600,1.0,1.0,1.0,1.0,1.0,1.0,9000,9000,9000,0,0.0,0,0.0,1.0,1.0,0,0,0.0,0,0,0,0,0,,,0,0,,,0,0.0,360,0.09090909090909091,600,1275.0,1275.0,1275.0,0,0.0
duplicate_exact_10pct,naive_temporal_window,11965,600,24,0.25,1500,0,0,0,360,0,0,0,0,600,3600,3600,3960,600,600,412,0.6866666666666666,0.6866666666666666,0.6866666666666666,0.6866666666666666,0.6866666666666666,0.9216666666666666,9000,9846,8154,846,0.094,1692,0.17184643510054845,0.8281535648994516,0.906,94,846,0.235,94,94,94,0,0,1.0,1.0,0,0,,,0,0.0,360,0.09090909090909091,412,1275.0,1275.0,1275.0,0,0.0
duplicate_source_conflict_5pct,strict_service_plus_correlation,11965,600,24,0.25,1500,0,0,0,0,180,0,0,0,600,3600,3600,3780,960,600,440,0.7333333333333333,0.7333333333333333,0.7333333333333333,0.7333333333333333,0.7333333333333333,0.95,9000,8120,8120,880,0.09777777777777778,0,0.0,1.0,0.9022222222222223,0,0,0.0,0,0,0,0,0,,,180,180,1.0,1.0,360,0.09523809523809523,0,0.0,440,1275.0,1275.0,1275.0,0,0.0
duplicate_source_conflict_5pct,correlation_id_only_ablation,11965,600,24,0.25,1500,0,0,0,0,180,0,0,0,600,3600,3600,3780,600,600,440,0.7333333333333333,0.7333333333333333,0.7333333333333333,0.7333333333333333,0.7333333333333333,1.0,9000,10100,9000,0,0.0,1100,0.10891089108910891,0.8910891089108911,1.0,0,0,0.0,0,160,0,160,0,0.0,,180,180,1.0,1.0,0,0.0,0,0.0,440,1275.0,1275.0,1275.0,0,0.0
duplicate_source_conflict_5pct,naive_temporal_window,11965,600,24,0.25,1500,0,0,0,0,180,0,0,0,600,3600,3600,3780,600,600,308,0.5133333333333333,0.5133333333333333,0.5133333333333333,0.5133333333333333,0.5133333333333333,0.9216666666666666,9000,11017,8154,846,0.094,2863,0.2598711082871925,0.7401288917128075,0.906,94,846,0.235,94,216,94,122,0,0.4351851851851852,1.0,180,180,1.0,1.0,0,0.0,0,0.0,308,1275.0,1275.0,1275.0,0,0.0
clock_skew_random_10pct_5s,strict_service_plus_correlation,11965,600,24,0.25,1500,0,0,0,0,0,360,0,0,600,3600,3600,3600,2035,313,313,0.5216666666666666,0.5216666666666666,1.0,0.5216666666666666,0.6856516976998904,0.6013888888888889,9000,4695,4695,4305,0.47833333333333333,0,0.0,1.0,0.5216666666666666,0,0,0.0,0,287,0,287,0,0.0,,0,0,,,1722,0.47833333333333333,0,0.0,313,1275.0,1275.0,1275.0,0,0.0
clock_skew_random_10pct_5s,correlation_id_only_ablation,11965,600,24,0.25,1500,0,0,0,0,0,360,0,0,600,3600,3600,3600,600,600,600,1.0,1.0,1.0,1.0,1.0,1.0,9000,9000,9000,0,0.0,0,0.0,1.0,1.0,0,0,0.0,0,287,0,287,0,0.0,,0,0,,,0,0.0,0,0.0,600,1275.0,1275.0,1275.0,0,0.0
clock_skew_random_10pct_5s,naive_temporal_window,11965,600,24,0.25,1500,0,0,0,0,0,360,0,0,600,3600,3600,3600,874,669,217,0.3616666666666667,0.3616666666666667,0.3243647234678625,0.3616666666666667,0.34200157604412923,0.8380555555555556,9000,8108,6663,2337,0.25966666666666666,1445,0.17821904292057228,0.8217809570794278,0.7403333333333333,140,870,0.24166666666666667,140,115,115,0,25,1.0,0.8214285714285714,0,0,,,0,0.0,0,0.0,217,1275.0,1275.0,1275.0,0,0.0
late_arrival_10pct_30s,strict_service_plus_correlation,11965,600,24,0.25,1500,0,0,0,0,0,0,360,0,600,3600,3600,3600,600,600,600,1.0,1.0,1.0,1.0,1.0,1.0,9000,9000,9000,0,0.0,0,0.0,1.0,1.0,0,0,0.0,0,0,0,0,0,,,0,0,,,0,0.0,0,0.0,600,1275.0,31275.0,31275.0,130995,0.02022089469297027
late_arrival_10pct_30s,correlation_id_only_ablation,11965,600,24,0.25,1500,0,0,0,0,0,0,360,0,600,3600,3600,3600,600,600,600,1.0,1.0,1.0,1.0,1.0,1.0,9000,9000,9000,0,0.0,0,0.0,1.0,1.0,0,0,0.0,0,0,0,0,0,,,0,0,,,0,0.0,0,0.0,600,1275.0,31275.0,31275.0,130995,0.02022089469297027
late_arrival_10pct_30s,naive_temporal_window,11965,600,24,0.25,1500,0,0,0,0,0,0,360,0,600,3600,3600,3600,600,600,412,0.6866666666666666,0.6866666666666666,0.6866666666666666,0.6866666666666666,0.6866666666666666,0.9216666666666666,9000,9846,8154,846,0.094,1692,0.17184643510054845,0.8281535648994516,0.906,94,846,0.235,94,94,94,0,0,1.0,1.0,0,0,,,0,0.0,0,0.0,412,1275.0,31275.0,31275.0,130995,0.02022089469297027
out_of_order_jitter_3s,strict_service_plus_correlation,11965,600,24,0.25,1500,0,0,0,0,0,0,0,3600,600,3600,3600,3600,600,600,600,1.0,1.0,1.0,1.0,1.0,1.0,9000,9000,9000,0,0.0,0,0.0,1.0,1.0,0,0,0.0,0,0,0,0,0,,,0,0,,,0,0.0,0,0.0,600,3432.5,4110.4,4273.0,94828,0.01463801673304313
out_of_order_jitter_3s,correlation_id_only_ablation,11965,600,24,0.25,1500,0,0,0,0,0,0,0,3600,600,3600,3600,3600,600,600,600,1.0,1.0,1.0,1.0,1.0,1.0,9000,9000,9000,0,0.0,0,0.0,1.0,1.0,0,0,0.0,0,0,0,0,0,,,0,0,,,0,0.0,0,0.0,600,3432.5,4110.4,4273.0,94828,0.01463801673304313
out_of_order_jitter_3s,naive_temporal_window,11965,600,24,0.25,1500,0,0,0,0,0,0,0,3600,600,3600,3600,3600,600,600,412,0.6866666666666666,0.6866666666666666,0.6866666666666666,0.6866666666666666,0.6866666666666666,0.9216666666666666,9000,9846,8154,846,0.094,1692,0.17184643510054845,0.8281535648994516,0.906,94,846,0.235,94,94,94,0,0,1.0,1.0,0,0,,,0,0.0,0,0.0,412,3432.5,4107.25,4273.0,94828,0.01463801673304313
compound_adversarial,strict_service_plus_correlation,11965,600,24,0.25,1500,360,0,30,0,0,0,360,3600,600,3600,3600,3600,1225,540,282,0.47,0.47,0.5222222222222223,0.47,0.49473684210526314,0.826388888888889,9000,6551,6551,2449,0.27211111111111114,0,0.0,1.0,0.7278888888888889,30,325,0.09027777777777778,0,30,30,0,0,1.0,1.0,0,0,,,685,0.19027777777777777,0,0.0,282,4127.0,33501.6,34046.0,210958,0.032564292550399804
compound_adversarial,correlation_id_only_ablation,11965,600,24,0.25,1500,360,0,30,0,0,0,360,3600,600,3600,3600,3600,930,570,282,0.47,0.47,0.49473684210526314,0.47,0.482051282051282,0.9,9000,8159,7281,1719,0.191,878,0.10761122686603751,0.8923887731339625,0.809,30,325,0.09027777777777778,30,30,30,0,0,1.0,1.0,0,0,,,360,0.1,0,0.0,282,4127.0,33501.6,34046.0,210958,0.032564292550399804
compound_adversarial,naive_temporal_window,11965,600,24,0.25,1500,360,0,30,0,0,0,360,3600,600,3600,3600,3600,600,600,412,0.6866666666666666,0.6866666666666666,0.6866666666666666,0.6866666666666666,0.6866666666666666,0.9216666666666666,9000,9846,8154,846,0.094,1692,0.17184643510054845,0.8281535648994516,0.906,94,846,0.235,94,94,94,0,0,1.0,1.0,0,0,,,0,0.0,0,0.0,412,3964.0,33495.35,34104.0,210958,0.032564292550399804
control,strict_service_plus_correlation,12066,600,24,0.25,1500,0,0,0,0,0,0,0,0,600,3600,3600,3600,600,600,600,1.0,1.0,1.0,1.0,1.0,1.0,9000,9000,9000,0,0.0,0,0.0,1.0,1.0,0,0,0.0,0,0,0,0,0,,,0,0,,,0,0.0,0,0.0,600,1275.0,1275.0,1275.0,0,0.0
control,correlation_id_only_ablation,12066,600,24,0.25,1500,0,0,0,0,0,0,0,0,600,3600,3600,3600,600,600,600,1.0,1.0,1.0,1.0,1.0,1.0,9000,9000,9000,0,0.0,0,0.0,1.0,1.0,0,0,0.0,0,0,0,0,0,,,0,0,,,0,0.0,0,0.0,600,1275.0,1275.0,1275.0,0,0.0
control,naive_temporal_window,12066,600,24,0.25,1500,0,0,0,0,0,0,0,0,600,3600,3600,3600,600,600,470,0.7833333333333333,0.7833333333333333,0.7833333333333333,0.7833333333333333,0.7833333333333333,0.9458333333333333,9000,9585,8415,585,0.065,1170,0.12206572769953052,0.8779342723004695,0.935,65,585,0.1625,65,65,65,0,0,1.0,1.0,0,0,,,0,0.0,0,0.0,470,1275.0,1275.0,1275.0,0,0.0
missing_random_1pct,strict_service_plus_correlation,12066,600,24,0.25,1500,36,0,0,0,0,0,0,0,600,3600,3600,3600,636,600,567,0.945,0.945,0.945,0.945,0.945,0.99,9000,8823,8823,177,0.019666666666666666,0,0.0,1.0,0.9803333333333333,0,0,0.0,0,0,0,0,0,,,0,0,,,36,0.01,0,0.0,567,1275.0,1275.0,1275.0,0,0.0
missing_random_1pct,correlation_id_only_ablation,12066,600,24,0.25,1500,36,0,0,0,0,0,0,0,600,3600,3600,3600,636,600,567,0.945,0.945,0.945,0.945,0.945,0.99,9000,8823,8823,177,0.019666666666666666,0,0.0,1.0,0.9803333333333333,0,0,0.0,0,0,0,0,0,,,0,0,,,36,0.01,0,0.0,567,1275.0,1275.0,1275.0,0,0.0
missing_random_1pct,naive_temporal_window,12066,600,24,0.25,1500,36,0,0,0,0,0,0,0,600,3600,3600,3600,600,600,470,0.7833333333333333,0.7833333333333333,0.7833333333333333,0.7833333333333333,0.7833333333333333,0.9458333333333333,9000,9585,8415,585,0.065,1170,0.12206572769953052,0.8779342723004695,0.935,65,585,0.1625,65,65,65,0,0,1.0,1.0,0,0,,,0,0.0,0,0.0,470,1275.0,1275.0,1275.0,0,0.0
missing_random_5pct,strict_service_plus_correlation,12066,600,24,0.25,1500,180,0,0,0,0,0,0,0,600,3600,3600,3600,780,600,443,0.7383333333333333,0.7383333333333333,0.7383333333333333,0.7383333333333333,0.7383333333333333,0.95,9000,8124,8124,876,0.09733333333333333,0,0.0,1.0,0.9026666666666666,0,0,0.0,0,0,0,0,0,,,0,0,,,180,0.05,0,0.0,443,1275.0,1275.0,1275.0,0,0.0
missing_random_5pct,correlation_id_only_ablation,12066,600,24,0.25,1500,180,0,0,0,0,0,0,0,600,3600,3600,3600,780,600,443,0.7383333333333333,0.7383333333333333,0.7383333333333333,0.7383333333333333,0.7383333333333333,0.95,9000,8124,8124,876,0.09733333333333333,0,0.0,1.0,0.9026666666666666,0,0,0.0,0,0,0,0,0,,,0,0,,,180,0.05,0,0.0,443,1275.0,1275.0,1275.0,0,0.0
missing_random_5pct,naive_temporal_window,12066,600,24,0.25,1500,180,0,0,0,0,0,0,0,600,3600,3600,3600,600,600,470,0.7833333333333333,0.7833333333333333,0.7833333333333333,0.7833333333333333,0.7833333333333333,0.9458333333333333,9000,9585,8415,585,0.065,1170,0.12206572769953052,0.8779342723004695,0.935,65,585,0.1625,65,65,65,0,0,1.0,1.0,0,0,,,0,0.0,0,0.0,470,1275.0,1275.0,1275.0,0,0.0
missing_random_10pct,strict_service_plus_correlation,12066,600,24,0.25,1500,360,0,0,0,0,0,0,0,600,3600,3600,3600,960,600,320,0.5333333333333333,0.5333333333333333,0.5333333333333333,0.5333333333333333,0.5333333333333333,0.9,9000,7291,7291,1709,0.18988888888888888,0,0.0,1.0,0.8101111111111111,0,0,0.0,0,0,0,0,0,,,0,0,,,360,0.1,0,0.0,320,1275.0,1275.0,1275.0,0,0.0
missing_random_10pct,correlation_id_only_ablation,12066,600,24,0.25,1500,360,0,0,0,0,0,0,0,600,3600,3600,3600,960,600,320,0.5333333333333333,0.5333333333333333,0.5333333333333333,0.5333333333333333,0.5333333333333333,0.9,9000,7291,7291,1709,0.18988888888888888,0,0.0,1.0,0.8101111111111111,0,0,0.0,0,0,0,0,0,,,0,0,,,360,0.1,0,0.0,320,1275.0,1275.0,1275.0,0,0.0
missing_random_10pct,naive_temporal_window,12066,600,24,0.25,1500,360,0,0,0,0,0,0,0,600,3600,3600,3600,600,600,470,0.7833333333333333,0.7833333333333333,0.7833333333333333,0.7833333333333333,0.7833333333333333,0.9458333333333333,9000,9585,8415,585,0.065,1170,0.12206572769953052,0.8779342723004695,0.935,65,585,0.1625,65,65,65,0,0,1.0,1.0,0,0,,,0,0.0,0,0.0,470,1275.0,1275.0,1275.0,0,0.0
missing_random_20pct,strict_service_plus_correlation,12066,600,24,0.25,1500,720,0,0,0,0,0,0,0,600,3600,3600,3600,1320,599,156,0.26,0.26,0.2604340567612688,0.26,0.26021684737281064,0.8,9000,5755,5755,3245,0.3605555555555556,0,0.0,1.0,0.6394444444444445,0,0,0.0,0,0,0,0,0,,,0,0,,,720,0.2,0,0.0,156,1275.0,1275.0,1275.0,0,0.0
missing_random_20pct,correlation_id_only_ablation,12066,600,24,0.25,1500,720,0,0,0,0,0,0,0,600,3600,3600,3600,1320,599,156,0.26,0.26,0.2604340567612688,0.26,0.26021684737281064,0.8,9000,5755,5755,3245,0.3605555555555556,0,0.0,1.0,0.6394444444444445,0,0,0.0,0,0,0,0,0,,,0,0,,,720,0.2,0,0.0,156,1275.0,1275.0,1275.0,0,0.0
missing_random_20pct,naive_temporal_window,12066,600,24,0.25,1500,720,0,0,0,0,0,0,0,600,3600,3600,3600,600,600,470,0.7833333333333333,0.7833333333333333,0.7833333333333333,0.7833333333333333,0.7833333333333333,0.9458333333333333,9000,9585,8415,585,0.065,1170,0.12206572769953052,0.8779342723004695,0.935,65,585,0.1625,65,65,65,0,0,1.0,1.0,0,0,,,0,0.0,0,0.0,470,1275.0,1275.0,1275.0,0,0.0
wrong_id_same_service_1pct,strict_service_plus_correlation,12066,600,24,0.25,1500,0,36,0,0,0,0,0,0,600,3600,3600,3600,814,564,530,0.8833333333333333,0.8833333333333333,0.9397163120567376,0.8833333333333333,0.9106529209621993,0.9405555555555556,9000,8290,8290,710,0.07888888888888888,0,0.0,1.0,0.9211111111111111,36,250,0.06944444444444445,0,36,36,0,0,1.0,1.0,0,0,,,250,0.06944444444444445,0,0.0,530,1275.0,1275.0,1275.0,0,0.0
wrong_id_same_service_1pct,correlation_id_only_ablation,12066,600,24,0.25,1500,0,36,0,0,0,0,0,0,600,3600,3600,3600,600,600,530,0.8833333333333333,0.8833333333333333,0.8833333333333333,0.8833333333333333,0.8833333333333333,0.99,9000,9034,8820,180,0.02,214,0.023688288687181758,0.9763117113128182,0.98,36,250,0.06944444444444445,36,36,36,0,0,1.0,1.0,0,0,,,0,0.0,0,0.0,530,1275.0,1275.0,1275.0,0,0.0
wrong_id_same_service_1pct,naive_temporal_window,12066,600,24,0.25,1500,0,36,0,0,0,0,0,0,600,3600,3600,3600,600,600,470,0.7833333333333333,0.7833333333333333,0.7833333333333333,0.7833333333333333,0.7833333333333333,0.9458333333333333,9000,9585,8415,585,0.065,1170,0.12206572769953052,0.8779342723004695,0.935,65,585,0.1625,65,65,65,0,0,1.0,1.0,0,0,,,0,0.0,0,0.0,470,1275.0,1275.0,1275.0,0,0.0
wrong_id_same_service_5pct,strict_service_plus_correlation,12066,600,24,0.25,1500,0,180,0,0,0,0,0,0,600,3600,3600,3600,1504,443,345,0.575,0.575,0.7787810383747178,0.575,0.6615532118887822,0.7488888888888889,9000,6074,6074,2926,0.32511111111111113,0,0.0,1.0,0.6748888888888889,157,1061,0.2947222222222222,0,157,157,0,0,1.0,1.0,0,0,,,1061,0.2947222222222222,0,0.0,345,1275.0,1275.0,1275.0,0,0.0
wrong_id_same_service_5pct,correlation_id_only_ablation,12066,600,24,0.25,1500,0,180,0,0,0,0,0,0,600,3600,3600,3600,600,600,345,0.575,0.575,0.575,0.575,0.575,0.95,9000,9170,8135,865,0.0961111111111111,1035,0.1128680479825518,0.8871319520174482,0.9038888888888889,157,1061,0.2947222222222222,157,157,157,0,0,1.0,1.0,0,0,,,0,0.0,0,0.0,345,1275.0,1275.0,1275.0,0,0.0
wrong_id_same_service_5pct,naive_temporal_window,12066,600,24,0.25,1500,0,180,0,0,0,0,0,0,600,3600,3600,3600,600,600,470,0.7833333333333333,0.7833333333333333,0.7833333333333333,0.7833333333333333,0.7833333333333333,0.9458333333333333,9000,9585,8415,585,0.065,1170,0.12206572769953052,0.8779342723004695,0.935,65,585,0.1625,65,65,65,0,0,1.0,1.0,0,0,,,0,0.0,0,0.0,470,1275.0,1275.0,1275.0,0,0.0
wrong_id_same_service_10pct,strict_service_plus_correlation,12066,600,24,0.25,1500,0,360,0,0,0,0,0,0,600,3600,3600,3600,2110,336,184,0.30666666666666664,0.30666666666666664,0.5476190476190477,0.30666666666666664,0.39316239316239315,0.5805555555555556,9000,4132,4132,4868,0.5408888888888889,0,0.0,1.0,0.45911111111111114,264,1774,0.49277777777777776,0,264,264,0,0,1.0,1.0,0,0,,,1774,0.49277777777777776,0,0.0,184,1275.0,1275.0,1275.0,0,0.0
wrong_id_same_service_10pct,correlation_id_only_ablation,12066,600,24,0.25,1500,0,360,0,0,0,0,0,0,600,3600,3600,3600,600,600,184,0.30666666666666664,0.30666666666666664,0.30666666666666664,0.30666666666666664,0.30666666666666664,0.9,9000,9320,7275,1725,0.19166666666666668,2045,0.2194206008583691,0.7805793991416309,0.8083333333333333,264,1774,0.49277777777777776,264,264,264,0,0,1.0,1.0,0,0,,,0,0.0,0,0.0,184,1275.0,1275.0,1275.0,0,0.0
wrong_id_same_service_10pct,naive_temporal_window,12066,600,24,0.25,1500,0,360,0,0,0,0,0,0,600,3600,3600,3600,600,600,470,0.7833333333333333,0.7833333333333333,0.7833333333333333,0.7833333333333333,0.7833333333333333,0.9458333333333333,9000,9585,8415,585,0.065,1170,0.12206572769953052,0.8779342723004695,0.935,65,585,0.1625,65,65,65,0,0,1.0,1.0,0,0,,,0,0.0,0,0.0,470,1275.0,1275.0,1275.0,0,0.0
wrong_id_same_service_20pct,strict_service_plus_correlation,12066,600,24,0.25,1500,0,720,0,0,0,0,0,0,600,3600,3600,3600,2927,173,50,0.08333333333333333,0.08333333333333333,0.28901734104046245,0.08333333333333333,0.129366106080207,0.3536111111111111,9000,1721,1721,7279,0.8087777777777778,0,0.0,1.0,0.1912222222222222,427,2754,0.765,0,427,427,0,0,1.0,1.0,0,0,,,2754,0.765,0,0.0,50,1275.0,1275.0,1275.0,0,0.0
wrong_id_same_service_20pct,correlation_id_only_ablation,12066,600,24,0.25,1500,0,720,0,0,0,0,0,0,600,3600,3600,3600,600,600,50,0.08333333333333333,0.08333333333333333,0.08333333333333333,0.08333333333333333,0.08333333333333333,0.8,9000,9592,5772,3228,0.3586666666666667,3820,0.39824854045037533,0.6017514595496247,0.6413333333333333,427,2754,0.765,427,427,427,0,0,1.0,1.0,0,0,,,0,0.0,0,0.0,50,1275.0,1275.0,1275.0,0,0.0
wrong_id_same_service_20pct,naive_temporal_window,12066,600,24,0.25,1500,0,720,0,0,0,0,0,0,600,3600,3600,3600,600,600,470,0.7833333333333333,0.7833333333333333,0.7833333333333333,0.7833333333333333,0.7833333333333333,0.9458333333333333,9000,9585,8415,585,0.065,1170,0.12206572769953052,0.8779342723004695,0.935,65,585,0.1625,65,65,65,0,0,1.0,1.0,0,0,,,0,0.0,0,0.0,470,1275.0,1275.0,1275.0,0,0.0
missing_plane_deployment,strict_service_plus_correlation,12066,600,24,0.25,1500,600,0,0,0,0,0,0,0,600,3600,3600,3600,1200,600,0,0.0,0.0,0.0,0.0,0.0,0.8333333333333334,9000,6000,6000,3000,0.3333333333333333,0,0.0,1.0,0.6666666666666666,0,0,0.0,0,0,0,0,0,,,0,0,,,600,0.16666666666666666,0,0.0,0,,,,0,0.0
missing_plane_deployment,correlation_id_only_ablation,12066,600,24,0.25,1500,600,0,0,0,0,0,0,0,600,3600,3600,3600,1200,600,0,0.0,0.0,0.0,0.0,0.0,0.8333333333333334,9000,6000,6000,3000,0.3333333333333333,0,0.0,1.0,0.6666666666666666,0,0,0.0,0,0,0,0,0,,,0,0,,,600,0.16666666666666666,0,0.0,0,,,,0,0.0
missing_plane_deployment,naive_temporal_window,12066,600,24,0.25,1500,600,0,0,0,0,0,0,0,600,3600,3600,3600,600,600,470,0.7833333333333333,0.7833333333333333,0.7833333333333333,0.7833333333333333,0.7833333333333333,0.9458333333333333,9000,9585,8415,585,0.065,1170,0.12206572769953052,0.8779342723004695,0.935,65,585,0.1625,65,65,65,0,0,1.0,1.0,0,0,,,0,0.0,0,0.0,470,1275.0,1275.0,1275.0,0,0.0
missing_plane_identity,strict_service_plus_correlation,12066,600,24,0.25,1500,600,0,0,0,0,0,0,0,600,3600,3600,3600,1200,600,0,0.0,0.0,0.0,0.0,0.0,0.8333333333333334,9000,6000,6000,3000,0.3333333333333333,0,0.0,1.0,0.6666666666666666,0,0,0.0,0,0,0,0,0,,,0,0,,,600,0.16666666666666666,0,0.0,0,,,,0,0.0
missing_plane_identity,correlation_id_only_ablation,12066,600,24,0.25,1500,600,0,0,0,0,0,0,0,600,3600,3600,3600,1200,600,0,0.0,0.0,0.0,0.0,0.0,0.8333333333333334,9000,6000,6000,3000,0.3333333333333333,0,0.0,1.0,0.6666666666666666,0,0,0.0,0,0,0,0,0,,,0,0,,,600,0.16666666666666666,0,0.0,0,,,,0,0.0
missing_plane_identity,naive_temporal_window,12066,600,24,0.25,1500,600,0,0,0,0,0,0,0,600,3600,3600,3600,600,600,470,0.7833333333333333,0.7833333333333333,0.7833333333333333,0.7833333333333333,0.7833333333333333,0.9458333333333333,9000,9585,8415,585,0.065,1170,0.12206572769953052,0.8779342723004695,0.935,65,585,0.1625,65,65,65,0,0,1.0,1.0,0,0,,,0,0.0,0,0.0,470,1275.0,1275.0,1275.0,0,0.0
missing_plane_policy,strict_service_plus_correlation,12066,600,24,0.25,1500,600,0,0,0,0,0,0,0,600,3600,3600,3600,1200,600,0,0.0,0.0,0.0,0.0,0.0,0.8333333333333334,9000,6000,6000,3000,0.3333333333333333,0,0.0,1.0,0.6666666666666666,0,0,0.0,0,0,0,0,0,,,0,0,,,600,0.16666666666666666,0,0.0,0,,,,0,0.0
missing_plane_policy,correlation_id_only_ablation,12066,600,24,0.25,1500,600,0,0,0,0,0,0,0,600,3600,3600,3600,1200,600,0,0.0,0.0,0.0,0.0,0.0,0.8333333333333334,9000,6000,6000,3000,0.3333333333333333,0,0.0,1.0,0.6666666666666666,0,0,0.0,0,0,0,0,0,,,0,0,,,600,0.16666666666666666,0,0.0,0,,,,0,0.0
missing_plane_policy,naive_temporal_window,12066,600,24,0.25,1500,600,0,0,0,0,0,0,0,600,3600,3600,3600,600,600,470,0.7833333333333333,0.7833333333333333,0.7833333333333333,0.7833333333333333,0.7833333333333333,0.9458333333333333,9000,9585,8415,585,0.065,1170,0.12206572769953052,0.8779342723004695,0.935,65,585,0.1625,65,65,65,0,0,1.0,1.0,0,0,,,0,0.0,0,0.0,470,1275.0,1275.0,1275.0,0,0.0
missing_plane_telemetry,strict_service_plus_correlation,12066,600,24,0.25,1500,600,0,0,0,0,0,0,0,600,3600,3600,3600,1200,600,0,0.0,0.0,0.0,0.0,0.0,0.8333333333333334,9000,6000,6000,3000,0.3333333333333333,0,0.0,1.0,0.6666666666666666,0,0,0.0,0,0,0,0,0,,,0,0,,,600,0.16666666666666666,0,0.0,0,,,,0,0.0
missing_plane_telemetry,correlation_id_only_ablation,12066,600,24,0.25,1500,600,0,0,0,0,0,0,0,600,3600,3600,3600,1200,600,0,0.0,0.0,0.0,0.0,0.0,0.8333333333333334,9000,6000,6000,3000,0.3333333333333333,0,0.0,1.0,0.6666666666666666,0,0,0.0,0,0,0,0,0,,,0,0,,,600,0.16666666666666666,0,0.0,0,,,,0,0.0
missing_plane_telemetry,naive_temporal_window,12066,600,24,0.25,1500,600,0,0,0,0,0,0,0,600,3600,3600,3600,600,600,470,0.7833333333333333,0.7833333333333333,0.7833333333333333,0.7833333333333333,0.7833333333333333,0.9458333333333333,9000,9585,8415,585,0.065,1170,0.12206572769953052,0.8779342723004695,0.935,65,585,0.1625,65,65,65,0,0,1.0,1.0,0,0,,,0,0.0,0,0.0,470,1275.0,1275.0,1275.0,0,0.0
missing_plane_incident,strict_service_plus_correlation,12066,600,24,0.25,1500,600,0,0,0,0,0,0,0,600,3600,3600,3600,1200,600,0,0.0,0.0,0.0,0.0,0.0,0.8333333333333334,9000,6000,6000,3000,0.3333333333333333,0,0.0,1.0,0.6666666666666666,0,0,0.0,0,0,0,0,0,,,0,0,,,600,0.16666666666666666,0,0.0,0,,,,0,0.0
missing_plane_incident,correlation_id_only_ablation,12066,600,24,0.25,1500,600,0,0,0,0,0,0,0,600,3600,3600,3600,1200,600,0,0.0,0.0,0.0,0.0,0.0,0.8333333333333334,9000,6000,6000,3000,0.3333333333333333,0,0.0,1.0,0.6666666666666666,0,0,0.0,0,0,0,0,0,,,0,0,,,600,0.16666666666666666,0,0.0,0,,,,0,0.0
missing_plane_incident,naive_temporal_window,12066,600,24,0.25,1500,600,0,0,0,0,0,0,0,600,3600,3600,3600,600,600,470,0.7833333333333333,0.7833333333333333,0.7833333333333333,0.7833333333333333,0.7833333333333333,0.9458333333333333,9000,9585,8415,585,0.065,1170,0.12206572769953052,0.8779342723004695,0.935,65,585,0.1625,65,65,65,0,0,1.0,1.0,0,0,,,0,0.0,0,0.0,470,1275.0,1275.0,1275.0,0,0.0
missing_plane_recovery,strict_service_plus_correlation,12066,600,24,0.25,1500,600,0,0,0,0,0,0,0,600,3600,3600,3600,1200,600,0,0.0,0.0,0.0,0.0,0.0,0.8333333333333334,9000,6000,6000,3000,0.3333333333333333,0,0.0,1.0,0.6666666666666666,0,0,0.0,0,0,0,0,0,,,0,0,,,600,0.16666666666666666,0,0.0,0,,,,0,0.0
missing_plane_recovery,correlation_id_only_ablation,12066,600,24,0.25,1500,600,0,0,0,0,0,0,0,600,3600,3600,3600,1200,600,0,0.0,0.0,0.0,0.0,0.0,0.8333333333333334,9000,6000,6000,3000,0.3333333333333333,0,0.0,1.0,0.6666666666666666,0,0,0.0,0,0,0,0,0,,,0,0,,,600,0.16666666666666666,0,0.0,0,,,,0,0.0
missing_plane_recovery,naive_temporal_window,12066,600,24,0.25,1500,600,0,0,0,0,0,0,0,600,3600,3600,3600,600,600,470,0.7833333333333333,0.7833333333333333,0.7833333333333333,0.7833333333333333,0.7833333333333333,0.9458333333333333,9000,9585,8415,585,0.065,1170,0.12206572769953052,0.8779342723004695,0.935,65,585,0.1625,65,65,65,0,0,1.0,1.0,0,0,,,0,0.0,0,0.0,470,1275.0,1275.0,1275.0,0,0.0
collision_same_service_1pct,strict_service_plus_correlation,12066,600,24,0.25,1500,0,0,6,0,0,0,0,0,600,3600,3600,3600,660,588,588,0.98,0.98,1.0,0.98,0.98989898989899,0.9833333333333333,9000,8820,8820,180,0.02,0,0.0,1.0,0.98,6,72,0.02,0,6,6,0,0,1.0,1.0,0,0,,,72,0.02,0,0.0,588,1275.0,1275.0,1275.0,0,0.0
collision_same_service_1pct,correlation_id_only_ablation,12066,600,24,0.25,1500,0,0,6,0,0,0,0,0,600,3600,3600,3600,594,594,588,0.98,0.98,0.98989898989899,0.98,0.9849246231155778,1.0,9000,9216,9000,0,0.0,216,0.0234375,0.9765625,1.0,6,72,0.02,6,6,6,0,0,1.0,1.0,0,0,,,0,0.0,0,0.0,588,1275.0,1275.0,1275.0,0,0.0
collision_same_service_1pct,naive_temporal_window,12066,600,24,0.25,1500,0,0,6,0,0,0,0,0,600,3600,3600,3600,600,600,470,0.7833333333333333,0.7833333333333333,0.7833333333333333,0.7833333333333333,0.7833333333333333,0.9458333333333333,9000,9585,8415,585,0.065,1170,0.12206572769953052,0.8779342723004695,0.935,65,585,0.1625,65,65,65,0,0,1.0,1.0,0,0,,,0,0.0,0,0.0,470,1275.0,1275.0,1275.0,0,0.0
collision_same_service_5pct,strict_service_plus_correlation,12066,600,24,0.25,1500,0,0,30,0,0,0,0,0,600,3600,3600,3600,900,540,540,0.9,0.9,1.0,0.9,0.9473684210526316,0.9166666666666666,9000,8100,8100,900,0.1,0,0.0,1.0,0.9,30,360,0.1,0,30,30,0,0,1.0,1.0,0,0,,,360,0.1,0,0.0,540,1275.0,1275.0,1275.0,0,0.0
collision_same_service_5pct,correlation_id_only_ablation,12066,600,24,0.25,1500,0,0,30,0,0,0,0,0,600,3600,3600,3600,570,570,540,0.9,0.9,0.9473684210526315,0.9,0.9230769230769231,1.0,9000,10080,9000,0,0.0,1080,0.10714285714285714,0.8928571428571429,1.0,30,360,0.1,30,30,30,0,0,1.0,1.0,0,0,,,0,0.0,0,0.0,540,1275.0,1275.0,1275.0,0,0.0
collision_same_service_5pct,naive_temporal_window,12066,600,24,0.25,1500,0,0,30,0,0,0,0,0,600,3600,3600,3600,600,600,470,0.7833333333333333,0.7833333333333333,0.7833333333333333,0.7833333333333333,0.7833333333333333,0.9458333333333333,9000,9585,8415,585,0.065,1170,0.12206572769953052,0.8779342723004695,0.935,65,585,0.1625,65,65,65,0,0,1.0,1.0,0,0,,,0,0.0,0,0.0,470,1275.0,1275.0,1275.0,0,0.0
collision_same_service_10pct,strict_service_plus_correlation,12066,600,24,0.25,1500,0,0,60,0,0,0,0,0,600,3600,3600,3600,1200,480,480,0.8,0.8,1.0,0.8,0.888888888888889,0.8333333333333334,9000,7200,7200,1800,0.2,0,0.0,1.0,0.8,60,720,0.2,0,60,60,0,0,1.0,1.0,0,0,,,720,0.2,0,0.0,480,1275.0,1275.0,1275.0,0,0.0
collision_same_service_10pct,correlation_id_only_ablation,12066,600,24,0.25,1500,0,0,60,0,0,0,0,0,600,3600,3600,3600,540,540,480,0.8,0.8,0.8888888888888888,0.8,0.8421052631578948,1.0,9000,11160,9000,0,0.0,2160,0.1935483870967742,0.8064516129032258,1.0,60,720,0.2,60,60,60,0,0,1.0,1.0,0,0,,,0,0.0,0,0.0,480,1275.0,1275.0,1275.0,0,0.0
collision_same_service_10pct,naive_temporal_window,12066,600,24,0.25,1500,0,0,60,0,0,0,0,0,600,3600,3600,3600,600,600,470,0.7833333333333333,0.7833333333333333,0.7833333333333333,0.7833333333333333,0.7833333333333333,0.9458333333333333,9000,9585,8415,585,0.065,1170,0.12206572769953052,0.8779342723004695,0.935,65,585,0.1625,65,65,65,0,0,1.0,1.0,0,0,,,0,0.0,0,0.0,470,1275.0,1275.0,1275.0,0,0.0
collision_cross_service_5pct,strict_service_plus_correlation,12066,600,24,0.25,1500,0,0,30,0,0,0,0,0,600,3600,3600,3600,600,600,600,1.0,1.0,1.0,1.0,1.0,1.0,9000,9000,9000,0,0.0,0,0.0,1.0,1.0,0,0,0.0,0,0,0,0,0,,,0,0,,,0,0.0,0,0.0,600,1275.0,1275.0,1275.0,0,0.0
collision_cross_service_5pct,correlation_id_only_ablation,12066,600,24,0.25,1500,0,0,30,0,0,0,0,0,600,3600,3600,3600,570,570,540,0.9,0.9,0.9473684210526315,0.9,0.9230769230769231,1.0,9000,10080,9000,0,0.0,1080,0.10714285714285714,0.8928571428571429,1.0,30,360,0.1,30,30,30,0,0,1.0,1.0,0,0,,,0,0.0,0,0.0,540,1275.0,1275.0,1275.0,0,0.0
collision_cross_service_5pct,naive_temporal_window,12066,600,24,0.25,1500,0,0,30,0,0,0,0,0,600,3600,3600,3600,600,600,470,0.7833333333333333,0.7833333333333333,0.7833333333333333,0.7833333333333333,0.7833333333333333,0.9458333333333333,9000,9585,8415,585,0.065,1170,0.12206572769953052,0.8779342723004695,0.935,65,585,0.1625,65,65,65,0,0,1.0,1.0,0,0,,,0,0.0,0,0.0,470,1275.0,1275.0,1275.0,0,0.0
duplicate_exact_10pct,strict_service_plus_correlation,12066,600,24,0.25,1500,0,0,0,360,0,0,0,0,600,3600,3600,3960,600,600,600,1.0,1.0,1.0,1.0,1.0,1.0,9000,9000,9000,0,0.0,0,0.0,1.0,1.0,0,0,0.0,0,0,0,0,0,,,0,0,,,0,0.0,360,0.09090909090909091,600,1275.0,1275.0,1275.0,0,0.0
duplicate_exact_10pct,correlation_id_only_ablation,12066,600,24,0.25,1500,0,0,0,360,0,0,0,0,600,3600,3600,3960,600,600,600,1.0,1.0,1.0,1.0,1.0,1.0,9000,9000,9000,0,0.0,0,0.0,1.0,1.0,0,0,0.0,0,0,0,0,0,,,0,0,,,0,0.0,360,0.09090909090909091,600,1275.0,1275.0,1275.0,0,0.0
duplicate_exact_10pct,naive_temporal_window,12066,600,24,0.25,1500,0,0,0,360,0,0,0,0,600,3600,3600,3960,600,600,470,0.7833333333333333,0.7833333333333333,0.7833333333333333,0.7833333333333333,0.7833333333333333,0.9458333333333333,9000,9585,8415,585,0.065,1170,0.12206572769953052,0.8779342723004695,0.935,65,585,0.1625,65,65,65,0,0,1.0,1.0,0,0,,,0,0.0,360,0.09090909090909091,470,1275.0,1275.0,1275.0,0,0.0
duplicate_source_conflict_5pct,strict_service_plus_correlation,12066,600,24,0.25,1500,0,0,0,0,180,0,0,0,600,3600,3600,3780,960,600,440,0.7333333333333333,0.7333333333333333,0.7333333333333333,0.7333333333333333,0.7333333333333333,0.95,9000,8121,8121,879,0.09766666666666667,0,0.0,1.0,0.9023333333333333,0,0,0.0,0,0,0,0,0,,,180,180,1.0,1.0,360,0.09523809523809523,0,0.0,440,1275.0,1275.0,1275.0,0,0.0
duplicate_source_conflict_5pct,correlation_id_only_ablation,12066,600,24,0.25,1500,0,0,0,0,180,0,0,0,600,3600,3600,3780,600,600,440,0.7333333333333333,0.7333333333333333,0.7333333333333333,0.7333333333333333,0.7333333333333333,1.0,9000,10101,9000,0,0.0,1101,0.108999108999109,0.891000891000891,1.0,0,0,0.0,0,160,0,160,0,0.0,,180,180,1.0,1.0,0,0.0,0,0.0,440,1275.0,1275.0,1275.0,0,0.0
duplicate_source_conflict_5pct,naive_temporal_window,12066,600,24,0.25,1500,0,0,0,0,180,0,0,0,600,3600,3600,3780,600,600,351,0.585,0.585,0.585,0.585,0.585,0.9458333333333333,9000,10774,8415,585,0.065,2359,0.2189530350844626,0.7810469649155374,0.935,65,585,0.1625,65,193,65,128,0,0.33678756476683935,1.0,180,180,1.0,1.0,0,0.0,0,0.0,351,1275.0,1275.0,1275.0,0,0.0
clock_skew_random_10pct_5s,strict_service_plus_correlation,12066,600,24,0.25,1500,0,0,0,0,0,360,0,0,600,3600,3600,3600,2035,313,313,0.5216666666666666,0.5216666666666666,1.0,0.5216666666666666,0.6856516976998904,0.6013888888888889,9000,4695,4695,4305,0.47833333333333333,0,0.0,1.0,0.5216666666666666,0,0,0.0,0,287,0,287,0,0.0,,0,0,,,1722,0.47833333333333333,0,0.0,313,1275.0,1275.0,1275.0,0,0.0
clock_skew_random_10pct_5s,correlation_id_only_ablation,12066,600,24,0.25,1500,0,0,0,0,0,360,0,0,600,3600,3600,3600,600,600,600,1.0,1.0,1.0,1.0,1.0,1.0,9000,9000,9000,0,0.0,0,0.0,1.0,1.0,0,0,0.0,0,287,0,287,0,0.0,,0,0,,,0,0.0,0,0.0,600,1275.0,1275.0,1275.0,0,0.0
clock_skew_random_10pct_5s,naive_temporal_window,12066,600,24,0.25,1500,0,0,0,0,0,360,0,0,600,3600,3600,3600,876,662,249,0.415,0.415,0.37613293051359514,0.415,0.39461172741679873,0.8569444444444445,9000,7859,6864,2136,0.23733333333333334,995,0.12660643847817787,0.8733935615218221,0.7626666666666667,105,614,0.17055555555555554,105,80,80,0,25,1.0,0.7619047619047619,0,0,,,0,0.0,0,0.0,249,1275.0,1275.0,1275.0,0,0.0
late_arrival_10pct_30s,strict_service_plus_correlation,12066,600,24,0.25,1500,0,0,0,0,0,0,360,0,600,3600,3600,3600,600,600,600,1.0,1.0,1.0,1.0,1.0,1.0,9000,9000,9000,0,0.0,0,0.0,1.0,1.0,0,0,0.0,0,0,0,0,0,,,0,0,,,0,0.0,0,0.0,600,1275.0,31275.0,31275.0,132673,0.020479917260967553
late_arrival_10pct_30s,correlation_id_only_ablation,12066,600,24,0.25,1500,0,0,0,0,0,0,360,0,600,3600,3600,3600,600,600,600,1.0,1.0,1.0,1.0,1.0,1.0,9000,9000,9000,0,0.0,0,0.0,1.0,1.0,0,0,0.0,0,0,0,0,0,,,0,0,,,0,0.0,0,0.0,600,1275.0,31275.0,31275.0,132673,0.020479917260967553
late_arrival_10pct_30s,naive_temporal_window,12066,600,24,0.25,1500,0,0,0,0,0,0,360,0,600,3600,3600,3600,600,600,470,0.7833333333333333,0.7833333333333333,0.7833333333333333,0.7833333333333333,0.7833333333333333,0.9458333333333333,9000,9585,8415,585,0.065,1170,0.12206572769953052,0.8779342723004695,0.935,65,585,0.1625,65,65,65,0,0,1.0,1.0,0,0,,,0,0.0,0,0.0,470,1275.0,31275.0,31275.0,132673,0.020479917260967553
out_of_order_jitter_3s,strict_service_plus_correlation,12066,600,24,0.25,1500,0,0,0,0,0,0,0,3600,600,3600,3600,3600,600,600,600,1.0,1.0,1.0,1.0,1.0,1.0,9000,9000,9000,0,0.0,0,0.0,1.0,1.0,0,0,0.0,0,0,0,0,0,,,0,0,,,0,0.0,0,0.0,600,3446.0,4160.2,4275.0,93048,0.01436324905066222
out_of_order_jitter_3s,correlation_id_only_ablation,12066,600,24,0.25,1500,0,0,0,0,0,0,0,3600,600,3600,3600,3600,600,600,600,1.0,1.0,1.0,1.0,1.0,1.0,9000,9000,9000,0,0.0,0,0.0,1.0,1.0,0,0,0.0,0,0,0,0,0,,,0,0,,,0,0.0,0,0.0,600,3446.0,4160.2,4275.0,93048,0.01436324905066222
out_of_order_jitter_3s,naive_temporal_window,12066,600,24,0.25,1500,0,0,0,0,0,0,0,3600,600,3600,3600,3600,600,600,470,0.7833333333333333,0.7833333333333333,0.7833333333333333,0.7833333333333333,0.7833333333333333,0.9458333333333333,9000,9585,8415,585,0.065,1170,0.12206572769953052,0.8779342723004695,0.935,65,585,0.1625,65,65,65,0,0,1.0,1.0,0,0,,,0,0.0,0,0.0,470,3442.0,4162.2,4275.0,93048,0.01436324905066222
compound_adversarial,strict_service_plus_correlation,12066,600,24,0.25,1500,360,0,30,0,0,0,360,3600,600,3600,3600,3600,1224,540,291,0.485,0.485,0.5388888888888889,0.485,0.5105263157894737,0.8266666666666667,9000,6566,6566,2434,0.27044444444444443,0,0.0,1.0,0.7295555555555555,30,324,0.09,0,30,30,0,0,1.0,1.0,0,0,,,684,0.19,0,0.0,291,4110.0,33409.5,34245.0,206753,0.03191519249174153
compound_adversarial,correlation_id_only_ablation,12066,600,24,0.25,1500,360,0,30,0,0,0,360,3600,600,3600,3600,3600,930,570,291,0.485,0.485,0.5105263157894737,0.485,0.49743589743589745,0.9,9000,8175,7302,1698,0.18866666666666668,873,0.10678899082568807,0.893211009174312,0.8113333333333334,30,324,0.09,30,30,30,0,0,1.0,1.0,0,0,,,360,0.1,0,0.0,291,4110.0,33409.5,34245.0,206753,0.03191519249174153
compound_adversarial,naive_temporal_window,12066,600,24,0.25,1500,360,0,30,0,0,0,360,3600,600,3600,3600,3600,600,600,470,0.7833333333333333,0.7833333333333333,0.7833333333333333,0.7833333333333333,0.7833333333333333,0.9458333333333333,9000,9585,8415,585,0.065,1170,0.12206572769953052,0.8779342723004695,0.935,65,585,0.1625,65,65,65,0,0,1.0,1.0,0,0,,,0,0.0,0,0.0,470,4129.5,33454.6,34245.0,206753,0.03191519249174153
control,strict_service_plus_correlation,12167,600,24,0.25,1500,0,0,0,0,0,0,0,0,600,3600,3600,3600,600,600,600,1.0,1.0,1.0,1.0,1.0,1.0,9000,9000,9000,0,0.0,0,0.0,1.0,1.0,0,0,0.0,0,0,0,0,0,,,0,0,,,0,0.0,0,0.0,600,1275.0,1275.0,1275.0,0,0.0
control,correlation_id_only_ablation,12167,600,24,0.25,1500,0,0,0,0,0,0,0,0,600,3600,3600,3600,600,600,600,1.0,1.0,1.0,1.0,1.0,1.0,9000,9000,9000,0,0.0,0,0.0,1.0,1.0,0,0,0.0,0,0,0,0,0,,,0,0,,,0,0.0,0,0.0,600,1275.0,1275.0,1275.0,0,0.0
control,naive_temporal_window,12167,600,24,0.25,1500,0,0,0,0,0,0,0,0,600,3600,3600,3600,600,600,460,0.7666666666666667,0.7666666666666667,0.7666666666666667,0.7666666666666667,0.7666666666666667,0.9416666666666667,9000,9630,8370,630,0.07,1260,0.1308411214953271,0.8691588785046729,0.93,70,630,0.175,70,70,70,0,0,1.0,1.0,0,0,,,0,0.0,0,0.0,460,1275.0,1275.0,1275.0,0,0.0
missing_random_1pct,strict_service_plus_correlation,12167,600,24,0.25,1500,36,0,0,0,0,0,0,0,600,3600,3600,3600,636,600,566,0.9433333333333334,0.9433333333333334,0.9433333333333334,0.9433333333333334,0.9433333333333332,0.99,9000,8822,8822,178,0.019777777777777776,0,0.0,1.0,0.9802222222222222,0,0,0.0,0,0,0,0,0,,,0,0,,,36,0.01,0,0.0,566,1275.0,1275.0,1275.0,0,0.0
missing_random_1pct,correlation_id_only_ablation,12167,600,24,0.25,1500,36,0,0,0,0,0,0,0,600,3600,3600,3600,636,600,566,0.9433333333333334,0.9433333333333334,0.9433333333333334,0.9433333333333334,0.9433333333333332,0.99,9000,8822,8822,178,0.019777777777777776,0,0.0,1.0,0.9802222222222222,0,0,0.0,0,0,0,0,0,,,0,0,,,36,0.01,0,0.0,566,1275.0,1275.0,1275.0,0,0.0
missing_random_1pct,naive_temporal_window,12167,600,24,0.25,1500,36,0,0,0,0,0,0,0,600,3600,3600,3600,600,600,460,0.7666666666666667,0.7666666666666667,0.7666666666666667,0.7666666666666667,0.7666666666666667,0.9416666666666667,9000,9630,8370,630,0.07,1260,0.1308411214953271,0.8691588785046729,0.93,70,630,0.175,70,70,70,0,0,1.0,1.0,0,0,,,0,0.0,0,0.0,460,1275.0,1275.0,1275.0,0,0.0
missing_random_5pct,strict_service_plus_correlation,12167,600,24,0.25,1500,180,0,0,0,0,0,0,0,600,3600,3600,3600,780,600,436,0.7266666666666667,0.7266666666666667,0.7266666666666667,0.7266666666666667,0.7266666666666666,0.95,9000,8117,8117,883,0.09811111111111111,0,0.0,1.0,0.9018888888888889,0,0,0.0,0,0,0,0,0,,,0,0,,,180,0.05,0,0.0,436,1275.0,1275.0,1275.0,0,0.0
missing_random_5pct,correlation_id_only_ablation,12167,600,24,0.25,1500,180,0,0,0,0,0,0,0,600,3600,3600,3600,780,600,436,0.7266666666666667,0.7266666666666667,0.7266666666666667,0.7266666666666667,0.7266666666666666,0.95,9000,8117,8117,883,0.09811111111111111,0,0.0,1.0,0.9018888888888889,0,0,0.0,0,0,0,0,0,,,0,0,,,180,0.05,0,0.0,436,1275.0,1275.0,1275.0,0,0.0
missing_random_5pct,naive_temporal_window,12167,600,24,0.25,1500,180,0,0,0,0,0,0,0,600,3600,3600,3600,600,600,460,0.7666666666666667,0.7666666666666667,0.7666666666666667,0.7666666666666667,0.7666666666666667,0.9416666666666667,9000,9630,8370,630,0.07,1260,0.1308411214953271,0.8691588785046729,0.93,70,630,0.175,70,70,70,0,0,1.0,1.0,0,0,,,0,0.0,0,0.0,460,1275.0,1275.0,1275.0,0,0.0
missing_random_10pct,strict_service_plus_correlation,12167,600,24,0.25,1500,360,0,0,0,0,0,0,0,600,3600,3600,3600,960,600,320,0.5333333333333333,0.5333333333333333,0.5333333333333333,0.5333333333333333,0.5333333333333333,0.9,9000,7289,7289,1711,0.19011111111111112,0,0.0,1.0,0.8098888888888889,0,0,0.0,0,0,0,0,0,,,0,0,,,360,0.1,0,0.0,320,1275.0,1275.0,1275.0,0,0.0
missing_random_10pct,correlation_id_only_ablation,12167,600,24,0.25,1500,360,0,0,0,0,0,0,0,600,3600,3600,3600,960,600,320,0.5333333333333333,0.5333333333333333,0.5333333333333333,0.5333333333333333,0.5333333333333333,0.9,9000,7289,7289,1711,0.19011111111111112,0,0.0,1.0,0.8098888888888889,0,0,0.0,0,0,0,0,0,,,0,0,,,360,0.1,0,0.0,320,1275.0,1275.0,1275.0,0,0.0
missing_random_10pct,naive_temporal_window,12167,600,24,0.25,1500,360,0,0,0,0,0,0,0,600,3600,3600,3600,600,600,460,0.7666666666666667,0.7666666666666667,0.7666666666666667,0.7666666666666667,0.7666666666666667,0.9416666666666667,9000,9630,8370,630,0.07,1260,0.1308411214953271,0.8691588785046729,0.93,70,630,0.175,70,70,70,0,0,1.0,1.0,0,0,,,0,0.0,0,0.0,460,1275.0,1275.0,1275.0,0,0.0
missing_random_20pct,strict_service_plus_correlation,12167,600,24,0.25,1500,720,0,0,0,0,0,0,0,600,3600,3600,3600,1320,599,165,0.275,0.275,0.27545909849749584,0.275,0.27522935779816515,0.8,9000,5762,5762,3238,0.35977777777777775,0,0.0,1.0,0.6402222222222222,0,0,0.0,0,0,0,0,0,,,0,0,,,720,0.2,0,0.0,165,1275.0,1275.0,1275.0,0,0.0
missing_random_20pct,correlation_id_only_ablation,12167,600,24,0.25,1500,720,0,0,0,0,0,0,0,600,3600,3600,3600,1320,599,165,0.275,0.275,0.27545909849749584,0.275,0.27522935779816515,0.8,9000,5762,5762,3238,0.35977777777777775,0,0.0,1.0,0.6402222222222222,0,0,0.0,0,0,0,0,0,,,0,0,,,720,0.2,0,0.0,165,1275.0,1275.0,1275.0,0,0.0
missing_random_20pct,naive_temporal_window,12167,600,24,0.25,1500,720,0,0,0,0,0,0,0,600,3600,3600,3600,600,600,460,0.7666666666666667,0.7666666666666667,0.7666666666666667,0.7666666666666667,0.7666666666666667,0.9416666666666667,9000,9630,8370,630,0.07,1260,0.1308411214953271,0.8691588785046729,0.93,70,630,0.175,70,70,70,0,0,1.0,1.0,0,0,,,0,0.0,0,0.0,460,1275.0,1275.0,1275.0,0,0.0
wrong_id_same_service_1pct,strict_service_plus_correlation,12167,600,24,0.25,1500,0,36,0,0,0,0,0,0,600,3600,3600,3600,808,565,532,0.8866666666666667,0.8866666666666667,0.9415929203539823,0.8866666666666667,0.9133047210300429,0.9422222222222222,9000,8310,8310,690,0.07666666666666666,0,0.0,1.0,0.9233333333333333,35,243,0.0675,0,35,35,0,0,1.0,1.0,0,0,,,243,0.0675,0,0.0,532,1275.0,1275.0,1275.0,0,0.0
wrong_id_same_service_1pct,correlation_id_only_ablation,12167,600,24,0.25,1500,0,36,0,0,0,0,0,0,600,3600,3600,3600,600,600,532,0.8866666666666667,0.8866666666666667,0.8866666666666667,0.8866666666666667,0.8866666666666667,0.99,9000,9033,8820,180,0.02,213,0.023580205911657257,0.9764197940883428,0.98,35,243,0.0675,35,35,35,0,0,1.0,1.0,0,0,,,0,0.0,0,0.0,532,1275.0,1275.0,1275.0,0,0.0
wrong_id_same_service_1pct,naive_temporal_window,12167,600,24,0.25,1500,0,36,0,0,0,0,0,0,600,3600,3600,3600,600,600,460,0.7666666666666667,0.7666666666666667,0.7666666666666667,0.7666666666666667,0.7666666666666667,0.9416666666666667,9000,9630,8370,630,0.07,1260,0.1308411214953271,0.8691588785046729,0.93,70,630,0.175,70,70,70,0,0,1.0,1.0,0,0,,,0,0.0,0,0.0,460,1275.0,1275.0,1275.0,0,0.0
wrong_id_same_service_5pct,strict_service_plus_correlation,12167,600,24,0.25,1500,0,180,0,0,0,0,0,0,600,3600,3600,3600,1503,445,330,0.55,0.55,0.7415730337078652,0.55,0.6315789473684211,0.7491666666666666,9000,6049,6049,2951,0.3278888888888889,0,0.0,1.0,0.6721111111111111,155,1058,0.29388888888888887,0,155,155,0,0,1.0,1.0,0,0,,,1058,0.29388888888888887,0,0.0,330,1275.0,1275.0,1275.0,0,0.0
wrong_id_same_service_5pct,correlation_id_only_ablation,12167,600,24,0.25,1500,0,180,0,0,0,0,0,0,600,3600,3600,3600,600,600,330,0.55,0.55,0.55,0.55,0.55,0.95,9000,9166,8126,874,0.0971111111111111,1040,0.11346279729434867,0.8865372027056513,0.9028888888888889,155,1058,0.29388888888888887,155,155,155,0,0,1.0,1.0,0,0,,,0,0.0,0,0.0,330,1275.0,1275.0,1275.0,0,0.0
wrong_id_same_service_5pct,naive_temporal_window,12167,600,24,0.25,1500,0,180,0,0,0,0,0,0,600,3600,3600,3600,600,600,460,0.7666666666666667,0.7666666666666667,0.7666666666666667,0.7666666666666667,0.7666666666666667,0.9416666666666667,9000,9630,8370,630,0.07,1260,0.1308411214953271,0.8691588785046729,0.93,70,630,0.175,70,70,70,0,0,1.0,1.0,0,0,,,0,0.0,0,0.0,460,1275.0,1275.0,1275.0,0,0.0
wrong_id_same_service_10pct,strict_service_plus_correlation,12167,600,24,0.25,1500,0,360,0,0,0,0,0,0,600,3600,3600,3600,2121,337,176,0.29333333333333333,0.29333333333333333,0.5222551928783383,0.29333333333333333,0.3756670224119531,0.5775,9000,4076,4076,4924,0.5471111111111111,0,0.0,1.0,0.4528888888888889,263,1784,0.4955555555555556,0,263,263,0,0,1.0,1.0,0,0,,,1784,0.4955555555555556,0,0.0,176,1275.0,1275.0,1275.0,0,0.0
wrong_id_same_service_10pct,correlation_id_only_ablation,12167,600,24,0.25,1500,0,360,0,0,0,0,0,0,600,3600,3600,3600,600,600,176,0.29333333333333333,0.29333333333333333,0.29333333333333333,0.29333333333333333,0.29333333333333333,0.9,9000,9350,7296,1704,0.18933333333333333,2054,0.21967914438502673,0.7803208556149732,0.8106666666666666,263,1784,0.4955555555555556,263,263,263,0,0,1.0,1.0,0,0,,,0,0.0,0,0.0,176,1275.0,1275.0,1275.0,0,0.0
wrong_id_same_service_10pct,naive_temporal_window,12167,600,24,0.25,1500,0,360,0,0,0,0,0,0,600,3600,3600,3600,600,600,460,0.7666666666666667,0.7666666666666667,0.7666666666666667,0.7666666666666667,0.7666666666666667,0.9416666666666667,9000,9630,8370,630,0.07,1260,0.1308411214953271,0.8691588785046729,0.93,70,630,0.175,70,70,70,0,0,1.0,1.0,0,0,,,0,0.0,0,0.0,460,1275.0,1275.0,1275.0,0,0.0
wrong_id_same_service_20pct,strict_service_plus_correlation,12167,600,24,0.25,1500,0,720,0,0,0,0,0,0,600,3600,3600,3600,2968,168,37,0.06166666666666667,0.06166666666666667,0.22023809523809523,0.06166666666666667,0.09635416666666667,0.3422222222222222,9000,1578,1578,7422,0.8246666666666667,0,0.0,1.0,0.17533333333333334,432,2800,0.7777777777777778,0,432,432,0,0,1.0,1.0,0,0,,,2800,0.7777777777777778,0,0.0,37,1275.0,1275.0,1275.0,0,0.0
wrong_id_same_service_20pct,correlation_id_only_ablation,12167,600,24,0.25,1500,0,720,0,0,0,0,0,0,600,3600,3600,3600,600,600,37,0.06166666666666667,0.06166666666666667,0.06166666666666667,0.06166666666666667,0.061666666666666675,0.8002777777777778,9000,9650,5770,3230,0.35888888888888887,3880,0.40207253886010363,0.5979274611398964,0.6411111111111111,432,2800,0.7777777777777778,432,432,432,0,0,1.0,1.0,0,0,,,0,0.0,0,0.0,37,1275.0,1275.0,1275.0,0,0.0
wrong_id_same_service_20pct,naive_temporal_window,12167,600,24,0.25,1500,0,720,0,0,0,0,0,0,600,3600,3600,3600,600,600,460,0.7666666666666667,0.7666666666666667,0.7666666666666667,0.7666666666666667,0.7666666666666667,0.9416666666666667,9000,9630,8370,630,0.07,1260,0.1308411214953271,0.8691588785046729,0.93,70,630,0.175,70,70,70,0,0,1.0,1.0,0,0,,,0,0.0,0,0.0,460,1275.0,1275.0,1275.0,0,0.0
missing_plane_deployment,strict_service_plus_correlation,12167,600,24,0.25,1500,600,0,0,0,0,0,0,0,600,3600,3600,3600,1200,600,0,0.0,0.0,0.0,0.0,0.0,0.8333333333333334,9000,6000,6000,3000,0.3333333333333333,0,0.0,1.0,0.6666666666666666,0,0,0.0,0,0,0,0,0,,,0,0,,,600,0.16666666666666666,0,0.0,0,,,,0,0.0
missing_plane_deployment,correlation_id_only_ablation,12167,600,24,0.25,1500,600,0,0,0,0,0,0,0,600,3600,3600,3600,1200,600,0,0.0,0.0,0.0,0.0,0.0,0.8333333333333334,9000,6000,6000,3000,0.3333333333333333,0,0.0,1.0,0.6666666666666666,0,0,0.0,0,0,0,0,0,,,0,0,,,600,0.16666666666666666,0,0.0,0,,,,0,0.0
missing_plane_deployment,naive_temporal_window,12167,600,24,0.25,1500,600,0,0,0,0,0,0,0,600,3600,3600,3600,600,600,460,0.7666666666666667,0.7666666666666667,0.7666666666666667,0.7666666666666667,0.7666666666666667,0.9416666666666667,9000,9630,8370,630,0.07,1260,0.1308411214953271,0.8691588785046729,0.93,70,630,0.175,70,70,70,0,0,1.0,1.0,0,0,,,0,0.0,0,0.0,460,1275.0,1275.0,1275.0,0,0.0
missing_plane_identity,strict_service_plus_correlation,12167,600,24,0.25,1500,600,0,0,0,0,0,0,0,600,3600,3600,3600,1200,600,0,0.0,0.0,0.0,0.0,0.0,0.8333333333333334,9000,6000,6000,3000,0.3333333333333333,0,0.0,1.0,0.6666666666666666,0,0,0.0,0,0,0,0,0,,,0,0,,,600,0.16666666666666666,0,0.0,0,,,,0,0.0
missing_plane_identity,correlation_id_only_ablation,12167,600,24,0.25,1500,600,0,0,0,0,0,0,0,600,3600,3600,3600,1200,600,0,0.0,0.0,0.0,0.0,0.0,0.8333333333333334,9000,6000,6000,3000,0.3333333333333333,0,0.0,1.0,0.6666666666666666,0,0,0.0,0,0,0,0,0,,,0,0,,,600,0.16666666666666666,0,0.0,0,,,,0,0.0
missing_plane_identity,naive_temporal_window,12167,600,24,0.25,1500,600,0,0,0,0,0,0,0,600,3600,3600,3600,600,600,460,0.7666666666666667,0.7666666666666667,0.7666666666666667,0.7666666666666667,0.7666666666666667,0.9416666666666667,9000,9630,8370,630,0.07,1260,0.1308411214953271,0.8691588785046729,0.93,70,630,0.175,70,70,70,0,0,1.0,1.0,0,0,,,0,0.0,0,0.0,460,1275.0,1275.0,1275.0,0,0.0
missing_plane_policy,strict_service_plus_correlation,12167,600,24,0.25,1500,600,0,0,0,0,0,0,0,600,3600,3600,3600,1200,600,0,0.0,0.0,0.0,0.0,0.0,0.8333333333333334,9000,6000,6000,3000,0.3333333333333333,0,0.0,1.0,0.6666666666666666,0,0,0.0,0,0,0,0,0,,,0,0,,,600,0.16666666666666666,0,0.0,0,,,,0,0.0
missing_plane_policy,correlation_id_only_ablation,12167,600,24,0.25,1500,600,0,0,0,0,0,0,0,600,3600,3600,3600,1200,600,0,0.0,0.0,0.0,0.0,0.0,0.8333333333333334,9000,6000,6000,3000,0.3333333333333333,0,0.0,1.0,0.6666666666666666,0,0,0.0,0,0,0,0,0,,,0,0,,,600,0.16666666666666666,0,0.0,0,,,,0,0.0
missing_plane_policy,naive_temporal_window,12167,600,24,0.25,1500,600,0,0,0,0,0,0,0,600,3600,3600,3600,600,600,460,0.7666666666666667,0.7666666666666667,0.7666666666666667,0.7666666666666667,0.7666666666666667,0.9416666666666667,9000,9630,8370,630,0.07,1260,0.1308411214953271,0.8691588785046729,0.93,70,630,0.175,70,70,70,0,0,1.0,1.0,0,0,,,0,0.0,0,0.0,460,1275.0,1275.0,1275.0,0,0.0
missing_plane_telemetry,strict_service_plus_correlation,12167,600,24,0.25,1500,600,0,0,0,0,0,0,0,600,3600,3600,3600,1200,600,0,0.0,0.0,0.0,0.0,0.0,0.8333333333333334,9000,6000,6000,3000,0.3333333333333333,0,0.0,1.0,0.6666666666666666,0,0,0.0,0,0,0,0,0,,,0,0,,,600,0.16666666666666666,0,0.0,0,,,,0,0.0
missing_plane_telemetry,correlation_id_only_ablation,12167,600,24,0.25,1500,600,0,0,0,0,0,0,0,600,3600,3600,3600,1200,600,0,0.0,0.0,0.0,0.0,0.0,0.8333333333333334,9000,6000,6000,3000,0.3333333333333333,0,0.0,1.0,0.6666666666666666,0,0,0.0,0,0,0,0,0,,,0,0,,,600,0.16666666666666666,0,0.0,0,,,,0,0.0
missing_plane_telemetry,naive_temporal_window,12167,600,24,0.25,1500,600,0,0,0,0,0,0,0,600,3600,3600,3600,600,600,460,0.7666666666666667,0.7666666666666667,0.7666666666666667,0.7666666666666667,0.7666666666666667,0.9416666666666667,9000,9630,8370,630,0.07,1260,0.1308411214953271,0.8691588785046729,0.93,70,630,0.175,70,70,70,0,0,1.0,1.0,0,0,,,0,0.0,0,0.0,460,1275.0,1275.0,1275.0,0,0.0
missing_plane_incident,strict_service_plus_correlation,12167,600,24,0.25,1500,600,0,0,0,0,0,0,0,600,3600,3600,3600,1200,600,0,0.0,0.0,0.0,0.0,0.0,0.8333333333333334,9000,6000,6000,3000,0.3333333333333333,0,0.0,1.0,0.6666666666666666,0,0,0.0,0,0,0,0,0,,,0,0,,,600,0.16666666666666666,0,0.0,0,,,,0,0.0
missing_plane_incident,correlation_id_only_ablation,12167,600,24,0.25,1500,600,0,0,0,0,0,0,0,600,3600,3600,3600,1200,600,0,0.0,0.0,0.0,0.0,0.0,0.8333333333333334,9000,6000,6000,3000,0.3333333333333333,0,0.0,1.0,0.6666666666666666,0,0,0.0,0,0,0,0,0,,,0,0,,,600,0.16666666666666666,0,0.0,0,,,,0,0.0
missing_plane_incident,naive_temporal_window,12167,600,24,0.25,1500,600,0,0,0,0,0,0,0,600,3600,3600,3600,600,600,460,0.7666666666666667,0.7666666666666667,0.7666666666666667,0.7666666666666667,0.7666666666666667,0.9416666666666667,9000,9630,8370,630,0.07,1260,0.1308411214953271,0.8691588785046729,0.93,70,630,0.175,70,70,70,0,0,1.0,1.0,0,0,,,0,0.0,0,0.0,460,1275.0,1275.0,1275.0,0,0.0
missing_plane_recovery,strict_service_plus_correlation,12167,600,24,0.25,1500,600,0,0,0,0,0,0,0,600,3600,3600,3600,1200,600,0,0.0,0.0,0.0,0.0,0.0,0.8333333333333334,9000,6000,6000,3000,0.3333333333333333,0,0.0,1.0,0.6666666666666666,0,0,0.0,0,0,0,0,0,,,0,0,,,600,0.16666666666666666,0,0.0,0,,,,0,0.0
missing_plane_recovery,correlation_id_only_ablation,12167,600,24,0.25,1500,600,0,0,0,0,0,0,0,600,3600,3600,3600,1200,600,0,0.0,0.0,0.0,0.0,0.0,0.8333333333333334,9000,6000,6000,3000,0.3333333333333333,0,0.0,1.0,0.6666666666666666,0,0,0.0,0,0,0,0,0,,,0,0,,,600,0.16666666666666666,0,0.0,0,,,,0,0.0
missing_plane_recovery,naive_temporal_window,12167,600,24,0.25,1500,600,0,0,0,0,0,0,0,600,3600,3600,3600,600,600,460,0.7666666666666667,0.7666666666666667,0.7666666666666667,0.7666666666666667,0.7666666666666667,0.9416666666666667,9000,9630,8370,630,0.07,1260,0.1308411214953271,0.8691588785046729,0.93,70,630,0.175,70,70,70,0,0,1.0,1.0,0,0,,,0,0.0,0,0.0,460,1275.0,1275.0,1275.0,0,0.0
collision_same_service_1pct,strict_service_plus_correlation,12167,600,24,0.25,1500,0,0,6,0,0,0,0,0,600,3600,3600,3600,660,588,588,0.98,0.98,1.0,0.98,0.98989898989899,0.9833333333333333,9000,8820,8820,180,0.02,0,0.0,1.0,0.98,6,72,0.02,0,6,6,0,0,1.0,1.0,0,0,,,72,0.02,0,0.0,588,1275.0,1275.0,1275.0,0,0.0
collision_same_service_1pct,correlation_id_only_ablation,12167,600,24,0.25,1500,0,0,6,0,0,0,0,0,600,3600,3600,3600,594,594,588,0.98,0.98,0.98989898989899,0.98,0.9849246231155778,1.0,9000,9216,9000,0,0.0,216,0.0234375,0.9765625,1.0,6,72,0.02,6,6,6,0,0,1.0,1.0,0,0,,,0,0.0,0,0.0,588,1275.0,1275.0,1275.0,0,0.0
collision_same_service_1pct,naive_temporal_window,12167,600,24,0.25,1500,0,0,6,0,0,0,0,0,600,3600,3600,3600,600,600,460,0.7666666666666667,0.7666666666666667,0.7666666666666667,0.7666666666666667,0.7666666666666667,0.9416666666666667,9000,9630,8370,630,0.07,1260,0.1308411214953271,0.8691588785046729,0.93,70,630,0.175,70,70,70,0,0,1.0,1.0,0,0,,,0,0.0,0,0.0,460,1275.0,1275.0,1275.0,0,0.0
collision_same_service_5pct,strict_service_plus_correlation,12167,600,24,0.25,1500,0,0,30,0,0,0,0,0,600,3600,3600,3600,900,540,540,0.9,0.9,1.0,0.9,0.9473684210526316,0.9166666666666666,9000,8100,8100,900,0.1,0,0.0,1.0,0.9,30,360,0.1,0,30,30,0,0,1.0,1.0,0,0,,,360,0.1,0,0.0,540,1275.0,1275.0,1275.0,0,0.0
collision_same_service_5pct,correlation_id_only_ablation,12167,600,24,0.25,1500,0,0,30,0,0,0,0,0,600,3600,3600,3600,570,570,540,0.9,0.9,0.9473684210526315,0.9,0.9230769230769231,1.0,9000,10080,9000,0,0.0,1080,0.10714285714285714,0.8928571428571429,1.0,30,360,0.1,30,30,30,0,0,1.0,1.0,0,0,,,0,0.0,0,0.0,540,1275.0,1275.0,1275.0,0,0.0
collision_same_service_5pct,naive_temporal_window,12167,600,24,0.25,1500,0,0,30,0,0,0,0,0,600,3600,3600,3600,600,600,460,0.7666666666666667,0.7666666666666667,0.7666666666666667,0.7666666666666667,0.7666666666666667,0.9416666666666667,9000,9630,8370,630,0.07,1260,0.1308411214953271,0.8691588785046729,0.93,70,630,0.175,70,70,70,0,0,1.0,1.0,0,0,,,0,0.0,0,0.0,460,1275.0,1275.0,1275.0,0,0.0
collision_same_service_10pct,strict_service_plus_correlation,12167,600,24,0.25,1500,0,0,60,0,0,0,0,0,600,3600,3600,3600,1200,480,480,0.8,0.8,1.0,0.8,0.888888888888889,0.8333333333333334,9000,7200,7200,1800,0.2,0,0.0,1.0,0.8,60,720,0.2,0,60,60,0,0,1.0,1.0,0,0,,,720,0.2,0,0.0,480,1275.0,1275.0,1275.0,0,0.0
collision_same_service_10pct,correlation_id_only_ablation,12167,600,24,0.25,1500,0,0,60,0,0,0,0,0,600,3600,3600,3600,540,540,480,0.8,0.8,0.8888888888888888,0.8,0.8421052631578948,1.0,9000,11160,9000,0,0.0,2160,0.1935483870967742,0.8064516129032258,1.0,60,720,0.2,60,60,60,0,0,1.0,1.0,0,0,,,0,0.0,0,0.0,480,1275.0,1275.0,1275.0,0,0.0
collision_same_service_10pct,naive_temporal_window,12167,600,24,0.25,1500,0,0,60,0,0,0,0,0,600,3600,3600,3600,600,600,460,0.7666666666666667,0.7666666666666667,0.7666666666666667,0.7666666666666667,0.7666666666666667,0.9416666666666667,9000,9630,8370,630,0.07,1260,0.1308411214953271,0.8691588785046729,0.93,70,630,0.175,70,70,70,0,0,1.0,1.0,0,0,,,0,0.0,0,0.0,460,1275.0,1275.0,1275.0,0,0.0
collision_cross_service_5pct,strict_service_plus_correlation,12167,600,24,0.25,1500,0,0,30,0,0,0,0,0,600,3600,3600,3600,600,600,600,1.0,1.0,1.0,1.0,1.0,1.0,9000,9000,9000,0,0.0,0,0.0,1.0,1.0,0,0,0.0,0,0,0,0,0,,,0,0,,,0,0.0,0,0.0,600,1275.0,1275.0,1275.0,0,0.0
collision_cross_service_5pct,correlation_id_only_ablation,12167,600,24,0.25,1500,0,0,30,0,0,0,0,0,600,3600,3600,3600,570,570,540,0.9,0.9,0.9473684210526315,0.9,0.9230769230769231,1.0,9000,10080,9000,0,0.0,1080,0.10714285714285714,0.8928571428571429,1.0,30,360,0.1,30,30,30,0,0,1.0,1.0,0,0,,,0,0.0,0,0.0,540,1275.0,1275.0,1275.0,0,0.0
collision_cross_service_5pct,naive_temporal_window,12167,600,24,0.25,1500,0,0,30,0,0,0,0,0,600,3600,3600,3600,600,600,460,0.7666666666666667,0.7666666666666667,0.7666666666666667,0.7666666666666667,0.7666666666666667,0.9416666666666667,9000,9630,8370,630,0.07,1260,0.1308411214953271,0.8691588785046729,0.93,70,630,0.175,70,70,70,0,0,1.0,1.0,0,0,,,0,0.0,0,0.0,460,1275.0,1275.0,1275.0,0,0.0
duplicate_exact_10pct,strict_service_plus_correlation,12167,600,24,0.25,1500,0,0,0,360,0,0,0,0,600,3600,3600,3960,600,600,600,1.0,1.0,1.0,1.0,1.0,1.0,9000,9000,9000,0,0.0,0,0.0,1.0,1.0,0,0,0.0,0,0,0,0,0,,,0,0,,,0,0.0,360,0.09090909090909091,600,1275.0,1275.0,1275.0,0,0.0
duplicate_exact_10pct,correlation_id_only_ablation,12167,600,24,0.25,1500,0,0,0,360,0,0,0,0,600,3600,3600,3960,600,600,600,1.0,1.0,1.0,1.0,1.0,1.0,9000,9000,9000,0,0.0,0,0.0,1.0,1.0,0,0,0.0,0,0,0,0,0,,,0,0,,,0,0.0,360,0.09090909090909091,600,1275.0,1275.0,1275.0,0,0.0
duplicate_exact_10pct,naive_temporal_window,12167,600,24,0.25,1500,0,0,0,360,0,0,0,0,600,3600,3600,3960,600,600,460,0.7666666666666667,0.7666666666666667,0.7666666666666667,0.7666666666666667,0.7666666666666667,0.9416666666666667,9000,9630,8370,630,0.07,1260,0.1308411214953271,0.8691588785046729,0.93,70,630,0.175,70,70,70,0,0,1.0,1.0,0,0,,,0,0.0,360,0.09090909090909091,460,1275.0,1275.0,1275.0,0,0.0
duplicate_source_conflict_5pct,strict_service_plus_correlation,12167,600,24,0.25,1500,0,0,0,0,180,0,0,0,600,3600,3600,3780,960,600,445,0.7416666666666667,0.7416666666666667,0.7416666666666667,0.7416666666666667,0.7416666666666667,0.95,9000,8126,8126,874,0.0971111111111111,0,0.0,1.0,0.9028888888888889,0,0,0.0,0,0,0,0,0,,,180,180,1.0,1.0,360,0.09523809523809523,0,0.0,445,1275.0,1275.0,1275.0,0,0.0
duplicate_source_conflict_5pct,correlation_id_only_ablation,12167,600,24,0.25,1500,0,0,0,0,180,0,0,0,600,3600,3600,3780,600,600,445,0.7416666666666667,0.7416666666666667,0.7416666666666667,0.7416666666666667,0.7416666666666667,1.0,9000,10106,9000,0,0.0,1106,0.10943993667128439,0.8905600633287156,1.0,0,0,0.0,0,155,0,155,0,0.0,,180,180,1.0,1.0,0,0.0,0,0.0,445,1275.0,1275.0,1275.0,0,0.0
duplicate_source_conflict_5pct,naive_temporal_window,12167,600,24,0.25,1500,0,0,0,0,180,0,0,0,600,3600,3600,3780,600,600,344,0.5733333333333334,0.5733333333333334,0.5733333333333334,0.5733333333333334,0.5733333333333334,0.9416666666666667,9000,10774,8370,630,0.07,2404,0.22312975682197883,0.7768702431780211,0.93,70,630,0.175,70,202,70,132,0,0.3465346534653465,1.0,180,180,1.0,1.0,0,0.0,0,0.0,344,1275.0,1275.0,1275.0,0,0.0
clock_skew_random_10pct_5s,strict_service_plus_correlation,12167,600,24,0.25,1500,0,0,0,0,0,360,0,0,600,3600,3600,3600,2015,317,317,0.5283333333333333,0.5283333333333333,1.0,0.5283333333333333,0.6913849509269356,0.6069444444444444,9000,4755,4755,4245,0.4716666666666667,0,0.0,1.0,0.5283333333333333,0,0,0.0,0,283,0,283,0,0.0,,0,0,,,1698,0.4716666666666667,0,0.0,317,1275.0,1275.0,1275.0,0,0.0
clock_skew_random_10pct_5s,correlation_id_only_ablation,12167,600,24,0.25,1500,0,0,0,0,0,360,0,0,600,3600,3600,3600,600,600,600,1.0,1.0,1.0,1.0,1.0,1.0,9000,9000,9000,0,0.0,0,0.0,1.0,1.0,0,0,0.0,0,283,0,283,0,0.0,,0,0,,,0,0.0,0,0.0,600,1275.0,1275.0,1275.0,0,0.0
clock_skew_random_10pct_5s,naive_temporal_window,12167,600,24,0.25,1500,0,0,0,0,0,360,0,0,600,3600,3600,3600,877,670,251,0.41833333333333333,0.41833333333333333,0.3746268656716418,0.41833333333333333,0.3952755905511811,0.8547222222222223,9000,7897,6834,2166,0.24066666666666667,1063,0.13460807901734836,0.8653919209826516,0.7593333333333333,110,654,0.18166666666666667,110,92,92,0,18,1.0,0.8363636363636363,0,0,,,0,0.0,0,0.0,251,1275.0,1275.0,1275.0,0,0.0
late_arrival_10pct_30s,strict_service_plus_correlation,12167,600,24,0.25,1500,0,0,0,0,0,0,360,0,600,3600,3600,3600,600,600,600,1.0,1.0,1.0,1.0,1.0,1.0,9000,9000,9000,0,0.0,0,0.0,1.0,1.0,0,0,0.0,0,0,0,0,0,,,0,0,,,0,0.0,0,0.0,600,1275.0,31275.0,31275.0,131954,0.020368929640949645
late_arrival_10pct_30s,correlation_id_only_ablation,12167,600,24,0.25,1500,0,0,0,0,0,0,360,0,600,3600,3600,3600,600,600,600,1.0,1.0,1.0,1.0,1.0,1.0,9000,9000,9000,0,0.0,0,0.0,1.0,1.0,0,0,0.0,0,0,0,0,0,,,0,0,,,0,0.0,0,0.0,600,1275.0,31275.0,31275.0,131954,0.020368929640949645
late_arrival_10pct_30s,naive_temporal_window,12167,600,24,0.25,1500,0,0,0,0,0,0,360,0,600,3600,3600,3600,600,600,460,0.7666666666666667,0.7666666666666667,0.7666666666666667,0.7666666666666667,0.7666666666666667,0.9416666666666667,9000,9630,8370,630,0.07,1260,0.1308411214953271,0.8691588785046729,0.93,70,630,0.175,70,70,70,0,0,1.0,1.0,0,0,,,0,0.0,0,0.0,460,1275.0,31275.0,31275.0,131954,0.020368929640949645
out_of_order_jitter_3s,strict_service_plus_correlation,12167,600,24,0.25,1500,0,0,0,0,0,0,0,3600,600,3600,3600,3600,600,600,600,1.0,1.0,1.0,1.0,1.0,1.0,9000,9000,9000,0,0.0,0,0.0,1.0,1.0,0,0,0.0,0,0,0,0,0,,,0,0,,,0,0.0,0,0.0,600,3410.5,4082.5999999999995,4275.0,92254,0.014240684140656355
out_of_order_jitter_3s,correlation_id_only_ablation,12167,600,24,0.25,1500,0,0,0,0,0,0,0,3600,600,3600,3600,3600,600,600,600,1.0,1.0,1.0,1.0,1.0,1.0,9000,9000,9000,0,0.0,0,0.0,1.0,1.0,0,0,0.0,0,0,0,0,0,,,0,0,,,0,0.0,0,0.0,600,3410.5,4082.5999999999995,4275.0,92254,0.014240684140656355
out_of_order_jitter_3s,naive_temporal_window,12167,600,24,0.25,1500,0,0,0,0,0,0,0,3600,600,3600,3600,3600,600,600,460,0.7666666666666667,0.7666666666666667,0.7666666666666667,0.7666666666666667,0.7666666666666667,0.9416666666666667,9000,9630,8370,630,0.07,1260,0.1308411214953271,0.8691588785046729,0.93,70,630,0.175,70,70,70,0,0,1.0,1.0,0,0,,,0,0.0,0,0.0,460,3412.0,4099.05,4275.0,92254,0.014240684140656355
compound_adversarial,strict_service_plus_correlation,12167,600,24,0.25,1500,360,0,30,0,0,0,360,3600,600,3600,3600,3600,1218,540,285,0.475,0.475,0.5277777777777778,0.475,0.5,0.8283333333333334,9000,6579,6579,2421,0.269,0,0.0,1.0,0.731,30,318,0.08833333333333333,0,30,30,0,0,1.0,1.0,0,0,,,678,0.18833333333333332,0,0.0,285,3950.0,33725.8,34176.0,211738,0.03268469636627458
compound_adversarial,correlation_id_only_ablation,12167,600,24,0.25,1500,360,0,30,0,0,0,360,3600,600,3600,3600,3600,930,570,285,0.475,0.475,0.5,0.475,0.48717948717948717,0.9,9000,8122,7281,1719,0.191,841,0.1035459246491012,0.8964540753508988,0.809,30,318,0.08833333333333333,30,30,30,0,0,1.0,1.0,0,0,,,360,0.1,0,0.0,285,3950.0,33725.8,34176.0,211738,0.03268469636627458
compound_adversarial,naive_temporal_window,12167,600,24,0.25,1500,360,0,30,0,0,0,360,3600,600,3600,3600,3600,600,600,460,0.7666666666666667,0.7666666666666667,0.7666666666666667,0.7666666666666667,0.7666666666666667,0.9416666666666667,9000,9630,8370,630,0.07,1260,0.1308411214953271,0.8691588785046729,0.93,70,630,0.175,70,70,70,0,0,1.0,1.0,0,0,,,0,0.0,0,0.0,460,4128.5,33650.35,34266.0,211738,0.03268469636627458
