source_type,source_id,source_ts,observed_ts,actor,service,intent,policy,action,outcome,source_pointer,correlation_id,content_hash
kubernetes.audit,fe553bf7-fd22-45dd-9e2e-cf328516c647:ResponseComplete,2026-08-06T03:15:21.840698Z,2026-08-06T03:15:21.841665Z,kubernetes-admin,eacp-k8s-eval/eacp-k8s-eval,operational_provenance,kubernetes-rbac-admission,get,404:NotFound,kubernetes-audit://fe553bf7-fd22-45dd-9e2e-cf328516c647,k8s://eacp-k8s-eval/namespaces/eacp-k8s-eval,077647df203d0ee7652bd4c4adefb5a7c8160808ef8be6c012ad155ace6e7b2f
kubernetes.audit,f17b4d52-d280-4437-9dac-97dfa1454b7d:ResponseComplete,2026-08-06T03:15:21.844386Z,2026-08-06T03:15:21.844963Z,kubernetes-admin,eacp-k8s-eval/eacp-observer,operational_provenance,kubernetes-rbac-admission,get,404:NotFound,kubernetes-audit://f17b4d52-d280-4437-9dac-97dfa1454b7d,k8s://eacp-k8s-eval/serviceaccounts/eacp-observer,22d688e9ab52ed1f835387d580c2b34edd8aecddf956291336788b96c57d0f8a
kubernetes.audit,eac914f1-c929-4446-920f-ddf2295c51bb:ResponseComplete,2026-08-06T03:15:21.844116Z,2026-08-06T03:15:21.845532Z,system:serviceaccount:kube-system:root-ca-cert-publisher,eacp-k8s-eval/kube-root-ca.crt,operational_provenance,kubernetes-rbac-admission,create,201,kubernetes-audit://eac914f1-c929-4446-920f-ddf2295c51bb,k8s://eacp-k8s-eval/configmaps/kube-root-ca.crt,7b50759b21c1d613291a5cf222f012668f2c5ec8608d88fc0d6384654b92777a
kubernetes.audit,1c7a1a84-e09e-4a52-9d31-8a4041b9f573:ResponseComplete,2026-08-06T03:15:21.845683Z,2026-08-06T03:15:21.847780Z,kubernetes-admin,eacp-k8s-eval/eacp-k8s-eval,operational_provenance,kubernetes-rbac-admission,get,200,kubernetes-audit://1c7a1a84-e09e-4a52-9d31-8a4041b9f573,k8s://eacp-k8s-eval/namespaces/eacp-k8s-eval,3f42376a47e14121976fe5762bb48c71cd6d7d94dcaed58be699321d86553545
kubernetes.audit,b99f05db-601a-40b5-a762-2354f8d77750:ResponseComplete,2026-08-06T03:15:21.844341Z,2026-08-06T03:15:21.847910Z,system:serviceaccount:kube-system:service-account-controller,eacp-k8s-eval/default,operational_provenance,kubernetes-rbac-admission,create,201,kubernetes-audit://b99f05db-601a-40b5-a762-2354f8d77750,k8s://eacp-k8s-eval/serviceaccounts/default,fae1cd59371f9677adde1bc43bd19d33f01c6a8bfbde58650b6c0a7f2cd9ef80
kubernetes.audit,95daa985-e980-4560-811a-e954e5c7b27d:ResponseComplete,2026-08-06T03:15:21.849890Z,2026-08-06T03:15:21.851100Z,kubernetes-admin,eacp-k8s-eval/eacp-observer,operational_provenance,kubernetes-rbac-admission,create,201,kubernetes-audit://95daa985-e980-4560-811a-e954e5c7b27d,k8s://eacp-k8s-eval/serviceaccounts/eacp-observer,7e0f10b6540d632d0aad2c75a9cee7a264df30923017bfa9092b3b715b4ffbf0
kubernetes.audit,c2e76969-f650-4da9-ad6a-93fd9ae3efaf:ResponseComplete,2026-08-06T03:15:21.851805Z,2026-08-06T03:15:21.852443Z,kubernetes-admin,eacp-k8s-eval/eacp-observer,operational_provenance,kubernetes-rbac-admission,get,404:NotFound,kubernetes-audit://c2e76969-f650-4da9-ad6a-93fd9ae3efaf,k8s://eacp-k8s-eval/roles/eacp-observer,5d61ba099b5a628a1969f8af555cfc88db1cf30c28affe26af2faefd07d72eeb
kubernetes.audit,4bba8a39-596b-4405-9aff-d38c57c9b62c:ResponseComplete,2026-08-06T03:15:21.853161Z,2026-08-06T03:15:21.853651Z,kubernetes-admin,eacp-k8s-eval/eacp-k8s-eval,operational_provenance,kubernetes-rbac-admission,get,200,kubernetes-audit://4bba8a39-596b-4405-9aff-d38c57c9b62c,k8s://eacp-k8s-eval/namespaces/eacp-k8s-eval,b0e1309e9180db8c5d6a8bf543a8072238c32298a3fcc1a30156028823148de0
kubernetes.audit,f242e3b8-6baf-47bd-9ced-b66de5a03bca:ResponseComplete,2026-08-06T03:15:21.854444Z,2026-08-06T03:15:21.855599Z,kubernetes-admin,eacp-k8s-eval/eacp-observer,operational_provenance,kubernetes-rbac-admission,create,201,kubernetes-audit://f242e3b8-6baf-47bd-9ced-b66de5a03bca,k8s://eacp-k8s-eval/roles/eacp-observer,cc76a1b0006bafd86ed854e22b01b3206a8b30508e470ae6e529e21dbb645366
kubernetes.audit,5762be84-5ce8-4b19-9dcb-32e99b5e4613:ResponseComplete,2026-08-06T03:15:21.856351Z,2026-08-06T03:15:21.856916Z,kubernetes-admin,eacp-k8s-eval/eacp-observer,operational_provenance,kubernetes-rbac-admission,get,404:NotFound,kubernetes-audit://5762be84-5ce8-4b19-9dcb-32e99b5e4613,k8s://eacp-k8s-eval/rolebindings/eacp-observer,133a501170bfbc7f5904172b7fcb4072a4f315cef777efff814e32800f109790
kubernetes.audit,6c6f6bf1-93d9-409c-ab15-1fdc077a6609:ResponseComplete,2026-08-06T03:15:21.857595Z,2026-08-06T03:15:21.858156Z,kubernetes-admin,eacp-k8s-eval/eacp-k8s-eval,operational_provenance,kubernetes-rbac-admission,get,200,kubernetes-audit://6c6f6bf1-93d9-409c-ab15-1fdc077a6609,k8s://eacp-k8s-eval/namespaces/eacp-k8s-eval,cada517384dcf8dc12a302eef3c9379c7826847d17b0c953276aef508ad8b54e
kubernetes.audit,9d3d3c44-6bd4-4c02-adbc-5c238df096f3:ResponseComplete,2026-08-06T03:15:21.859470Z,2026-08-06T03:15:21.860597Z,kubernetes-admin,eacp-k8s-eval/eacp-observer,operational_provenance,kubernetes-rbac-admission,create,201,kubernetes-audit://9d3d3c44-6bd4-4c02-adbc-5c238df096f3,k8s://eacp-k8s-eval/rolebindings/eacp-observer,564e5fb64f03a2f0dfc1595c19db4e9f73bf67cc23e6b4650743bb361973bc40
kubernetes.audit,2bcdcd09-7c64-418a-a4f9-22f63f6fdc35:ResponseComplete,2026-08-06T03:15:21.861380Z,2026-08-06T03:15:21.861965Z,kubernetes-admin,eacp-k8s-eval/eacp-workload-config,operational_provenance,kubernetes-rbac-admission,get,404:NotFound,kubernetes-audit://2bcdcd09-7c64-418a-a4f9-22f63f6fdc35,k8s://eacp-k8s-eval/configmaps/eacp-workload-config,b3c65caf0be0bb2810a07f01bb2555fa6d06980c08a8218a864118d18cdc1513
kubernetes.audit,b2421a3a-db09-4408-9a38-42aa02c8656d:ResponseComplete,2026-08-06T03:15:21.862502Z,2026-08-06T03:15:21.863035Z,kubernetes-admin,eacp-k8s-eval/eacp-k8s-eval,operational_provenance,kubernetes-rbac-admission,get,200,kubernetes-audit://b2421a3a-db09-4408-9a38-42aa02c8656d,k8s://eacp-k8s-eval/namespaces/eacp-k8s-eval,52c87d4c6089c485f4cbdc67bcb7dd6539a733633fb0ac06d55b233e6cad81e3
kubernetes.audit,33af43c9-4e52-4a25-8782-14910df9481e:ResponseComplete,2026-08-06T03:15:21.863543Z,2026-08-06T03:15:21.865620Z,kubernetes-admin,eacp-k8s-eval/eacp-demo,operational_provenance,kubernetes-rbac-admission,create,201,kubernetes-audit://33af43c9-4e52-4a25-8782-14910df9481e,k8s://eacp-k8s-eval/configmaps/eacp-workload-config,8f470206d601c3979b2aaf166ba59b40e4eac18aeb0a2de51bfd74f1fb527fe7
kubernetes.audit,4e295241-47d3-441a-98e8-63e706193fe7:ResponseComplete,2026-08-06T03:15:21.866486Z,2026-08-06T03:15:21.867042Z,kubernetes-admin,eacp-k8s-eval/eacp-demo,operational_provenance,kubernetes-rbac-admission,get,404:NotFound,kubernetes-audit://4e295241-47d3-441a-98e8-63e706193fe7,k8s://eacp-k8s-eval/deployments/eacp-demo,a83efcf22bb174680b48adcb40f63990795c26aa6fd552f2489c7ea2041a93fa
kubernetes.audit,743f3418-391f-4933-9a38-8c9d76e52122:ResponseComplete,2026-08-06T03:15:21.868510Z,2026-08-06T03:15:21.869115Z,kubernetes-admin,eacp-k8s-eval/eacp-k8s-eval,operational_provenance,kubernetes-rbac-admission,get,200,kubernetes-audit://743f3418-391f-4933-9a38-8c9d76e52122,k8s://eacp-k8s-eval/namespaces/eacp-k8s-eval,7df0bf732e86991c845c0093c9b5ebb1244bfbd67740b1553c4740e47c15dd2f
kubernetes.audit,2eb2179c-aa56-43d5-87e6-0ecec71acbe0:ResponseComplete,2026-08-06T03:15:21.869753Z,2026-08-06T03:15:21.871398Z,kubernetes-admin,eacp-k8s-eval/eacp-demo,operational_provenance,kubernetes-rbac-admission,create,201,kubernetes-audit://2eb2179c-aa56-43d5-87e6-0ecec71acbe0,k8s://eacp-k8s-eval/deployments/eacp-demo,b5dea93c14be20024d5b500d43ccae2c0fdb51da0944fac285701523f24e6502
kubernetes.audit,e9e6e327-39d7-42ba-9ae9-ac9b7e90b7d0:ResponseComplete,2026-08-06T03:15:21.872059Z,2026-08-06T03:15:21.874360Z,system:serviceaccount:kube-system:deployment-controller,eacp-k8s-eval/eacp-demo,operational_provenance,kubernetes-rbac-admission,create,201,kubernetes-audit://e9e6e327-39d7-42ba-9ae9-ac9b7e90b7d0,k8s://eacp-k8s-eval/replicasets/eacp-demo-864b647f,4672d901613bc7e510508dbb3873b53a11f3acde2f2957e7845cd7d5c128b84f
kubernetes.audit,a10c1448-c752-495f-ac81-7ef3df81ab52:ResponseComplete,2026-08-06T03:15:21.875315Z,2026-08-06T03:15:21.876439Z,system:serviceaccount:kube-system:deployment-controller,eacp-k8s-eval/eacp-demo.18c918ea501fcb8d,operational_provenance,kubernetes-rbac-admission,create,201,kubernetes-audit://a10c1448-c752-495f-ac81-7ef3df81ab52,k8s://eacp-k8s-eval/events/eacp-demo.18c918ea501fcb8d,3e269688f2b9c2e63df197454ba3736803aee4fa7145c48a075f199c158613a1
kubernetes.audit,97e1e4f2-959b-47cb-a848-b06c1e5a5866:ResponseComplete,2026-08-06T03:15:21.875498Z,2026-08-06T03:15:21.876483Z,system:apiserver,eacp-k8s-eval/limitranges,operational_provenance,kubernetes-rbac-admission,list,200,kubernetes-audit://97e1e4f2-959b-47cb-a848-b06c1e5a5866,k8s://eacp-k8s-eval/limitranges/limitranges,2058866b4da243f28362bfa4d9d0d1ee5a2963215d11e2fccbdcefd8acd9810d
kubernetes.audit,3f37dd21-72f0-47f1-a57f-84adcc7414d2:ResponseComplete,2026-08-06T03:15:21.875327Z,2026-08-06T03:15:21.877822Z,system:serviceaccount:kube-system:deployment-controller,eacp-k8s-eval/eacp-demo,operational_provenance,kubernetes-rbac-admission,update,200,kubernetes-audit://3f37dd21-72f0-47f1-a57f-84adcc7414d2,k8s://eacp-k8s-eval/deployments/eacp-demo,ea4c330c766d65857872432ad10f3340b8b54dc24eaacf996951031bf51b62db
kubernetes.audit,d941ecd8-fb36-4253-8b74-31bd11d3f760:ResponseComplete,2026-08-06T03:15:21.874805Z,2026-08-06T03:15:21.878635Z,system:serviceaccount:kube-system:replicaset-controller,eacp-k8s-eval/eacp-demo,operational_provenance,kubernetes-rbac-admission,create,201,kubernetes-audit://d941ecd8-fb36-4253-8b74-31bd11d3f760,k8s://eacp-k8s-eval/pods/pods,dd8e6ddee5077dbbca23ebeae78f34d6d23ec34983c3277f2bbac56e5736f9e1
kubernetes.audit,de974071-7dcb-4cae-974c-40c7f554af93:ResponseComplete,2026-08-06T03:15:21.878397Z,2026-08-06T03:15:21.879877Z,system:serviceaccount:kube-system:deployment-controller,eacp-k8s-eval/eacp-demo,operational_provenance,kubernetes-rbac-admission,update,409:Conflict,kubernetes-audit://de974071-7dcb-4cae-974c-40c7f554af93,k8s://eacp-k8s-eval/deployments/eacp-demo,02735ce1afb0b15cabd3be1b4cb8894217edacbf84b7a95d1f4a53d1fd7cbacd
kubernetes.audit,a17a2774-63a0-44e6-9f86-80955fd88756:ResponseComplete,2026-08-06T03:15:21.879324Z,2026-08-06T03:15:21.881648Z,system:kube-scheduler,eacp-k8s-eval/eacp-demo-864b647f-m9m9g,operational_provenance,kubernetes-rbac-admission,create,201:Success,kubernetes-audit://a17a2774-63a0-44e6-9f86-80955fd88756,k8s://eacp-k8s-eval/pods/eacp-demo-864b647f-m9m9g,ee0ec2bc12a155e08d98075b99125684a9090ffb4cb4da4edbdf028af3b0c8e6
kubernetes.audit,7761e256-8626-4cc0-9ae8-15888d80af4d:ResponseComplete,2026-08-06T03:15:21.879182Z,2026-08-06T03:15:21.882258Z,system:serviceaccount:kube-system:replicaset-controller,eacp-k8s-eval/eacp-demo-864b647f,operational_provenance,kubernetes-rbac-admission,update,200,kubernetes-audit://7761e256-8626-4cc0-9ae8-15888d80af4d,k8s://eacp-k8s-eval/replicasets/eacp-demo-864b647f,306ba0ea1f55b1ce99e1f6c1601454c519629fd8f363c2d5c57d2e579c31951b
kubernetes.audit,c39730a3-53e8-4832-be52-46ae5a6d42e2:ResponseComplete,2026-08-06T03:15:21.879178Z,2026-08-06T03:15:21.882389Z,system:serviceaccount:kube-system:replicaset-controller,eacp-k8s-eval/eacp-demo-864b647f.18c918ea50602e4c,operational_provenance,kubernetes-rbac-admission,create,201,kubernetes-audit://c39730a3-53e8-4832-be52-46ae5a6d42e2,k8s://eacp-k8s-eval/events/eacp-demo-864b647f.18c918ea50602e4c,03f802cc737bfb29c7ccf16fe8263c2e715332051cc1a14f238105952dfde5fa
kubernetes.audit,e128c1d4-913c-4309-ba9d-b8af6c61df2a:ResponseComplete,2026-08-06T03:15:21.882096Z,2026-08-06T03:15:21.884360Z,system:kube-scheduler,eacp-k8s-eval/eacp-demo-864b647f-m9m9g.18c918ea508d0306,operational_provenance,kubernetes-rbac-admission,create,201,kubernetes-audit://e128c1d4-913c-4309-ba9d-b8af6c61df2a,k8s://eacp-k8s-eval/events/eacp-demo-864b647f-m9m9g.18c918ea508d0306,77ba0213eca7e42e5b948cfa2554b19169e0610a5b23366e19262fd7bde9f66b
kubernetes.audit,5081f36e-f2ac-47d9-b9be-1ecf8e8917d4:ResponseComplete,2026-08-06T03:15:21.880687Z,2026-08-06T03:15:21.884396Z,system:serviceaccount:kube-system:deployment-controller,eacp-k8s-eval/eacp-demo,operational_provenance,kubernetes-rbac-admission,update,200,kubernetes-audit://5081f36e-f2ac-47d9-b9be-1ecf8e8917d4,k8s://eacp-k8s-eval/deployments/eacp-demo,1e2c2207cd9a3c6da9b347072892ae66d5f7cf26ec22990d24e3f631820fb359
kubernetes.audit,d42e2269-ad8c-4c5e-871b-eef2c3e68d4b:ResponseComplete,2026-08-06T03:15:21.883104Z,2026-08-06T03:15:21.885823Z,system:serviceaccount:kube-system:replicaset-controller,eacp-k8s-eval/eacp-demo-864b647f,operational_provenance,kubernetes-rbac-admission,update,200,kubernetes-audit://d42e2269-ad8c-4c5e-871b-eef2c3e68d4b,k8s://eacp-k8s-eval/replicasets/eacp-demo-864b647f,9eabcc8cdafd19b805022f2430a61d379ec1dfa8bda7c920962709191cff3092
kubernetes.audit,c956cce2-2c4b-4fd1-979a-328fb29a09de:ResponseStarted,2026-08-06T03:15:21.884530Z,2026-08-06T03:15:21.885925Z,system:node:eacp-eval-control-plane,eacp-k8s-eval/kube-root-ca.crt,operational_provenance,kubernetes-rbac-admission,watch,200,kubernetes-audit://c956cce2-2c4b-4fd1-979a-328fb29a09de,k8s://eacp-k8s-eval/configmaps/kube-root-ca.crt,068579726114d346307e4f094b55a7639b69e082625017b2fa80f0694d01e4b6
kubernetes.audit,fdfb9171-c396-47aa-abf3-c6d073bcd5ea:ResponseComplete,2026-08-06T03:15:21.884412Z,2026-08-06T03:15:21.885838Z,system:node:eacp-eval-control-plane,eacp-k8s-eval/eacp-demo,operational_provenance,kubernetes-rbac-admission,get,200,kubernetes-audit://fdfb9171-c396-47aa-abf3-c6d073bcd5ea,k8s://eacp-k8s-eval/pods/eacp-demo-864b647f-m9m9g,576c8e72aeafccf7fd73460f40491adca368821d8dc59886d67634481af85f1a
kubernetes.audit,994907b9-e652-4236-9fac-84dba45f0e76:ResponseComplete,2026-08-06T03:15:21.886676Z,2026-08-06T03:15:21.889382Z,system:node:eacp-eval-control-plane,eacp-k8s-eval/eacp-demo-864b647f-m9m9g,operational_provenance,kubernetes-rbac-admission,patch,200,kubernetes-audit://994907b9-e652-4236-9fac-84dba45f0e76,k8s://eacp-k8s-eval/pods/eacp-demo-864b647f-m9m9g,528020c0d8fc52b567687f97b051d724359623890a4c075070705150cc9751c3
kubernetes.audit,3d21943a-f4c6-49cf-b5c3-d3a568ce6c44:ResponseComplete,2026-08-06T03:15:21.886763Z,2026-08-06T03:15:21.891713Z,system:serviceaccount:kube-system:deployment-controller,eacp-k8s-eval/eacp-demo,operational_provenance,kubernetes-rbac-admission,update,200,kubernetes-audit://3d21943a-f4c6-49cf-b5c3-d3a568ce6c44,k8s://eacp-k8s-eval/deployments/eacp-demo,fa61924cc8e488e646b4045d805e8be6bfa15b96008ccf1d61fecbbfe7118788
kubernetes.audit,4eb3dab7-42a0-4d53-8751-43fc1fbdfa7e:ResponseComplete,2026-08-06T03:15:21.904842Z,2026-08-06T03:15:21.905710Z,kubernetes-admin,eacp-k8s-eval/eacp-demo,operational_provenance,kubernetes-rbac-admission,get,200,kubernetes-audit://4eb3dab7-42a0-4d53-8751-43fc1fbdfa7e,k8s://eacp-k8s-eval/deployments/eacp-demo,d8198b08a49ab5aef8bb9426130993a213b3056f3e76f79d14ba08a5ef8a8d58
kubernetes.audit,f8e6c6e9-7269-497e-9289-646669b4ea3e:ResponseStarted,2026-08-06T03:15:21.907663Z,2026-08-06T03:15:21.908913Z,kubernetes-admin,eacp-k8s-eval/eacp-demo,operational_provenance,kubernetes-rbac-admission,watch,200,kubernetes-audit://f8e6c6e9-7269-497e-9289-646669b4ea3e,k8s://eacp-k8s-eval/deployments/eacp-demo,d96403c24ea1fbf6c697f6e8bf80a6dbda89a942bbfb76003df01e4dc2136859
kubernetes.audit,eb50eaef-d8cc-4bfb-829a-8569a06d11c4:ResponseComplete,2026-08-06T03:15:23.396297Z,2026-08-06T03:15:23.398581Z,system:node:eacp-eval-control-plane,eacp-k8s-eval/eacp-demo,operational_provenance,kubernetes-rbac-admission,get,200,kubernetes-audit://eb50eaef-d8cc-4bfb-829a-8569a06d11c4,k8s://eacp-k8s-eval/pods/eacp-demo-864b647f-m9m9g,18d612526fbdbdc2d991d4b06ecfa88b510f66b43ae8dc200131ad716c528641
kubernetes.audit,04fc50ad-6f8e-4294-bf65-f7a9a57a1b6f:ResponseComplete,2026-08-06T03:15:23.397322Z,2026-08-06T03:15:23.399640Z,system:node:eacp-eval-control-plane,eacp-k8s-eval/eacp-demo-864b647f-m9m9g.18c918eaaad1e343,operational_provenance,kubernetes-rbac-admission,create,201,kubernetes-audit://04fc50ad-6f8e-4294-bf65-f7a9a57a1b6f,k8s://eacp-k8s-eval/events/eacp-demo-864b647f-m9m9g.18c918eaaad1e343,aa92426698cfedfe9928504ec2b5d3f9d4c37a44c1ff27c4ea0cc1938d88f28e
kubernetes.audit,6c683460-94c5-433f-95ad-92c55604e91f:ResponseComplete,2026-08-06T03:15:23.399267Z,2026-08-06T03:15:23.401404Z,system:node:eacp-eval-control-plane,eacp-k8s-eval/eacp-demo-864b647f-m9m9g,operational_provenance,kubernetes-rbac-admission,patch,200,kubernetes-audit://6c683460-94c5-433f-95ad-92c55604e91f,k8s://eacp-k8s-eval/pods/eacp-demo-864b647f-m9m9g,f6f55c2c87a4efca6bb44548d0d49c2b6292791bcf889f7593293ee4958cbc93
kubernetes.audit,10839271-6315-4590-b483-c894d57bf977:ResponseComplete,2026-08-06T03:15:23.407002Z,2026-08-06T03:15:23.408163Z,system:node:eacp-eval-control-plane,eacp-k8s-eval/eacp-demo-864b647f-m9m9g.18c918eaab7035b2,operational_provenance,kubernetes-rbac-admission,create,201,kubernetes-audit://10839271-6315-4590-b483-c894d57bf977,k8s://eacp-k8s-eval/events/eacp-demo-864b647f-m9m9g.18c918eaab7035b2,ffa2a678ad3648eb6aaa6493215d3e6e125579306ab6c839407b790ac6ac8b6b
kubernetes.audit,20d16fd8-d0d4-4e1c-8582-d7bbc59838a5:ResponseComplete,2026-08-06T03:15:24.763838Z,2026-08-06T03:15:24.765548Z,system:node:eacp-eval-control-plane,eacp-k8s-eval/eacp-demo-864b647f-m9m9g.18c918eafc4a2446,operational_provenance,kubernetes-rbac-admission,create,201,kubernetes-audit://20d16fd8-d0d4-4e1c-8582-d7bbc59838a5,k8s://eacp-k8s-eval/events/eacp-demo-864b647f-m9m9g.18c918eafc4a2446,4071a618828ba4e487535c82191c7788f3a6fbaa19aa3757badfe6e2c7461af6
kubernetes.audit,64b0e5fc-fda8-4652-aed6-465df464865c:ResponseComplete,2026-08-06T03:15:24.765432Z,2026-08-06T03:15:24.766096Z,system:node:eacp-eval-control-plane,eacp-k8s-eval/eacp-demo,operational_provenance,kubernetes-rbac-admission,get,200,kubernetes-audit://64b0e5fc-fda8-4652-aed6-465df464865c,k8s://eacp-k8s-eval/pods/eacp-demo-864b647f-m9m9g,917cbe4343e80e5960d94236def1717cf7c96f707cab7a36eac6325ec336bd50
kubernetes.audit,4367a12f-536a-4a77-95c8-67d9487f879a:ResponseComplete,2026-08-06T03:15:24.766544Z,2026-08-06T03:15:24.768582Z,system:node:eacp-eval-control-plane,eacp-k8s-eval/eacp-demo-864b647f-m9m9g,operational_provenance,kubernetes-rbac-admission,patch,200,kubernetes-audit://4367a12f-536a-4a77-95c8-67d9487f879a,k8s://eacp-k8s-eval/pods/eacp-demo-864b647f-m9m9g,8dba4050297a2747c6343553eee7bb582c16698bbb1d1a47cde359c7f9727a37
kubernetes.audit,454c5172-1a6f-49fe-916b-ba2395912f82:ResponseComplete,2026-08-06T03:15:24.769121Z,2026-08-06T03:15:24.770740Z,system:serviceaccount:kube-system:replicaset-controller,eacp-k8s-eval/eacp-demo-864b647f,operational_provenance,kubernetes-rbac-admission,update,200,kubernetes-audit://454c5172-1a6f-49fe-916b-ba2395912f82,k8s://eacp-k8s-eval/replicasets/eacp-demo-864b647f,9a59192f60cb6296553847aebe6747d1e2a07822836f75abcecba7add3f3466e
kubernetes.audit,405f0b56-3b75-4175-a000-d71d4b9e5e07:ResponseComplete,2026-08-06T03:15:24.771177Z,2026-08-06T03:15:24.772416Z,system:serviceaccount:kube-system:deployment-controller,eacp-k8s-eval/eacp-demo,operational_provenance,kubernetes-rbac-admission,update,200,kubernetes-audit://405f0b56-3b75-4175-a000-d71d4b9e5e07,k8s://eacp-k8s-eval/deployments/eacp-demo,7621ecc509a4e68a2cb551a7fbdff50efb719c8892d5911ecc23d67512e2a601
kubernetes.audit,f8e6c6e9-7269-497e-9289-646669b4ea3e:ResponseComplete,2026-08-06T03:15:21.907663Z,2026-08-06T03:15:24.775126Z,kubernetes-admin,eacp-k8s-eval/eacp-demo,operational_provenance,kubernetes-rbac-admission,watch,200,kubernetes-audit://f8e6c6e9-7269-497e-9289-646669b4ea3e,k8s://eacp-k8s-eval/deployments/eacp-demo,a577c335267de7c1f5fd176bd165accb6be0b7b0f8a937826af6c3ea07df2853
kubernetes.audit,3ae9404a-c8d8-44d0-a1cd-d89bcacf43e9:ResponseComplete,2026-08-06T03:15:24.813657Z,2026-08-06T03:15:24.814630Z,kubernetes-admin,eacp-k8s-eval/eacp-demo,operational_provenance,kubernetes-rbac-admission,get,200,kubernetes-audit://3ae9404a-c8d8-44d0-a1cd-d89bcacf43e9,k8s://eacp-k8s-eval/deployments/eacp-demo,ed923e717fb4a24666d717716a271a0106f5d6a8a6caa31fe0d238afee1a6c17
kubernetes.audit,09b36df9-591d-403e-ac79-9799f204eec8:ResponseComplete,2026-08-06T03:15:24.816492Z,2026-08-06T03:15:24.819174Z,kubernetes-admin,eacp-k8s-eval/eacp-demo,operational_provenance,kubernetes-rbac-admission,patch,200,kubernetes-audit://09b36df9-591d-403e-ac79-9799f204eec8,eacp-round-01,8d05bc0d09bc43b000f1593eab7934e95c29a8e7e47fa72fa49d50e0b8262d48
kubernetes.audit,3741b6f2-8580-46e2-8ea4-b7d4990d9acc:ResponseComplete,2026-08-06T03:15:24.819479Z,2026-08-06T03:15:24.821453Z,system:serviceaccount:kube-system:deployment-controller,eacp-k8s-eval/eacp-demo,operational_provenance,kubernetes-rbac-admission,update,200,kubernetes-audit://3741b6f2-8580-46e2-8ea4-b7d4990d9acc,eacp-round-01,d17e2db8417c081260e4448bf44d148e858387c9e3e0b691b3b94b0ebbe3b508
kubernetes.audit,a1057081-3211-4017-8c76-c284bbcc6956:ResponseComplete,2026-08-06T03:15:24.821894Z,2026-08-06T03:15:24.822741Z,system:serviceaccount:kube-system:deployment-controller,eacp-k8s-eval/eacp-demo,operational_provenance,kubernetes-rbac-admission,update,409:Conflict,kubernetes-audit://a1057081-3211-4017-8c76-c284bbcc6956,eacp-round-01,65b9ea863eebdfeac3fd83039af131b4a385844c5c609e2950e96c72278bf322
kubernetes.audit,50304c18-6502-45c7-9fe5-ce21b8016929:ResponseComplete,2026-08-06T03:15:24.823173Z,2026-08-06T03:15:24.824902Z,system:serviceaccount:kube-system:deployment-controller,eacp-k8s-eval/eacp-demo,operational_provenance,kubernetes-rbac-admission,update,200,kubernetes-audit://50304c18-6502-45c7-9fe5-ce21b8016929,k8s://eacp-k8s-eval/deployments/eacp-demo,a012ac54d25163078beb6d2f73196dafd46a09458e9b18c39467a7f16ad8ab04
kubernetes.audit,5981cb4f-16e0-4dbf-8294-9d166792428f:ResponseComplete,2026-08-06T03:15:24.857810Z,2026-08-06T03:15:24.859010Z,kubernetes-admin,eacp-k8s-eval/eacp-r01-cm001,operational_provenance,kubernetes-rbac-admission,create,201,kubernetes-audit://5981cb4f-16e0-4dbf-8294-9d166792428f,k8s://eacp-k8s-eval/configmaps/eacp-r01-cm001,7b3e859145d1558fe29851e0d2d237f1bbee88d4aa270806e111d753efe2e9d5
kubernetes.audit,2fe9acfc-1e52-43bf-b3a8-b2a988352ec5:ResponseComplete,2026-08-06T03:15:24.891437Z,2026-08-06T03:15:24.892250Z,kubernetes-admin,eacp-k8s-eval/eacp-r01-cm001,operational_provenance,kubernetes-rbac-admission,get,200,kubernetes-audit://2fe9acfc-1e52-43bf-b3a8-b2a988352ec5,k8s://eacp-k8s-eval/configmaps/eacp-r01-cm001,6f67b8de87406ee6e0581d281607c4a43011b249ec381f5a26a15bd297bcc49b
kubernetes.audit,0210e18b-e054-4468-82c8-34009f829f7e:ResponseComplete,2026-08-06T03:15:24.892916Z,2026-08-06T03:15:24.894320Z,kubernetes-admin,eacp-k8s-eval/eacp-demo,operational_provenance,kubernetes-rbac-admission,patch,200,kubernetes-audit://0210e18b-e054-4468-82c8-34009f829f7e,eacp-round-01,281887df35283d889b5ec349fa64556cd1989a879f42eda6c67344f5c68a4bf2
kubernetes.audit,f9d082c0-0e51-4cb3-ae85-ddeb1d734965:ResponseComplete,2026-08-06T03:15:24.931459Z,2026-08-06T03:15:24.932949Z,kubernetes-admin,eacp-k8s-eval/eacp-demo,operational_provenance,kubernetes-rbac-admission,get,200,kubernetes-audit://f9d082c0-0e51-4cb3-ae85-ddeb1d734965,eacp-round-01,8b7869a73b358a911b82ec9167ed3947627dda754f7b09c7c54c493b06f21906
kubernetes.audit,853264f8-82d4-4f52-8718-a16d6dac0734:ResponseComplete,2026-08-06T03:15:24.968987Z,2026-08-06T03:15:24.971185Z,kubernetes-admin,eacp-k8s-eval/eacp-r01-cm002,operational_provenance,kubernetes-rbac-admission,create,201,kubernetes-audit://853264f8-82d4-4f52-8718-a16d6dac0734,k8s://eacp-k8s-eval/configmaps/eacp-r01-cm002,2846cdc2a78446e622ca30ba333c0b84c3798006cb41332df9b187fce01eaeb0
kubernetes.audit,384e9dc5-fbe8-4f3a-8f35-2fd8ec85077c:ResponseComplete,2026-08-06T03:15:25.011470Z,2026-08-06T03:15:25.012955Z,kubernetes-admin,eacp-k8s-eval/eacp-r01-cm002,operational_provenance,kubernetes-rbac-admission,get,200,kubernetes-audit://384e9dc5-fbe8-4f3a-8f35-2fd8ec85077c,k8s://eacp-k8s-eval/configmaps/eacp-r01-cm002,8958715a54e960a543ca978d28720fcff3f5169dd2925df8104c88504abeb75f
kubernetes.audit,6a48b771-4424-4bb8-899b-0e01144ec25b:ResponseComplete,2026-08-06T03:15:25.014018Z,2026-08-06T03:15:25.015957Z,kubernetes-admin,eacp-k8s-eval/eacp-demo,operational_provenance,kubernetes-rbac-admission,patch,200,kubernetes-audit://6a48b771-4424-4bb8-899b-0e01144ec25b,eacp-round-01,27795a4479066de7f614e52f411b23437d907869cce01de4a3343187b759dd31
kubernetes.audit,5efcbaf5-895a-4071-81fa-52045574a0e5:ResponseComplete,2026-08-06T03:15:25.052899Z,2026-08-06T03:15:25.054288Z,kubernetes-admin,eacp-k8s-eval/eacp-demo,operational_provenance,kubernetes-rbac-admission,get,200,kubernetes-audit://5efcbaf5-895a-4071-81fa-52045574a0e5,eacp-round-01,a6bdad4605bf8c0b51d8176dd7ceb3db79bc32482b2e064300a3742b415ef2bd
kubernetes.audit,42368706-175c-4119-9c7e-331083365733:ResponseComplete,2026-08-06T03:15:25.089422Z,2026-08-06T03:15:25.093778Z,kubernetes-admin,eacp-k8s-eval/eacp-r01-cm003,operational_provenance,kubernetes-rbac-admission,create,201,kubernetes-audit://42368706-175c-4119-9c7e-331083365733,k8s://eacp-k8s-eval/configmaps/eacp-r01-cm003,879e659d96a86e07d50946ce94a80df0a76232cb238286a5e25d557192ffe63e
kubernetes.audit,e3b03e79-aa82-4d38-a59e-6f54061d9e1f:ResponseComplete,2026-08-06T03:15:25.137268Z,2026-08-06T03:15:25.138068Z,kubernetes-admin,eacp-k8s-eval/eacp-r01-cm003,operational_provenance,kubernetes-rbac-admission,get,200,kubernetes-audit://e3b03e79-aa82-4d38-a59e-6f54061d9e1f,k8s://eacp-k8s-eval/configmaps/eacp-r01-cm003,90346bcd22ea399586604cfb9da32c65ef6dc2a52426f6b26b5a23db24a7f6cd
kubernetes.audit,0f4d3564-7b5f-4c2d-badb-775629ebe2c9:ResponseComplete,2026-08-06T03:15:25.138789Z,2026-08-06T03:15:25.139939Z,kubernetes-admin,eacp-k8s-eval/eacp-demo,operational_provenance,kubernetes-rbac-admission,patch,200,kubernetes-audit://0f4d3564-7b5f-4c2d-badb-775629ebe2c9,eacp-round-01,9c1499ad9cd25f17e8542de5a6883abbcded044deabad493c5e64c66f5865690
kubernetes.audit,a7a72178-a630-42ac-a22e-60c052739219:ResponseComplete,2026-08-06T03:15:25.189596Z,2026-08-06T03:15:25.191876Z,kubernetes-admin,eacp-k8s-eval/eacp-demo,operational_provenance,kubernetes-rbac-admission,get,200,kubernetes-audit://a7a72178-a630-42ac-a22e-60c052739219,eacp-round-01,7832b5e930b8cda316cbd8785681c982c0091a26414a8e74f8f4e38155eb5250
kubernetes.audit,5e004561-24c9-4062-a648-897e2f223932:ResponseComplete,2026-08-06T03:15:25.236566Z,2026-08-06T03:15:25.238732Z,kubernetes-admin,eacp-k8s-eval/eacp-r01-cm004,operational_provenance,kubernetes-rbac-admission,create,201,kubernetes-audit://5e004561-24c9-4062-a648-897e2f223932,k8s://eacp-k8s-eval/configmaps/eacp-r01-cm004,0ac7a4b5c14ed8b8ece7f8a04f8ee1512769a9c9f95cabb0580861177980db0d
kubernetes.audit,040c455c-41fd-4b7b-a3c9-ff0fc7c2fe36:ResponseComplete,2026-08-06T03:15:25.277450Z,2026-08-06T03:15:25.278397Z,kubernetes-admin,eacp-k8s-eval/eacp-r01-cm004,operational_provenance,kubernetes-rbac-admission,get,200,kubernetes-audit://040c455c-41fd-4b7b-a3c9-ff0fc7c2fe36,k8s://eacp-k8s-eval/configmaps/eacp-r01-cm004,47b873d1ce22a496104d33a781a60d9331eeac80fac40e02fff7b4145298aa64
kubernetes.audit,6b330c1d-4972-40c9-90b8-19af0cd9a992:ResponseComplete,2026-08-06T03:15:25.279120Z,2026-08-06T03:15:25.280395Z,kubernetes-admin,eacp-k8s-eval/eacp-demo,operational_provenance,kubernetes-rbac-admission,patch,200,kubernetes-audit://6b330c1d-4972-40c9-90b8-19af0cd9a992,eacp-round-01,2119a4eb28ac117b6edd00f86e9d920ea4043503b33c9beb67dd095b66689c3b
kubernetes.audit,d7b08cf4-0cdd-4c70-917e-bd4a423660ab:ResponseComplete,2026-08-06T03:15:25.328663Z,2026-08-06T03:15:25.329658Z,kubernetes-admin,eacp-k8s-eval/eacp-demo,operational_provenance,kubernetes-rbac-admission,get,200,kubernetes-audit://d7b08cf4-0cdd-4c70-917e-bd4a423660ab,eacp-round-01,022920252d4a3dc19329cb9adf8126d542c8345d0d58cfd5881933a170b360ef
kubernetes.audit,eaf94d9e-879a-40fb-8ccc-77db248a5faa:ResponseComplete,2026-08-06T03:15:25.375747Z,2026-08-06T03:15:25.377784Z,kubernetes-admin,eacp-k8s-eval/eacp-r01-cm005,operational_provenance,kubernetes-rbac-admission,create,201,kubernetes-audit://eaf94d9e-879a-40fb-8ccc-77db248a5faa,k8s://eacp-k8s-eval/configmaps/eacp-r01-cm005,afa68bef315c33bf0a7421616a32e501e4d2aecd55d0370b8d60938f7732ec52
kubernetes.audit,d0e94428-350c-4bf6-b89f-57d9080e24d6:ResponseComplete,2026-08-06T03:15:25.415196Z,2026-08-06T03:15:25.416761Z,kubernetes-admin,eacp-k8s-eval/eacp-r01-cm005,operational_provenance,kubernetes-rbac-admission,get,200,kubernetes-audit://d0e94428-350c-4bf6-b89f-57d9080e24d6,k8s://eacp-k8s-eval/configmaps/eacp-r01-cm005,2faaef9b7c4dcf5797f68dd4b255dd4bceeb25a1b994036c2feb36cd34009a24
kubernetes.audit,13e5d4c6-3ef5-46af-bd1b-6985470eabdd:ResponseComplete,2026-08-06T03:15:25.417915Z,2026-08-06T03:15:25.420994Z,kubernetes-admin,eacp-k8s-eval/eacp-demo,operational_provenance,kubernetes-rbac-admission,patch,200,kubernetes-audit://13e5d4c6-3ef5-46af-bd1b-6985470eabdd,eacp-round-01,15612963b91d4210bf335cd2763dd860b24da50f679380179024802390903457
kubernetes.audit,286f2b54-72cb-4fcd-8500-56672c4860b2:ResponseComplete,2026-08-06T03:15:25.457508Z,2026-08-06T03:15:25.458841Z,kubernetes-admin,eacp-k8s-eval/eacp-demo,operational_provenance,kubernetes-rbac-admission,get,200,kubernetes-audit://286f2b54-72cb-4fcd-8500-56672c4860b2,eacp-round-01,d5f10ef7a85cced20ebc474d6538e8df4cda7ac6da86bfedd5873c3665bc33c9
kubernetes.audit,22eb8d7e-e3bc-4680-9b28-921d296440dc:ResponseComplete,2026-08-06T03:15:25.494878Z,2026-08-06T03:15:25.497115Z,kubernetes-admin,eacp-k8s-eval/eacp-r01-cm006,operational_provenance,kubernetes-rbac-admission,create,201,kubernetes-audit://22eb8d7e-e3bc-4680-9b28-921d296440dc,k8s://eacp-k8s-eval/configmaps/eacp-r01-cm006,3c9dbbc35bb35ff5f8f3982cec0e7af0180fd08e3eb115a80df980c8c0c40ec7
kubernetes.audit,ab90f286-b398-4d63-b195-2b301f3ab2e3:ResponseComplete,2026-08-06T03:15:25.556275Z,2026-08-06T03:15:25.557225Z,kubernetes-admin,eacp-k8s-eval/eacp-r01-cm006,operational_provenance,kubernetes-rbac-admission,get,200,kubernetes-audit://ab90f286-b398-4d63-b195-2b301f3ab2e3,k8s://eacp-k8s-eval/configmaps/eacp-r01-cm006,f2d56e36eb6eb605669d6e669947b0912a01fa66dab5e9a9521f938749e15396
kubernetes.audit,dde28dc1-8341-4dea-952b-ddadcd8958eb:ResponseComplete,2026-08-06T03:15:25.558223Z,2026-08-06T03:15:25.560065Z,kubernetes-admin,eacp-k8s-eval/eacp-demo,operational_provenance,kubernetes-rbac-admission,patch,200,kubernetes-audit://dde28dc1-8341-4dea-952b-ddadcd8958eb,eacp-round-01,96953f8ca44ebfbfe92857666169133450599cdf471ce47c5de699c48ffb2870
kubernetes.audit,56658baf-b4ab-445a-b88a-f09a821e5f2a:ResponseComplete,2026-08-06T03:15:25.604528Z,2026-08-06T03:15:25.605435Z,kubernetes-admin,eacp-k8s-eval/eacp-demo,operational_provenance,kubernetes-rbac-admission,get,200,kubernetes-audit://56658baf-b4ab-445a-b88a-f09a821e5f2a,eacp-round-01,3bf565a96db8b3c4fc0f0488b8c18102648baea834f7869c8d866b793ad89c39
kubernetes.audit,e134f464-3b98-4b92-a735-f3302ce19bd9:ResponseComplete,2026-08-06T03:15:25.650490Z,2026-08-06T03:15:25.651922Z,kubernetes-admin,eacp-k8s-eval/eacp-r01-cm007,operational_provenance,kubernetes-rbac-admission,create,201,kubernetes-audit://e134f464-3b98-4b92-a735-f3302ce19bd9,k8s://eacp-k8s-eval/configmaps/eacp-r01-cm007,b2751c50bee34b94d091a7771b0431bca2432e520aedf73846e0012fc1ddc59b
kubernetes.audit,399a8281-c9d0-4041-b9b9-05f817167796:ResponseComplete,2026-08-06T03:15:25.702285Z,2026-08-06T03:15:25.704125Z,kubernetes-admin,eacp-k8s-eval/eacp-r01-cm007,operational_provenance,kubernetes-rbac-admission,get,200,kubernetes-audit://399a8281-c9d0-4041-b9b9-05f817167796,k8s://eacp-k8s-eval/configmaps/eacp-r01-cm007,40b6eba543876c092b96652fe366867e3a5d2449726e1e864610b75e6a17b0c4
kubernetes.audit,47151017-8af6-4e3b-97bd-b304431fae58:ResponseComplete,2026-08-06T03:15:25.705560Z,2026-08-06T03:15:25.708544Z,kubernetes-admin,eacp-k8s-eval/eacp-demo,operational_provenance,kubernetes-rbac-admission,patch,200,kubernetes-audit://47151017-8af6-4e3b-97bd-b304431fae58,eacp-round-01,dc36bb131fb9cff77376231161659080fb00f37c0be9032b0b445def1434daa2
kubernetes.audit,1533951b-9cdf-4f44-b1a2-a26a13435730:ResponseComplete,2026-08-06T03:15:25.756058Z,2026-08-06T03:15:25.758289Z,kubernetes-admin,eacp-k8s-eval/eacp-demo,operational_provenance,kubernetes-rbac-admission,get,200,kubernetes-audit://1533951b-9cdf-4f44-b1a2-a26a13435730,eacp-round-01,c7917d47efffb987ac96e716623544607f5efae8ce10847e50404264dd32b31f
kubernetes.audit,081af588-886d-4658-b3cf-00c45e886185:ResponseComplete,2026-08-06T03:15:25.802733Z,2026-08-06T03:15:25.804986Z,kubernetes-admin,eacp-k8s-eval/eacp-r01-cm008,operational_provenance,kubernetes-rbac-admission,create,201,kubernetes-audit://081af588-886d-4658-b3cf-00c45e886185,k8s://eacp-k8s-eval/configmaps/eacp-r01-cm008,e9a7fa5356373ecfb73555218501b17c5503198914a1441c0730637d0e43978b
kubernetes.audit,1058b80e-a878-431a-9271-5a46139018bb:ResponseComplete,2026-08-06T03:15:25.852200Z,2026-08-06T03:15:25.854072Z,kubernetes-admin,eacp-k8s-eval/eacp-r01-cm008,operational_provenance,kubernetes-rbac-admission,get,200,kubernetes-audit://1058b80e-a878-431a-9271-5a46139018bb,k8s://eacp-k8s-eval/configmaps/eacp-r01-cm008,164ac8d2471fa1022dd631af0e296b07b87012661588dbe991cc13ec9b21e02a
kubernetes.audit,600f7d08-c852-4fae-8030-9f20a85fe35b:ResponseComplete,2026-08-06T03:15:25.855612Z,2026-08-06T03:15:25.859395Z,kubernetes-admin,eacp-k8s-eval/eacp-demo,operational_provenance,kubernetes-rbac-admission,patch,200,kubernetes-audit://600f7d08-c852-4fae-8030-9f20a85fe35b,eacp-round-01,f7db5c2a456d0a10c95677210f52f8ab38374a33a86ea0002da8ef808f1bb55c
kubernetes.audit,6afadb75-c420-4c9d-8182-7445ab81cca1:ResponseComplete,2026-08-06T03:15:25.898161Z,2026-08-06T03:15:25.899884Z,kubernetes-admin,eacp-k8s-eval/eacp-demo,operational_provenance,kubernetes-rbac-admission,get,200,kubernetes-audit://6afadb75-c420-4c9d-8182-7445ab81cca1,eacp-round-01,817a5b696bb0bbdb5d4f2e8392dc772fb594cfa1056818bee71e360f49242dc5
kubernetes.audit,0e9fc100-344e-40aa-b75f-b4e4f5867527:ResponseComplete,2026-08-06T03:15:25.939706Z,2026-08-06T03:15:25.941388Z,kubernetes-admin,eacp-k8s-eval/eacp-r01-cm009,operational_provenance,kubernetes-rbac-admission,create,201,kubernetes-audit://0e9fc100-344e-40aa-b75f-b4e4f5867527,k8s://eacp-k8s-eval/configmaps/eacp-r01-cm009,a658e8635c8eba3ddc3edf12216c2599013e08deb530abd4338030eed9d9e0a5
kubernetes.audit,0d302321-3f94-4b36-b327-298a796eaba8:ResponseComplete,2026-08-06T03:15:25.987132Z,2026-08-06T03:15:25.989391Z,kubernetes-admin,eacp-k8s-eval/eacp-r01-cm009,operational_provenance,kubernetes-rbac-admission,get,200,kubernetes-audit://0d302321-3f94-4b36-b327-298a796eaba8,k8s://eacp-k8s-eval/configmaps/eacp-r01-cm009,d149060ac713b576964abc4c4962c91b374c57443a1bf6bb1fca735f09e21d26
kubernetes.audit,82f9758d-e32b-46d7-97c3-3a5770b9de08:ResponseComplete,2026-08-06T03:15:25.990815Z,2026-08-06T03:15:25.992601Z,kubernetes-admin,eacp-k8s-eval/eacp-demo,operational_provenance,kubernetes-rbac-admission,patch,200,kubernetes-audit://82f9758d-e32b-46d7-97c3-3a5770b9de08,eacp-round-01,2d3c074c4c3723a9732de3100447ab65ef7085493414058f0e568829864e34c7
kubernetes.audit,f84a6d5d-f74c-47b1-ad15-26860a19c782:ResponseComplete,2026-08-06T03:15:26.030937Z,2026-08-06T03:15:26.032567Z,kubernetes-admin,eacp-k8s-eval/eacp-demo,operational_provenance,kubernetes-rbac-admission,get,200,kubernetes-audit://f84a6d5d-f74c-47b1-ad15-26860a19c782,eacp-round-01,42c2d7efd460a2bd0dacadb34c0dd95e2c916a7a3e875ad6b9038be9043ad3df
kubernetes.audit,7c05767c-c796-44fe-8328-09ef895fb917:ResponseComplete,2026-08-06T03:15:26.066727Z,2026-08-06T03:15:26.093886Z,kubernetes-admin,eacp-k8s-eval/eacp-r01-cm010,operational_provenance,kubernetes-rbac-admission,create,201,kubernetes-audit://7c05767c-c796-44fe-8328-09ef895fb917,k8s://eacp-k8s-eval/configmaps/eacp-r01-cm010,1f8c57511fe9d9d44b71e4faa338e0ca7dc90e00a5b9642fd54b781ef497985c
kubernetes.audit,5c22fe45-ea59-4f5c-a6e3-76c3f44d72b5:ResponseComplete,2026-08-06T03:15:26.131698Z,2026-08-06T03:15:26.132594Z,kubernetes-admin,eacp-k8s-eval/eacp-r01-cm010,operational_provenance,kubernetes-rbac-admission,get,200,kubernetes-audit://5c22fe45-ea59-4f5c-a6e3-76c3f44d72b5,k8s://eacp-k8s-eval/configmaps/eacp-r01-cm010,1616d955621f519bbf79fd9fcc0c40a9e9b84f5958a066f502e76b8b05f81ce6
kubernetes.audit,189feac5-eec5-4403-bc2b-95ae6c61b7c6:ResponseComplete,2026-08-06T03:15:26.133825Z,2026-08-06T03:15:26.135170Z,kubernetes-admin,eacp-k8s-eval/eacp-demo,operational_provenance,kubernetes-rbac-admission,patch,200,kubernetes-audit://189feac5-eec5-4403-bc2b-95ae6c61b7c6,eacp-round-01,bfd960b3b695dc9031abc62612cf34868980bcf62bb3b7262bbbec1ced5fce11
kubernetes.audit,53464285-ef11-4c94-92a0-b221e4aa62c6:ResponseComplete,2026-08-06T03:15:26.172581Z,2026-08-06T03:15:26.173351Z,kubernetes-admin,eacp-k8s-eval/eacp-demo,operational_provenance,kubernetes-rbac-admission,get,200,kubernetes-audit://53464285-ef11-4c94-92a0-b221e4aa62c6,eacp-round-01,84ea2e73fb92f217a59a9ad830c1c4e05b357dc4783636ecce9d0b4db7f0f106
kubernetes.audit,e55a3a5a-9ba7-4727-ab2a-ac02bcd66324:ResponseComplete,2026-08-06T03:15:26.210427Z,2026-08-06T03:15:26.211756Z,kubernetes-admin,eacp-k8s-eval/eacp-r01-cm011,operational_provenance,kubernetes-rbac-admission,create,201,kubernetes-audit://e55a3a5a-9ba7-4727-ab2a-ac02bcd66324,k8s://eacp-k8s-eval/configmaps/eacp-r01-cm011,abf2d668999bb30071dd5cf97a4d87d94cb198c1954ba1bdda17bed0e1a572f9
kubernetes.audit,f768c336-9b89-4f17-8b43-7cf8fadcce33:ResponseComplete,2026-08-06T03:15:26.244328Z,2026-08-06T03:15:26.245350Z,kubernetes-admin,eacp-k8s-eval/eacp-r01-cm011,operational_provenance,kubernetes-rbac-admission,get,200,kubernetes-audit://f768c336-9b89-4f17-8b43-7cf8fadcce33,k8s://eacp-k8s-eval/configmaps/eacp-r01-cm011,69fb6dde5621c936f534ebd06747f231e1f5cca51ea5d328fc4b4b23684c64e3
kubernetes.audit,2419cb48-4888-4c7e-813c-bc4d730eb0ce:ResponseComplete,2026-08-06T03:15:26.246347Z,2026-08-06T03:15:26.248813Z,kubernetes-admin,eacp-k8s-eval/eacp-demo,operational_provenance,kubernetes-rbac-admission,patch,200,kubernetes-audit://2419cb48-4888-4c7e-813c-bc4d730eb0ce,eacp-round-01,c8d54a9c9f863d3d7c096dbf0a60db2eb3ec71dd41c437e0deb515e7e517855b
kubernetes.audit,f151eaba-e3f3-4ef6-b04d-04c26e594318:ResponseComplete,2026-08-06T03:15:26.288799Z,2026-08-06T03:15:26.290370Z,kubernetes-admin,eacp-k8s-eval/eacp-demo,operational_provenance,kubernetes-rbac-admission,get,200,kubernetes-audit://f151eaba-e3f3-4ef6-b04d-04c26e594318,eacp-round-01,36214ec8e06719e4459d63c519970c64d34b13c807ce08317fa471a3d566069d
kubernetes.audit,43fa893e-11d8-4787-8494-cd1ea3b85f33:ResponseComplete,2026-08-06T03:15:26.334579Z,2026-08-06T03:15:26.337070Z,kubernetes-admin,eacp-k8s-eval/eacp-r01-cm012,operational_provenance,kubernetes-rbac-admission,create,201,kubernetes-audit://43fa893e-11d8-4787-8494-cd1ea3b85f33,k8s://eacp-k8s-eval/configmaps/eacp-r01-cm012,8edc774b8837bf9243f52e03310c11dfacf2259476b10e0f19f2f3afc9e936b5
kubernetes.audit,e6933b40-b78c-44d6-a49c-0657ba48d2b2:ResponseComplete,2026-08-06T03:15:26.375137Z,2026-08-06T03:15:26.376666Z,kubernetes-admin,eacp-k8s-eval/eacp-r01-cm012,operational_provenance,kubernetes-rbac-admission,get,200,kubernetes-audit://e6933b40-b78c-44d6-a49c-0657ba48d2b2,k8s://eacp-k8s-eval/configmaps/eacp-r01-cm012,1d816718ed0b9e117c372ccccd2ab371cb862b93ae38824c43605ecae509c68f
kubernetes.audit,51f62489-2c21-486f-8413-6ec00c20e002:ResponseComplete,2026-08-06T03:15:26.378103Z,2026-08-06T03:15:26.380305Z,kubernetes-admin,eacp-k8s-eval/eacp-demo,operational_provenance,kubernetes-rbac-admission,patch,200,kubernetes-audit://51f62489-2c21-486f-8413-6ec00c20e002,eacp-round-01,7493d68c0049783dad6c7ea7b77158c1cb4be27f0d2a555debb8c159fd503515
kubernetes.audit,878564bc-77e6-4334-b146-03caa5d77139:ResponseComplete,2026-08-06T03:15:26.414961Z,2026-08-06T03:15:26.415787Z,kubernetes-admin,eacp-k8s-eval/eacp-demo,operational_provenance,kubernetes-rbac-admission,get,200,kubernetes-audit://878564bc-77e6-4334-b146-03caa5d77139,eacp-round-01,86f6650d26ce3fcaa4bc1493eaf4fcfb7c92f1926d0d74c2fe2535f432d66a04
kubernetes.audit,842605a8-9015-4228-89dd-a142b8a95679:ResponseComplete,2026-08-06T03:15:26.483510Z,2026-08-06T03:15:26.486175Z,kubernetes-admin,eacp-k8s-eval/eacp-r01-cm013,operational_provenance,kubernetes-rbac-admission,create,201,kubernetes-audit://842605a8-9015-4228-89dd-a142b8a95679,k8s://eacp-k8s-eval/configmaps/eacp-r01-cm013,a414036634757af1213afbb3c1ea3bd4bdda66d5ef537b5bef4e397b5239be2e
kubernetes.audit,5fde3976-5b78-4e62-a483-1abcb49b38b7:ResponseComplete,2026-08-06T03:15:26.528605Z,2026-08-06T03:15:26.529687Z,kubernetes-admin,eacp-k8s-eval/eacp-r01-cm013,operational_provenance,kubernetes-rbac-admission,get,200,kubernetes-audit://5fde3976-5b78-4e62-a483-1abcb49b38b7,k8s://eacp-k8s-eval/configmaps/eacp-r01-cm013,42d2d8b93a4842c115b23effcf1540e92e88b3f4256812751c87693369d888c5
kubernetes.audit,d03721b8-8b39-478f-91d8-5574e0e37b51:ResponseComplete,2026-08-06T03:15:26.530948Z,2026-08-06T03:15:26.532522Z,kubernetes-admin,eacp-k8s-eval/eacp-demo,operational_provenance,kubernetes-rbac-admission,patch,200,kubernetes-audit://d03721b8-8b39-478f-91d8-5574e0e37b51,eacp-round-01,fff83cf45c4c87fcac5219b3554a44026edebd4c52afa0d7eff8fe90ffc2eb67
kubernetes.audit,e50001c0-afd8-4698-924c-013d52e994f7:ResponseComplete,2026-08-06T03:15:26.568114Z,2026-08-06T03:15:26.569066Z,kubernetes-admin,eacp-k8s-eval/eacp-demo,operational_provenance,kubernetes-rbac-admission,get,200,kubernetes-audit://e50001c0-afd8-4698-924c-013d52e994f7,eacp-round-01,9d0407b3268fafabd8ba0dfa272ddbd69dbf5afc7b9ac3e356e800e1474ca889
kubernetes.audit,8b9f0a9d-102e-4159-a24a-c207c26276f8:ResponseComplete,2026-08-06T03:15:26.601650Z,2026-08-06T03:15:26.603643Z,kubernetes-admin,eacp-k8s-eval/eacp-r01-cm014,operational_provenance,kubernetes-rbac-admission,create,201,kubernetes-audit://8b9f0a9d-102e-4159-a24a-c207c26276f8,k8s://eacp-k8s-eval/configmaps/eacp-r01-cm014,137f683c38d7df9f1ce1acfac03d691a93b154b95d3b29025b9b3d9d19c4315b
kubernetes.audit,ede5dbbf-7204-4c6c-95a0-fc96ca681ade:ResponseComplete,2026-08-06T03:15:26.641360Z,2026-08-06T03:15:26.642088Z,kubernetes-admin,eacp-k8s-eval/eacp-r01-cm014,operational_provenance,kubernetes-rbac-admission,get,200,kubernetes-audit://ede5dbbf-7204-4c6c-95a0-fc96ca681ade,k8s://eacp-k8s-eval/configmaps/eacp-r01-cm014,6b563c707c5c6990472664adaab268573aa9b34413fd23644d18c3222eb5e73e
kubernetes.audit,6077602f-ea2e-470e-ae20-9a4760727c13:ResponseComplete,2026-08-06T03:15:26.642715Z,2026-08-06T03:15:26.644627Z,kubernetes-admin,eacp-k8s-eval/eacp-demo,operational_provenance,kubernetes-rbac-admission,patch,200,kubernetes-audit://6077602f-ea2e-470e-ae20-9a4760727c13,eacp-round-01,53d39c513b6ec9d9d58f863c69fecc1f94b8449fb0db9e10d7f14a07655e3b22
kubernetes.audit,d00df626-0f8a-4174-8261-8f49c00098ba:ResponseComplete,2026-08-06T03:15:26.677035Z,2026-08-06T03:15:26.677820Z,kubernetes-admin,eacp-k8s-eval/eacp-demo,operational_provenance,kubernetes-rbac-admission,get,200,kubernetes-audit://d00df626-0f8a-4174-8261-8f49c00098ba,eacp-round-01,f733449ee6867861477bc1fcfc7a9c385770ce1eb6e9bc7a6593eb6c2e4b62a3
kubernetes.audit,d171a947-5f50-40c3-88f9-2b714e54c1aa:ResponseComplete,2026-08-06T03:15:26.710154Z,2026-08-06T03:15:26.711486Z,kubernetes-admin,eacp-k8s-eval/eacp-r01-cm015,operational_provenance,kubernetes-rbac-admission,create,201,kubernetes-audit://d171a947-5f50-40c3-88f9-2b714e54c1aa,k8s://eacp-k8s-eval/configmaps/eacp-r01-cm015,b1333aa7fff4642cc1f4fcee111978d794fab4c32aa4d0dd69ecdfe28a4b7b2e
kubernetes.audit,095b104c-d1dc-433d-bcff-96f87746bbab:ResponseComplete,2026-08-06T03:15:26.745819Z,2026-08-06T03:15:26.746565Z,kubernetes-admin,eacp-k8s-eval/eacp-r01-cm015,operational_provenance,kubernetes-rbac-admission,get,200,kubernetes-audit://095b104c-d1dc-433d-bcff-96f87746bbab,k8s://eacp-k8s-eval/configmaps/eacp-r01-cm015,3fdd92142667c19cc60a15ffc79596749ec2111bbfe79504f6a341a04ef60190
kubernetes.audit,67f40158-7f16-4b17-9e45-2834ae3ad3c7:ResponseComplete,2026-08-06T03:15:26.747189Z,2026-08-06T03:15:26.748365Z,kubernetes-admin,eacp-k8s-eval/eacp-demo,operational_provenance,kubernetes-rbac-admission,patch,200,kubernetes-audit://67f40158-7f16-4b17-9e45-2834ae3ad3c7,eacp-round-01,692b198c3b1f1821c2eaa2a8fa649c637e53f5d6649aa4db7b9df9bbab0be58e
kubernetes.audit,3e388e35-b855-4fd6-b2ee-c40a259a583a:ResponseComplete,2026-08-06T03:15:26.780760Z,2026-08-06T03:15:26.781551Z,kubernetes-admin,eacp-k8s-eval/eacp-demo,operational_provenance,kubernetes-rbac-admission,get,200,kubernetes-audit://3e388e35-b855-4fd6-b2ee-c40a259a583a,eacp-round-01,8202314db9525d3dd3422f287cd92a1d12749d59c30076a27446876a96e2537c
kubernetes.audit,4474e775-606a-4834-8c55-9c69efb2f686:ResponseComplete,2026-08-06T03:15:26.815208Z,2026-08-06T03:15:26.816500Z,kubernetes-admin,eacp-k8s-eval/eacp-r01-cm016,operational_provenance,kubernetes-rbac-admission,create,201,kubernetes-audit://4474e775-606a-4834-8c55-9c69efb2f686,k8s://eacp-k8s-eval/configmaps/eacp-r01-cm016,51bda47507ab31d08e08f7652a47a9a85eb7a8f3c9bec47ae192c9e07e466323
kubernetes.audit,77703a94-8bb4-4df3-84a8-80329bf222a6:ResponseComplete,2026-08-06T03:15:26.851707Z,2026-08-06T03:15:26.853387Z,kubernetes-admin,eacp-k8s-eval/eacp-r01-cm016,operational_provenance,kubernetes-rbac-admission,get,200,kubernetes-audit://77703a94-8bb4-4df3-84a8-80329bf222a6,k8s://eacp-k8s-eval/configmaps/eacp-r01-cm016,3881a6194dfc258289681ae3e6e2d7e107be4356051760da11461858736048c6
kubernetes.audit,a93cc105-1384-4db3-80dc-fed6e9118fd3:ResponseComplete,2026-08-06T03:15:26.854466Z,2026-08-06T03:15:26.856751Z,kubernetes-admin,eacp-k8s-eval/eacp-demo,operational_provenance,kubernetes-rbac-admission,patch,200,kubernetes-audit://a93cc105-1384-4db3-80dc-fed6e9118fd3,eacp-round-01,185a2fde301cd563a58b1e9e534403b80953baf6513cf1dea3f025acf7fc7f6c
kubernetes.audit,ea3216aa-c47b-4bb2-a81c-6b1cfd93503a:ResponseComplete,2026-08-06T03:15:26.891537Z,2026-08-06T03:15:26.893346Z,kubernetes-admin,eacp-k8s-eval/eacp-demo,operational_provenance,kubernetes-rbac-admission,get,200,kubernetes-audit://ea3216aa-c47b-4bb2-a81c-6b1cfd93503a,eacp-round-01,5839d4aabddde2750f5a9e6d3be7f5d1f70099b9efa45e648711b0e141bd7032
kubernetes.audit,1a129fb7-858e-42b0-9593-ea691ea2bf9c:ResponseComplete,2026-08-06T03:15:26.931058Z,2026-08-06T03:15:26.933467Z,kubernetes-admin,eacp-k8s-eval/eacp-r01-cm017,operational_provenance,kubernetes-rbac-admission,create,201,kubernetes-audit://1a129fb7-858e-42b0-9593-ea691ea2bf9c,k8s://eacp-k8s-eval/configmaps/eacp-r01-cm017,d7e55b60e9b22a9c98826d788ec377fecd8339f94cc0ff4983687fd8d0a278f1
kubernetes.audit,7cffdfc3-d2ae-4009-accb-79952bf83361:ResponseComplete,2026-08-06T03:15:26.970669Z,2026-08-06T03:15:26.972568Z,kubernetes-admin,eacp-k8s-eval/eacp-r01-cm017,operational_provenance,kubernetes-rbac-admission,get,200,kubernetes-audit://7cffdfc3-d2ae-4009-accb-79952bf83361,k8s://eacp-k8s-eval/configmaps/eacp-r01-cm017,2b9ee950a3800a0f444a021fcc5cb298a2e0964de898c07cc7dcf99ed779c454
kubernetes.audit,8b23cdcb-c758-4803-bda7-6c25b6409cbc:ResponseComplete,2026-08-06T03:15:26.973924Z,2026-08-06T03:15:26.976682Z,kubernetes-admin,eacp-k8s-eval/eacp-demo,operational_provenance,kubernetes-rbac-admission,patch,200,kubernetes-audit://8b23cdcb-c758-4803-bda7-6c25b6409cbc,eacp-round-01,a6e106d621c6a370f6b639d1bf718e345e78c3e6b9c87898bd0d78b39cbee452
kubernetes.audit,e7cd47dc-4260-4436-a288-4bad52e5eee9:ResponseComplete,2026-08-06T03:15:27.013758Z,2026-08-06T03:15:27.015658Z,kubernetes-admin,eacp-k8s-eval/eacp-demo,operational_provenance,kubernetes-rbac-admission,get,200,kubernetes-audit://e7cd47dc-4260-4436-a288-4bad52e5eee9,eacp-round-01,6561be9563b4c9ee39c4a5335e73e53b838af3f7577d488f5bd0dc54112aa735
kubernetes.audit,7f431a7c-cdc9-4029-9138-45603513f067:ResponseComplete,2026-08-06T03:15:27.050548Z,2026-08-06T03:15:27.052871Z,kubernetes-admin,eacp-k8s-eval/eacp-r01-cm018,operational_provenance,kubernetes-rbac-admission,create,201,kubernetes-audit://7f431a7c-cdc9-4029-9138-45603513f067,k8s://eacp-k8s-eval/configmaps/eacp-r01-cm018,8ba09bfeee16667254c3bc5b1c08fe424af9bcf8dd51f774c9e0d78b47802cf2
kubernetes.audit,56364fed-8d9a-4b9f-abe4-1163a4ade1b2:ResponseComplete,2026-08-06T03:15:27.090412Z,2026-08-06T03:15:27.091139Z,kubernetes-admin,eacp-k8s-eval/eacp-r01-cm018,operational_provenance,kubernetes-rbac-admission,get,200,kubernetes-audit://56364fed-8d9a-4b9f-abe4-1163a4ade1b2,k8s://eacp-k8s-eval/configmaps/eacp-r01-cm018,7d4d3266b6adc87a84b72d9ae82929cada9b57fda844389f5877b9ad47d772fd
kubernetes.audit,f62d130f-0146-400c-8a7d-52712bb82f48:ResponseComplete,2026-08-06T03:15:27.091874Z,2026-08-06T03:15:27.153580Z,kubernetes-admin,eacp-k8s-eval/eacp-demo,operational_provenance,kubernetes-rbac-admission,patch,200,kubernetes-audit://f62d130f-0146-400c-8a7d-52712bb82f48,eacp-round-01,23439ce99beb2e70dad31dca34a610589a694c815a10d6ce366720e043efa92a
kubernetes.audit,5dccfbad-c14b-461e-9ace-9ab8ebe99e8f:ResponseComplete,2026-08-06T03:15:27.186882Z,2026-08-06T03:15:27.187765Z,kubernetes-admin,eacp-k8s-eval/eacp-demo,operational_provenance,kubernetes-rbac-admission,get,200,kubernetes-audit://5dccfbad-c14b-461e-9ace-9ab8ebe99e8f,eacp-round-01,24575ab5955062286b6f5e159475eed2bb75fe7abc1ae794f6dc6f050b59a647
kubernetes.audit,2b1081af-16bf-4fa8-a417-bddb08337458:ResponseComplete,2026-08-06T03:15:27.222206Z,2026-08-06T03:15:27.223822Z,kubernetes-admin,eacp-k8s-eval/eacp-r01-cm019,operational_provenance,kubernetes-rbac-admission,create,201,kubernetes-audit://2b1081af-16bf-4fa8-a417-bddb08337458,k8s://eacp-k8s-eval/configmaps/eacp-r01-cm019,041397b195ceaa9e7841151d58151b7568d6e57cc36be54d387f002aac111304
kubernetes.audit,7ff3a313-b138-43cd-a1f2-4be597120be4:ResponseComplete,2026-08-06T03:15:27.257724Z,2026-08-06T03:15:27.258505Z,kubernetes-admin,eacp-k8s-eval/eacp-r01-cm019,operational_provenance,kubernetes-rbac-admission,get,200,kubernetes-audit://7ff3a313-b138-43cd-a1f2-4be597120be4,k8s://eacp-k8s-eval/configmaps/eacp-r01-cm019,75f36e23100eb31b7275db771cd5615ec9567bf9a814742bbfb2620928234411
kubernetes.audit,86292262-6826-4e1a-95c6-e1352687e0b4:ResponseComplete,2026-08-06T03:15:27.259250Z,2026-08-06T03:15:27.260922Z,kubernetes-admin,eacp-k8s-eval/eacp-demo,operational_provenance,kubernetes-rbac-admission,patch,200,kubernetes-audit://86292262-6826-4e1a-95c6-e1352687e0b4,eacp-round-01,ad96ad2dfad9f571b5f9c466b65c90cd812666e9249507036f159de4f6ccc11a
kubernetes.audit,b1dea706-3c95-4bf6-885b-65a0055f3833:ResponseComplete,2026-08-06T03:15:27.300778Z,2026-08-06T03:15:27.303201Z,kubernetes-admin,eacp-k8s-eval/eacp-demo,operational_provenance,kubernetes-rbac-admission,get,200,kubernetes-audit://b1dea706-3c95-4bf6-885b-65a0055f3833,eacp-round-01,d20f19934ba4ce7a5412a16e28b7d1f0a66571e61321451b645e77880db8a024
kubernetes.audit,f0a5b28b-9647-411a-92e2-bcd7f13c779b:ResponseComplete,2026-08-06T03:15:27.337636Z,2026-08-06T03:15:27.340561Z,kubernetes-admin,eacp-k8s-eval/eacp-r01-cm020,operational_provenance,kubernetes-rbac-admission,create,201,kubernetes-audit://f0a5b28b-9647-411a-92e2-bcd7f13c779b,k8s://eacp-k8s-eval/configmaps/eacp-r01-cm020,10155ba23d943b768bdbe5e7f2b4b1eec9297f4efa4a6030a1fba0c86e489c83
kubernetes.audit,a8e2c377-8bf1-42c8-a58b-16b6712767b7:ResponseComplete,2026-08-06T03:15:27.374718Z,2026-08-06T03:15:27.375638Z,kubernetes-admin,eacp-k8s-eval/eacp-r01-cm020,operational_provenance,kubernetes-rbac-admission,get,200,kubernetes-audit://a8e2c377-8bf1-42c8-a58b-16b6712767b7,k8s://eacp-k8s-eval/configmaps/eacp-r01-cm020,028ff95cf1bcbdb279297fa174547f6d82102fd4fd67c4c8732f68e6fcb6a39f
kubernetes.audit,cfcabd08-225a-496c-9326-14e54cf129c3:ResponseComplete,2026-08-06T03:15:27.376321Z,2026-08-06T03:15:27.377629Z,kubernetes-admin,eacp-k8s-eval/eacp-demo,operational_provenance,kubernetes-rbac-admission,patch,200,kubernetes-audit://cfcabd08-225a-496c-9326-14e54cf129c3,eacp-round-01,b6a29f52cc585e657915f9155ede78a5dc255c2967ad84464db7f2c5d81a49c7
kubernetes.audit,28418fab-ca9b-4e45-88bb-5e2b9fc81fef:ResponseComplete,2026-08-06T03:15:27.410867Z,2026-08-06T03:15:27.411981Z,kubernetes-admin,eacp-k8s-eval/eacp-demo,operational_provenance,kubernetes-rbac-admission,get,200,kubernetes-audit://28418fab-ca9b-4e45-88bb-5e2b9fc81fef,eacp-round-01,7ed7ed156d5c8193803160b42317b254d39d2ba66d23e1ba8509e6ca312dc1f4
kubernetes.audit,be1c3029-1666-4df6-852e-30122e0586f9:ResponseComplete,2026-08-06T03:15:27.452255Z,2026-08-06T03:15:27.453902Z,kubernetes-admin,eacp-k8s-eval/configmaps,operational_provenance,kubernetes-rbac-admission,list,200,kubernetes-audit://be1c3029-1666-4df6-852e-30122e0586f9,k8s://eacp-k8s-eval/configmaps/configmaps,85e478863fa599358a45bd63ae59eba3b63461cc7d73553cbca6ae8c2cc01cc3
kubernetes.audit,06a529cd-ded9-4460-857c-00a36b7df095:ResponseComplete,2026-08-06T03:15:27.493158Z,2026-08-06T03:15:27.496887Z,kubernetes-admin,eacp-k8s-eval/configmaps,operational_provenance,kubernetes-rbac-admission,list,200,kubernetes-audit://06a529cd-ded9-4460-857c-00a36b7df095,k8s://eacp-k8s-eval/configmaps/configmaps,b617f638763250b5997bb578691c24c5b38f1d55550ff85c7949d5bd2014fd8d
kubernetes.audit,f2845ff2-a11c-4a28-97e3-990c60d23589:ResponseComplete,2026-08-06T03:15:27.612874Z,2026-08-06T03:15:27.618697Z,kubernetes-admin,eacp-k8s-eval/configmaps,operational_provenance,kubernetes-rbac-admission,list,200,kubernetes-audit://f2845ff2-a11c-4a28-97e3-990c60d23589,k8s://eacp-k8s-eval/configmaps/configmaps,534e5ecf48aede8a6c6f16616a89b6a335da3e0ec43790eaa556bec1e1cefe4e
kubernetes.audit,9df6ba17-791f-47da-9854-54d2fb03b2c3:ResponseComplete,2026-08-06T03:15:27.658772Z,2026-08-06T03:15:27.659939Z,kubernetes-admin,eacp-k8s-eval/configmaps,operational_provenance,kubernetes-rbac-admission,list,200,kubernetes-audit://9df6ba17-791f-47da-9854-54d2fb03b2c3,k8s://eacp-k8s-eval/configmaps/configmaps,3dfeb37da6a96d7b856af982da2a7070213c70b90086e9efbfe936c6fe3e2bc6
kubernetes.audit,2b868157-485b-4b58-b0a7-6c7eef37e34b:ResponseComplete,2026-08-06T03:15:27.695401Z,2026-08-06T03:15:27.696700Z,kubernetes-admin,eacp-k8s-eval/configmaps,operational_provenance,kubernetes-rbac-admission,list,200,kubernetes-audit://2b868157-485b-4b58-b0a7-6c7eef37e34b,k8s://eacp-k8s-eval/configmaps/configmaps,9535fc0e30f62c53e1db0517b28ed65d4598cfc6305341417ddc9fa3adfc7616
kubernetes.audit,db69793b-3616-48fc-9daf-4e3d4d1ae99f:ResponseComplete,2026-08-06T03:15:27.732006Z,2026-08-06T03:15:27.733287Z,kubernetes-admin,eacp-k8s-eval/configmaps,operational_provenance,kubernetes-rbac-admission,list,200,kubernetes-audit://db69793b-3616-48fc-9daf-4e3d4d1ae99f,k8s://eacp-k8s-eval/configmaps/configmaps,fac3b6eb10258180f62d1fc0f0b3aacf31c9ca126c0d30bfefd117199f7e6585
kubernetes.audit,ba9bf7cb-97ac-448a-ba28-254d7981e32c:ResponseComplete,2026-08-06T03:15:27.768310Z,2026-08-06T03:15:27.769332Z,kubernetes-admin,eacp-k8s-eval/configmaps,operational_provenance,kubernetes-rbac-admission,list,200,kubernetes-audit://ba9bf7cb-97ac-448a-ba28-254d7981e32c,k8s://eacp-k8s-eval/configmaps/configmaps,f2fe04b3c27802bfd0fb8e9851e38a44964fadfd9cc38dff889f119e122a86ac
kubernetes.audit,1ae07cfc-e16c-4c01-9a7a-10fa78591d33:ResponseComplete,2026-08-06T03:15:27.803932Z,2026-08-06T03:15:27.805274Z,kubernetes-admin,eacp-k8s-eval/configmaps,operational_provenance,kubernetes-rbac-admission,list,200,kubernetes-audit://1ae07cfc-e16c-4c01-9a7a-10fa78591d33,k8s://eacp-k8s-eval/configmaps/configmaps,d19e698781e9735b477341b95149f2f75233336ea23c3053f307ddcf67c88388
kubernetes.audit,76ec8458-8a2e-44e6-9ee8-10e82e90207f:ResponseComplete,2026-08-06T03:15:27.843632Z,2026-08-06T03:15:27.844780Z,kubernetes-admin,eacp-k8s-eval/configmaps,operational_provenance,kubernetes-rbac-admission,list,200,kubernetes-audit://76ec8458-8a2e-44e6-9ee8-10e82e90207f,k8s://eacp-k8s-eval/configmaps/configmaps,44aeb28958400dad35ef37fdc75a880df144d5a5af6a11c3eea9f2b27901f92e
kubernetes.audit,c2027dd0-0a29-4e5e-bb8f-d99b7ac86ee9:ResponseComplete,2026-08-06T03:15:27.883152Z,2026-08-06T03:15:27.885623Z,kubernetes-admin,eacp-k8s-eval/configmaps,operational_provenance,kubernetes-rbac-admission,list,200,kubernetes-audit://c2027dd0-0a29-4e5e-bb8f-d99b7ac86ee9,k8s://eacp-k8s-eval/configmaps/configmaps,07c5d0593d77a23d84cd2507115d5ebec520066425e2e1559c65766ea4193be5
kubernetes.audit,197b72e4-2702-4ee2-b520-72d434400e06:ResponseComplete,2026-08-06T03:15:27.926982Z,2026-08-06T03:15:27.927729Z,system:serviceaccount:eacp-k8s-eval:eacp-observer,eacp-k8s-eval/eacp-demo,operational_provenance,kubernetes-rbac-admission,get,403:Forbidden,kubernetes-audit://197b72e4-2702-4ee2-b520-72d434400e06,k8s://eacp-k8s-eval/deployments/eacp-demo,584ef6d6da975b2c95b903d743379a876bf908fd2e8e16e11969b0841b8bb15c
kubernetes.audit,34b564dd-c36f-4efb-a34f-b54b8a383c5e:ResponseComplete,2026-08-06T03:15:27.969805Z,2026-08-06T03:15:27.974737Z,kubernetes-admin,eacp-k8s-eval/eacp-r01-cm001,operational_provenance,kubernetes-rbac-admission,delete,200:Success,kubernetes-audit://34b564dd-c36f-4efb-a34f-b54b8a383c5e,k8s://eacp-k8s-eval/configmaps/eacp-r01-cm001,f082f7a61a6edded6dbe235a8589311c8d083094acc7d78cc75797452b06238f
kubernetes.audit,76c3eced-4cf4-4b3d-98f6-0399b992f4a4:ResponseComplete,2026-08-06T03:15:27.975735Z,2026-08-06T03:15:27.976459Z,kubernetes-admin,eacp-k8s-eval/eacp-r01-cm001,operational_provenance,kubernetes-rbac-admission,get,404:NotFound,kubernetes-audit://76c3eced-4cf4-4b3d-98f6-0399b992f4a4,k8s://eacp-k8s-eval/configmaps/eacp-r01-cm001,4a92c11e8577f2184ad240665a8852d356cdb1809dbb141d17ae066814e55d15
kubernetes.audit,05086d48-32e7-4ab0-84ed-13775a9904ab:ResponseComplete,2026-08-06T03:15:28.011445Z,2026-08-06T03:15:28.014342Z,kubernetes-admin,eacp-k8s-eval/eacp-r01-cm002,operational_provenance,kubernetes-rbac-admission,delete,200:Success,kubernetes-audit://05086d48-32e7-4ab0-84ed-13775a9904ab,k8s://eacp-k8s-eval/configmaps/eacp-r01-cm002,244f00d099048d1cb808bc265b658746acf521901080a39dc04c3b6d8c02dc3d
kubernetes.audit,b182413c-8477-4e37-990f-59075c3a4ec2:ResponseComplete,2026-08-06T03:15:28.015715Z,2026-08-06T03:15:28.016378Z,kubernetes-admin,eacp-k8s-eval/eacp-r01-cm002,operational_provenance,kubernetes-rbac-admission,get,404:NotFound,kubernetes-audit://b182413c-8477-4e37-990f-59075c3a4ec2,k8s://eacp-k8s-eval/configmaps/eacp-r01-cm002,77c2a8228ab9edf0f529d78bfa1cc919dc3cac9e5c95207cc4aac70e9c036876
kubernetes.audit,eb73cb95-0eab-4299-9242-2e94c61af3f2:ResponseComplete,2026-08-06T03:15:28.051704Z,2026-08-06T03:15:28.054396Z,kubernetes-admin,eacp-k8s-eval/eacp-r01-cm003,operational_provenance,kubernetes-rbac-admission,delete,200:Success,kubernetes-audit://eb73cb95-0eab-4299-9242-2e94c61af3f2,k8s://eacp-k8s-eval/configmaps/eacp-r01-cm003,d6927ad7387e69c265009e09b80d4b98afabd516802526631d6fa758a058f24d
kubernetes.audit,90b82571-f2bc-4551-9e79-7fe69ce39545:ResponseComplete,2026-08-06T03:15:28.055771Z,2026-08-06T03:15:28.057106Z,kubernetes-admin,eacp-k8s-eval/eacp-r01-cm003,operational_provenance,kubernetes-rbac-admission,get,404:NotFound,kubernetes-audit://90b82571-f2bc-4551-9e79-7fe69ce39545,k8s://eacp-k8s-eval/configmaps/eacp-r01-cm003,5bc24342165a02ba962d0c73ed78860d7b534d2a4cf270311c75596a29a824df
kubernetes.audit,56992497-7be2-4db9-979b-e3c86f48426a:ResponseComplete,2026-08-06T03:15:28.097151Z,2026-08-06T03:15:28.098648Z,kubernetes-admin,eacp-k8s-eval/eacp-r01-cm004,operational_provenance,kubernetes-rbac-admission,delete,200:Success,kubernetes-audit://56992497-7be2-4db9-979b-e3c86f48426a,k8s://eacp-k8s-eval/configmaps/eacp-r01-cm004,0b1a0469bb7ec34cdc7d413f7d389ebf47d064b9c52f54189ed0e3191922577a
kubernetes.audit,c24e7412-336e-44be-acdb-a7917967adb5:ResponseComplete,2026-08-06T03:15:28.099513Z,2026-08-06T03:15:28.100339Z,kubernetes-admin,eacp-k8s-eval/eacp-r01-cm004,operational_provenance,kubernetes-rbac-admission,get,404:NotFound,kubernetes-audit://c24e7412-336e-44be-acdb-a7917967adb5,k8s://eacp-k8s-eval/configmaps/eacp-r01-cm004,ed746e2dc309d443f17aed74b204f3d10ea7f33701808afd63d4b9c73436dba7
kubernetes.audit,b3256a30-c52e-4c61-bbe0-194f63cb355b:ResponseComplete,2026-08-06T03:15:28.138592Z,2026-08-06T03:15:28.140996Z,kubernetes-admin,eacp-k8s-eval/eacp-demo,operational_provenance,kubernetes-rbac-admission,get,200,kubernetes-audit://b3256a30-c52e-4c61-bbe0-194f63cb355b,eacp-round-01,7773d6d2f33bf76738393911f20b9e5f2c508d91dffb45e9b4408daf86fa2d8f
kubernetes.audit,0ed1d93d-b3de-43ae-afd2-394c228d2900:ResponseComplete,2026-08-06T03:15:28.142096Z,2026-08-06T03:15:28.145763Z,kubernetes-admin,eacp-k8s-eval/eacp-demo,operational_provenance,kubernetes-rbac-admission,patch,200,kubernetes-audit://0ed1d93d-b3de-43ae-afd2-394c228d2900,eacp-round-02,670e7b9aa9cb454135734d0fcc6d55d8c6d2a2cfa785315127250263b996eb7f
kubernetes.audit,c74e4ca8-85fd-4a41-8fa1-fc937a4fe776:ResponseComplete,2026-08-06T03:15:28.147230Z,2026-08-06T03:15:28.149452Z,system:serviceaccount:kube-system:deployment-controller,eacp-k8s-eval/eacp-demo,operational_provenance,kubernetes-rbac-admission,update,200,kubernetes-audit://c74e4ca8-85fd-4a41-8fa1-fc937a4fe776,eacp-round-02,1a56c6e06d78e36c5dcc04b172fed3c662b4c93326d17460680d125a1a590e80
kubernetes.audit,097dff08-0467-4da6-9496-5d38ce985e80:ResponseComplete,2026-08-06T03:15:28.150047Z,2026-08-06T03:15:28.151261Z,system:serviceaccount:kube-system:deployment-controller,eacp-k8s-eval/eacp-demo,operational_provenance,kubernetes-rbac-admission,update,409:Conflict,kubernetes-audit://097dff08-0467-4da6-9496-5d38ce985e80,eacp-round-02,d635f21902cde476e497315a231075063dfc56e0a3dfa443fca892a42344ff74
kubernetes.audit,00cc2649-0694-4fb8-b353-ff95895ccd10:ResponseComplete,2026-08-06T03:15:28.151895Z,2026-08-06T03:15:28.154326Z,system:serviceaccount:kube-system:deployment-controller,eacp-k8s-eval/eacp-demo,operational_provenance,kubernetes-rbac-admission,update,200,kubernetes-audit://00cc2649-0694-4fb8-b353-ff95895ccd10,k8s://eacp-k8s-eval/deployments/eacp-demo,60637ae1f9c49e105000f778dc678c5d90a77cbd8d3526b2b652b19b78ecfe3c
kubernetes.audit,75139a21-a01a-4062-bf62-0fd42c89aaba:ResponseComplete,2026-08-06T03:15:28.180923Z,2026-08-06T03:15:28.182153Z,kubernetes-admin,eacp-k8s-eval/eacp-r02-cm001,operational_provenance,kubernetes-rbac-admission,create,201,kubernetes-audit://75139a21-a01a-4062-bf62-0fd42c89aaba,k8s://eacp-k8s-eval/configmaps/eacp-r02-cm001,36b1402c47dac4ff443bc128bf7656fd0c084a26626dc40fbb41f04c3d85432e
kubernetes.audit,0ce81c6c-ee18-4994-b9d2-d61d75b9e0c9:ResponseComplete,2026-08-06T03:15:28.216960Z,2026-08-06T03:15:28.217875Z,kubernetes-admin,eacp-k8s-eval/eacp-r02-cm001,operational_provenance,kubernetes-rbac-admission,get,200,kubernetes-audit://0ce81c6c-ee18-4994-b9d2-d61d75b9e0c9,k8s://eacp-k8s-eval/configmaps/eacp-r02-cm001,9d0c4b22e0af42762812f8247be308a18636a13cf9aa6f3345e7790796ac0def
kubernetes.audit,6e6c18d2-0be9-497c-9aa7-7bf511ad8865:ResponseComplete,2026-08-06T03:15:28.218798Z,2026-08-06T03:15:28.220115Z,kubernetes-admin,eacp-k8s-eval/eacp-demo,operational_provenance,kubernetes-rbac-admission,patch,200,kubernetes-audit://6e6c18d2-0be9-497c-9aa7-7bf511ad8865,eacp-round-02,a16d909892d700be92294c4645e90d29690ff8c346e386ce47bed82b01aae907
kubernetes.audit,7b9b273a-3fed-4cb5-96d6-3c4f5479b3ae:ResponseComplete,2026-08-06T03:15:28.257338Z,2026-08-06T03:15:28.258843Z,kubernetes-admin,eacp-k8s-eval/eacp-demo,operational_provenance,kubernetes-rbac-admission,get,200,kubernetes-audit://7b9b273a-3fed-4cb5-96d6-3c4f5479b3ae,eacp-round-02,dcdb5b5affc2b5245cf27344adca86fb3abcc9dbe7bcf516656162526ede28c0
kubernetes.audit,226e8fe1-e0cf-4878-a45a-f576aabba899:ResponseComplete,2026-08-06T03:15:28.295977Z,2026-08-06T03:15:28.299490Z,kubernetes-admin,eacp-k8s-eval/eacp-r02-cm002,operational_provenance,kubernetes-rbac-admission,create,201,kubernetes-audit://226e8fe1-e0cf-4878-a45a-f576aabba899,k8s://eacp-k8s-eval/configmaps/eacp-r02-cm002,01d6403cb7c6a23917652b45f2e7886114bdb7c4e272dfda00edbc4dca6c456b
kubernetes.audit,5f1f84df-066b-4f78-a72c-4355fa206e4f:ResponseComplete,2026-08-06T03:15:28.337572Z,2026-08-06T03:15:28.339397Z,kubernetes-admin,eacp-k8s-eval/eacp-r02-cm002,operational_provenance,kubernetes-rbac-admission,get,200,kubernetes-audit://5f1f84df-066b-4f78-a72c-4355fa206e4f,k8s://eacp-k8s-eval/configmaps/eacp-r02-cm002,e480f7837f8e30b014ad0d53f0ba763b779a298d12a06f2e82f013e51cec8edb
kubernetes.audit,6ecd605c-87d8-4855-a0dc-03395d5415bd:ResponseComplete,2026-08-06T03:15:28.341788Z,2026-08-06T03:15:28.344689Z,kubernetes-admin,eacp-k8s-eval/eacp-demo,operational_provenance,kubernetes-rbac-admission,patch,200,kubernetes-audit://6ecd605c-87d8-4855-a0dc-03395d5415bd,eacp-round-02,94f571a5f3855819f1a870ea6180a2e38647b9ae508437a9c790a6fb95f27572
kubernetes.audit,69d937d2-ebff-4413-9f9b-73db48a40150:ResponseComplete,2026-08-06T03:15:28.382396Z,2026-08-06T03:15:28.384004Z,kubernetes-admin,eacp-k8s-eval/eacp-demo,operational_provenance,kubernetes-rbac-admission,get,200,kubernetes-audit://69d937d2-ebff-4413-9f9b-73db48a40150,eacp-round-02,21dfb0d1c41d56b0140787e1e3fe0e79691a7c625761d046d2b2e6ed7f419f04
kubernetes.audit,788dbd8c-f73c-4446-9222-51eaccc88e27:ResponseComplete,2026-08-06T03:15:28.419565Z,2026-08-06T03:15:28.421703Z,kubernetes-admin,eacp-k8s-eval/eacp-r02-cm003,operational_provenance,kubernetes-rbac-admission,create,201,kubernetes-audit://788dbd8c-f73c-4446-9222-51eaccc88e27,k8s://eacp-k8s-eval/configmaps/eacp-r02-cm003,0a41bb931a5344431d25af5df3e2177406bb6930c7c440c06ae7f6608a1a35b1
kubernetes.audit,673c309f-8bb9-458d-b8a9-60ad9bda1a5d:ResponseComplete,2026-08-06T03:15:28.460364Z,2026-08-06T03:15:28.461992Z,kubernetes-admin,eacp-k8s-eval/eacp-r02-cm003,operational_provenance,kubernetes-rbac-admission,get,200,kubernetes-audit://673c309f-8bb9-458d-b8a9-60ad9bda1a5d,k8s://eacp-k8s-eval/configmaps/eacp-r02-cm003,9aae3134ca789b4c7cdb94b661bf8ae9028972be594aea0b57052d2bfb7b7c5d
kubernetes.audit,11ca0993-949e-4088-8b41-65b49daffb43:ResponseComplete,2026-08-06T03:15:28.463200Z,2026-08-06T03:15:28.465764Z,kubernetes-admin,eacp-k8s-eval/eacp-demo,operational_provenance,kubernetes-rbac-admission,patch,200,kubernetes-audit://11ca0993-949e-4088-8b41-65b49daffb43,eacp-round-02,9b9f5a383c2a8695974e4afb5f99313b88a29e6052424fae7ba4a5aa501699d4
kubernetes.audit,80aa456e-5a86-47e9-b6bb-73bc7fe56631:ResponseComplete,2026-08-06T03:15:28.502169Z,2026-08-06T03:15:28.509384Z,kubernetes-admin,eacp-k8s-eval/eacp-demo,operational_provenance,kubernetes-rbac-admission,get,200,kubernetes-audit://80aa456e-5a86-47e9-b6bb-73bc7fe56631,eacp-round-02,77c5be7444820ab70fc42f252fd860616147358211508b7ac6c9559873efb759
kubernetes.audit,ad594ebb-9892-4c2f-908d-a40ff1456e22:ResponseComplete,2026-08-06T03:15:28.551074Z,2026-08-06T03:15:28.552580Z,kubernetes-admin,eacp-k8s-eval/eacp-r02-cm004,operational_provenance,kubernetes-rbac-admission,create,201,kubernetes-audit://ad594ebb-9892-4c2f-908d-a40ff1456e22,k8s://eacp-k8s-eval/configmaps/eacp-r02-cm004,8c30a84f8d9e3e44cd161597343d0169ebcc3d36954bde405f6a7877ff57dc63
kubernetes.audit,38ea63d7-0a61-4191-afd0-df10a023390f:ResponseComplete,2026-08-06T03:15:28.584859Z,2026-08-06T03:15:28.585697Z,kubernetes-admin,eacp-k8s-eval/eacp-r02-cm004,operational_provenance,kubernetes-rbac-admission,get,200,kubernetes-audit://38ea63d7-0a61-4191-afd0-df10a023390f,k8s://eacp-k8s-eval/configmaps/eacp-r02-cm004,73eab4d2073c50a6d9bdbbfeace8f12ae4dbb51d27a5ae074a8846c6f4d6ba88
kubernetes.audit,3ae1cc12-e717-466e-b189-7ca117aad77f:ResponseComplete,2026-08-06T03:15:28.586337Z,2026-08-06T03:15:28.587550Z,kubernetes-admin,eacp-k8s-eval/eacp-demo,operational_provenance,kubernetes-rbac-admission,patch,200,kubernetes-audit://3ae1cc12-e717-466e-b189-7ca117aad77f,eacp-round-02,ea9035c14c00cee4e58830e5336fda50b5f450a8fd4897404358a461c5d62726
kubernetes.audit,44170663-b47c-491b-8f23-b5ec0f8f664e:ResponseComplete,2026-08-06T03:15:28.623707Z,2026-08-06T03:15:28.624602Z,kubernetes-admin,eacp-k8s-eval/eacp-demo,operational_provenance,kubernetes-rbac-admission,get,200,kubernetes-audit://44170663-b47c-491b-8f23-b5ec0f8f664e,eacp-round-02,fcba72c821ee4b7b563b410d8eb9eddc1b94820dbe13e63667edf4d9c45fdb4c
kubernetes.audit,c8be3bf9-fcd9-4944-a1bb-6ca44ed941da:ResponseComplete,2026-08-06T03:15:28.657265Z,2026-08-06T03:15:28.658664Z,kubernetes-admin,eacp-k8s-eval/eacp-r02-cm005,operational_provenance,kubernetes-rbac-admission,create,201,kubernetes-audit://c8be3bf9-fcd9-4944-a1bb-6ca44ed941da,k8s://eacp-k8s-eval/configmaps/eacp-r02-cm005,dd464f47cb7d649f88b1402f5ce21354e2653244ae7987ec8e3d730afc177d97
kubernetes.audit,7f208f6d-f620-4026-ba51-33e66bd057ed:ResponseComplete,2026-08-06T03:15:28.695808Z,2026-08-06T03:15:28.697215Z,kubernetes-admin,eacp-k8s-eval/eacp-r02-cm005,operational_provenance,kubernetes-rbac-admission,get,200,kubernetes-audit://7f208f6d-f620-4026-ba51-33e66bd057ed,k8s://eacp-k8s-eval/configmaps/eacp-r02-cm005,800bd268a389ebb548f7bad27599049dc02a864550b441cc7589c3462daede0f
kubernetes.audit,0a61a887-37b8-42e6-bc7c-7f98c7fd91f5:ResponseComplete,2026-08-06T03:15:28.698084Z,2026-08-06T03:15:28.699371Z,kubernetes-admin,eacp-k8s-eval/eacp-demo,operational_provenance,kubernetes-rbac-admission,patch,200,kubernetes-audit://0a61a887-37b8-42e6-bc7c-7f98c7fd91f5,eacp-round-02,aacd5684b1720c266e29253ab7f293b9d8327e511851503c76c9076321b93a5f
kubernetes.audit,89bf56bf-5c0e-48ce-8803-171c90e66fd1:ResponseComplete,2026-08-06T03:15:28.737753Z,2026-08-06T03:15:28.739201Z,kubernetes-admin,eacp-k8s-eval/eacp-demo,operational_provenance,kubernetes-rbac-admission,get,200,kubernetes-audit://89bf56bf-5c0e-48ce-8803-171c90e66fd1,eacp-round-02,726b945b92e05b4152055d87ff77239ec3fb0e77f4761f5776c52c314b586d28
kubernetes.audit,865fb6e4-0e34-400b-baf1-0ef1b6f03b10:ResponseComplete,2026-08-06T03:15:28.815043Z,2026-08-06T03:15:28.816396Z,kubernetes-admin,eacp-k8s-eval/eacp-r02-cm006,operational_provenance,kubernetes-rbac-admission,create,201,kubernetes-audit://865fb6e4-0e34-400b-baf1-0ef1b6f03b10,k8s://eacp-k8s-eval/configmaps/eacp-r02-cm006,97278907891ca9a7ef5c59a1dca8ed8f86e5d7f81af58928192752bbb26bf558
kubernetes.audit,4a8adebd-ed1d-46b6-ac43-d74b4fe266c5:ResponseComplete,2026-08-06T03:15:28.851627Z,2026-08-06T03:15:28.852452Z,kubernetes-admin,eacp-k8s-eval/eacp-r02-cm006,operational_provenance,kubernetes-rbac-admission,get,200,kubernetes-audit://4a8adebd-ed1d-46b6-ac43-d74b4fe266c5,k8s://eacp-k8s-eval/configmaps/eacp-r02-cm006,d465155cea08fd1940f27278a575812c151e8124c1cb454f6aa42dc626687fcb
kubernetes.audit,e6b573a3-af2d-4ec3-8b5e-a367ca096f0b:ResponseComplete,2026-08-06T03:15:28.853181Z,2026-08-06T03:15:28.854590Z,kubernetes-admin,eacp-k8s-eval/eacp-demo,operational_provenance,kubernetes-rbac-admission,patch,200,kubernetes-audit://e6b573a3-af2d-4ec3-8b5e-a367ca096f0b,eacp-round-02,3bc6b25a78c2e361c750658db4a9c0f77ec8f4cfb9862f960301f622fed4076d
kubernetes.audit,0f673535-c153-4486-ad66-9a3adf857a47:ResponseComplete,2026-08-06T03:15:28.894032Z,2026-08-06T03:15:28.894842Z,kubernetes-admin,eacp-k8s-eval/eacp-demo,operational_provenance,kubernetes-rbac-admission,get,200,kubernetes-audit://0f673535-c153-4486-ad66-9a3adf857a47,eacp-round-02,c04ba5c7a3185e539ecf1a3a2a161e4d9fbcad9121cd122d64551570e39f83be
kubernetes.audit,f0f8d3d4-2d73-444d-b348-09c7c7d983dc:ResponseComplete,2026-08-06T03:15:28.926164Z,2026-08-06T03:15:28.927757Z,kubernetes-admin,eacp-k8s-eval/eacp-r02-cm007,operational_provenance,kubernetes-rbac-admission,create,201,kubernetes-audit://f0f8d3d4-2d73-444d-b348-09c7c7d983dc,k8s://eacp-k8s-eval/configmaps/eacp-r02-cm007,ca819c4da1aed2bfe2fb45679a6dca8a54b8a73b60a1f59e0ac0c218ef423851
kubernetes.audit,c443c3fe-2b04-40d5-8209-32bb7e7f5f01:ResponseComplete,2026-08-06T03:15:28.966985Z,2026-08-06T03:15:28.968209Z,kubernetes-admin,eacp-k8s-eval/eacp-r02-cm007,operational_provenance,kubernetes-rbac-admission,get,200,kubernetes-audit://c443c3fe-2b04-40d5-8209-32bb7e7f5f01,k8s://eacp-k8s-eval/configmaps/eacp-r02-cm007,3e88278a37bea389818fa826cd079409b4b0c64f455b861d9cf7503ddd139609
kubernetes.audit,92b78a17-7d77-49c4-ab88-5d6c57ffda08:ResponseComplete,2026-08-06T03:15:28.969575Z,2026-08-06T03:15:28.970946Z,kubernetes-admin,eacp-k8s-eval/eacp-demo,operational_provenance,kubernetes-rbac-admission,patch,200,kubernetes-audit://92b78a17-7d77-49c4-ab88-5d6c57ffda08,eacp-round-02,d592ec26a6da1ce4603acb6cc7dee48943587e3987aa96d01a91dfe8815663ee
kubernetes.audit,3e22635e-3f00-4ad3-88aa-48fe1bd268e8:ResponseComplete,2026-08-06T03:15:29.006902Z,2026-08-06T03:15:29.008960Z,kubernetes-admin,eacp-k8s-eval/eacp-demo,operational_provenance,kubernetes-rbac-admission,get,200,kubernetes-audit://3e22635e-3f00-4ad3-88aa-48fe1bd268e8,eacp-round-02,3e21eb3fd4835a3289cdcaba5cba27fba2e03b1c39ff8af6a6da3ea46cd99c24
kubernetes.audit,05f85f03-9110-4ebc-8cec-a7e805f0abe0:ResponseComplete,2026-08-06T03:15:29.043131Z,2026-08-06T03:15:29.046574Z,kubernetes-admin,eacp-k8s-eval/eacp-r02-cm008,operational_provenance,kubernetes-rbac-admission,create,201,kubernetes-audit://05f85f03-9110-4ebc-8cec-a7e805f0abe0,k8s://eacp-k8s-eval/configmaps/eacp-r02-cm008,18634f2c1c75c1df9d2b54c02671fe31a211eaf1be0f31774084e6eb98f3eefb
kubernetes.audit,f0f7e329-df3b-465e-9138-2a279d3d804c:ResponseComplete,2026-08-06T03:15:29.082472Z,2026-08-06T03:15:29.084220Z,kubernetes-admin,eacp-k8s-eval/eacp-r02-cm008,operational_provenance,kubernetes-rbac-admission,get,200,kubernetes-audit://f0f7e329-df3b-465e-9138-2a279d3d804c,k8s://eacp-k8s-eval/configmaps/eacp-r02-cm008,af9767175a8283cc78bf8a8740f523598af714d78228415985e23ff78704d303
kubernetes.audit,33c42c5c-9ff3-4ceb-9865-52710ddb49ac:ResponseComplete,2026-08-06T03:15:29.085451Z,2026-08-06T03:15:29.087699Z,kubernetes-admin,eacp-k8s-eval/eacp-demo,operational_provenance,kubernetes-rbac-admission,patch,200,kubernetes-audit://33c42c5c-9ff3-4ceb-9865-52710ddb49ac,eacp-round-02,be9221fb4733c3ff182cdf4676f3049bc72367ab6b119321563d88095b2ade4a
kubernetes.audit,ac7fcb7b-8889-405d-bb0f-140025c6fcdf:ResponseComplete,2026-08-06T03:15:29.122707Z,2026-08-06T03:15:29.124350Z,kubernetes-admin,eacp-k8s-eval/eacp-demo,operational_provenance,kubernetes-rbac-admission,get,200,kubernetes-audit://ac7fcb7b-8889-405d-bb0f-140025c6fcdf,eacp-round-02,a30c3e9677302227e68f5d08b4f26ad54ce7c978a81cc41ae5d49045e1ac2bff
kubernetes.audit,063d0505-ecc5-4632-9737-b4a0e19d298a:ResponseComplete,2026-08-06T03:15:29.160023Z,2026-08-06T03:15:29.162935Z,kubernetes-admin,eacp-k8s-eval/eacp-r02-cm009,operational_provenance,kubernetes-rbac-admission,create,201,kubernetes-audit://063d0505-ecc5-4632-9737-b4a0e19d298a,k8s://eacp-k8s-eval/configmaps/eacp-r02-cm009,fc5d3a7d8d0b104675913a58f18097cff48833419dbe396cafe6c646dfc5b3e8
kubernetes.audit,80c52030-f5b4-404a-8cc9-43ffbf2c1a87:ResponseComplete,2026-08-06T03:15:29.199186Z,2026-08-06T03:15:29.200985Z,kubernetes-admin,eacp-k8s-eval/eacp-r02-cm009,operational_provenance,kubernetes-rbac-admission,get,200,kubernetes-audit://80c52030-f5b4-404a-8cc9-43ffbf2c1a87,k8s://eacp-k8s-eval/configmaps/eacp-r02-cm009,5c1dfc6f7868317560255e7d80dc6f8872c779ee336fb91bd8e2f46233a66fc9
kubernetes.audit,3f72bdb9-56ad-4f16-b7e1-489fa5589d9c:ResponseComplete,2026-08-06T03:15:29.202617Z,2026-08-06T03:15:29.205120Z,kubernetes-admin,eacp-k8s-eval/eacp-demo,operational_provenance,kubernetes-rbac-admission,patch,200,kubernetes-audit://3f72bdb9-56ad-4f16-b7e1-489fa5589d9c,eacp-round-02,c880dee88e12e90526899225e9a500ccd47cba0c34d0a4d990ae6f795970d799
kubernetes.audit,b7275d46-9b5f-4458-a920-fb19fe2951d4:ResponseComplete,2026-08-06T03:15:29.240077Z,2026-08-06T03:15:29.240858Z,kubernetes-admin,eacp-k8s-eval/eacp-demo,operational_provenance,kubernetes-rbac-admission,get,200,kubernetes-audit://b7275d46-9b5f-4458-a920-fb19fe2951d4,eacp-round-02,7205a1de5758218d868c29f728f17c46a6c7a9135a20f0bc65a387e6e17ca4be
kubernetes.audit,7dc4cf3a-53e5-490d-b2b5-c77f06b839d2:ResponseComplete,2026-08-06T03:15:29.275571Z,2026-08-06T03:15:29.278044Z,kubernetes-admin,eacp-k8s-eval/eacp-r02-cm010,operational_provenance,kubernetes-rbac-admission,create,201,kubernetes-audit://7dc4cf3a-53e5-490d-b2b5-c77f06b839d2,k8s://eacp-k8s-eval/configmaps/eacp-r02-cm010,cc418a43fdd94835a042cf448cec4b9dc6f2941bcb6d864c49e6211f0feb4820
kubernetes.audit,29e7b5cb-71da-467f-810d-54971c3c98a9:ResponseComplete,2026-08-06T03:15:29.314136Z,2026-08-06T03:15:29.315993Z,kubernetes-admin,eacp-k8s-eval/eacp-r02-cm010,operational_provenance,kubernetes-rbac-admission,get,200,kubernetes-audit://29e7b5cb-71da-467f-810d-54971c3c98a9,k8s://eacp-k8s-eval/configmaps/eacp-r02-cm010,fca179484a434fd172b33553bba1051c1edabcd78741082e5610afa9cc6de671
kubernetes.audit,b5afe57e-a8fc-4e1f-b27c-e12e0a60012d:ResponseComplete,2026-08-06T03:15:29.318048Z,2026-08-06T03:15:29.320867Z,kubernetes-admin,eacp-k8s-eval/eacp-demo,operational_provenance,kubernetes-rbac-admission,patch,200,kubernetes-audit://b5afe57e-a8fc-4e1f-b27c-e12e0a60012d,eacp-round-02,e5307ed1d81943b8fe7231601c0888a4195290d0e4547e86cec53779fee3e4c1
kubernetes.audit,0de5e9a4-6b1b-4a80-8b13-87d857cabb90:ResponseComplete,2026-08-06T03:15:29.356499Z,2026-08-06T03:15:29.357954Z,kubernetes-admin,eacp-k8s-eval/eacp-demo,operational_provenance,kubernetes-rbac-admission,get,200,kubernetes-audit://0de5e9a4-6b1b-4a80-8b13-87d857cabb90,eacp-round-02,d3c9c55d2963225f31ee4ccee0c16c71d567e77300e8edc71e1f552406715403
kubernetes.audit,9a6c7965-92ef-45ee-bcb3-9d4492d1de1e:ResponseComplete,2026-08-06T03:15:29.394565Z,2026-08-06T03:15:29.398315Z,kubernetes-admin,eacp-k8s-eval/eacp-r02-cm011,operational_provenance,kubernetes-rbac-admission,create,201,kubernetes-audit://9a6c7965-92ef-45ee-bcb3-9d4492d1de1e,k8s://eacp-k8s-eval/configmaps/eacp-r02-cm011,87c54a892c43cac8bbeb29c4cbf33af147cc796c646305fc025fdd7e77492751
kubernetes.audit,8ee3be70-28f6-4c2d-bc3e-a25969916ca2:ResponseComplete,2026-08-06T03:15:29.439720Z,2026-08-06T03:15:29.441424Z,kubernetes-admin,eacp-k8s-eval/eacp-r02-cm011,operational_provenance,kubernetes-rbac-admission,get,200,kubernetes-audit://8ee3be70-28f6-4c2d-bc3e-a25969916ca2,k8s://eacp-k8s-eval/configmaps/eacp-r02-cm011,5b3654fd48eedadaa58f109daa4f5804331065185406a06f43f29521f4ad6d6c
kubernetes.audit,4cbed64d-3248-412a-9eb6-5eceabab61cc:ResponseComplete,2026-08-06T03:15:29.442366Z,2026-08-06T03:15:29.443681Z,kubernetes-admin,eacp-k8s-eval/eacp-demo,operational_provenance,kubernetes-rbac-admission,patch,200,kubernetes-audit://4cbed64d-3248-412a-9eb6-5eceabab61cc,eacp-round-02,7da0d905fbafc8cb31a6cec67c9ca009298ba0d495431ac5533e1e9a72930498
kubernetes.audit,46f05941-bcfa-4a5e-a60f-ce4186fae7e4:ResponseComplete,2026-08-06T03:15:29.480793Z,2026-08-06T03:15:29.482536Z,kubernetes-admin,eacp-k8s-eval/eacp-demo,operational_provenance,kubernetes-rbac-admission,get,200,kubernetes-audit://46f05941-bcfa-4a5e-a60f-ce4186fae7e4,eacp-round-02,0e7477b429516a824cdfc8e1759416ec453bd10484173751e06bc78ad22a87bc
kubernetes.audit,0e2bc100-5f36-4d94-abb4-d606702761f8:ResponseComplete,2026-08-06T03:15:29.521284Z,2026-08-06T03:15:29.524300Z,kubernetes-admin,eacp-k8s-eval/eacp-r02-cm012,operational_provenance,kubernetes-rbac-admission,create,201,kubernetes-audit://0e2bc100-5f36-4d94-abb4-d606702761f8,k8s://eacp-k8s-eval/configmaps/eacp-r02-cm012,8324423268b28c193199dd68e415d5a7cf64e5a0c9f14ca36d46d3f5d5dd68e8
kubernetes.audit,81bdd18d-6624-4215-9203-f70058e08114:ResponseComplete,2026-08-06T03:15:29.563626Z,2026-08-06T03:15:29.564466Z,kubernetes-admin,eacp-k8s-eval/eacp-r02-cm012,operational_provenance,kubernetes-rbac-admission,get,200,kubernetes-audit://81bdd18d-6624-4215-9203-f70058e08114,k8s://eacp-k8s-eval/configmaps/eacp-r02-cm012,c41354971a0c406ac10f130ee8e9f4d3c2f5d2222045b09672716344137e7eb8
kubernetes.audit,d1c8a60d-31a4-43ce-9d32-9b5838a35bc9:ResponseComplete,2026-08-06T03:15:29.565212Z,2026-08-06T03:15:29.566637Z,kubernetes-admin,eacp-k8s-eval/eacp-demo,operational_provenance,kubernetes-rbac-admission,patch,200,kubernetes-audit://d1c8a60d-31a4-43ce-9d32-9b5838a35bc9,eacp-round-02,a5133117270409a8107d4cd1208f24704d7126b3573c6085eda4e00b02feec38
kubernetes.audit,168b7f2e-b5eb-41b3-8e45-703355497240:ResponseComplete,2026-08-06T03:15:29.602835Z,2026-08-06T03:15:29.604405Z,kubernetes-admin,eacp-k8s-eval/eacp-demo,operational_provenance,kubernetes-rbac-admission,get,200,kubernetes-audit://168b7f2e-b5eb-41b3-8e45-703355497240,eacp-round-02,6a4a7156f52f68f31c36d845c54eaaf7e498feba3b106ccb748967d3e03e8386
kubernetes.audit,af6a80c7-c1ba-43f2-b9f2-bba279d5acd6:ResponseComplete,2026-08-06T03:15:29.638315Z,2026-08-06T03:15:29.639742Z,kubernetes-admin,eacp-k8s-eval/eacp-r02-cm013,operational_provenance,kubernetes-rbac-admission,create,201,kubernetes-audit://af6a80c7-c1ba-43f2-b9f2-bba279d5acd6,k8s://eacp-k8s-eval/configmaps/eacp-r02-cm013,9f6201ca535c7297c6503d1a750b87950f2a923d3f3b2de082d6392769805bfe
kubernetes.audit,d93b1b88-bc60-488c-a0af-0d0214fc468e:ResponseComplete,2026-08-06T03:15:29.677093Z,2026-08-06T03:15:29.678544Z,kubernetes-admin,eacp-k8s-eval/eacp-r02-cm013,operational_provenance,kubernetes-rbac-admission,get,200,kubernetes-audit://d93b1b88-bc60-488c-a0af-0d0214fc468e,k8s://eacp-k8s-eval/configmaps/eacp-r02-cm013,fc3a946b660db6532f47bac74ba95f0a4f68fe548edd9cf9b5ee1b6dc8f4811f
kubernetes.audit,181cf06f-caa9-4395-9900-ee24166e507e:ResponseComplete,2026-08-06T03:15:29.679707Z,2026-08-06T03:15:29.681311Z,kubernetes-admin,eacp-k8s-eval/eacp-demo,operational_provenance,kubernetes-rbac-admission,patch,200,kubernetes-audit://181cf06f-caa9-4395-9900-ee24166e507e,eacp-round-02,58180b34d513668ae2985a00bb684ea3742a69661d9177820ecf172740df3c35
kubernetes.audit,3edb61a2-d2fa-4cf4-aa9f-2b6c2425b8b2:ResponseComplete,2026-08-06T03:15:29.717998Z,2026-08-06T03:15:29.719804Z,kubernetes-admin,eacp-k8s-eval/eacp-demo,operational_provenance,kubernetes-rbac-admission,get,200,kubernetes-audit://3edb61a2-d2fa-4cf4-aa9f-2b6c2425b8b2,eacp-round-02,c4d62857154ac0272925da46aeca257f3785f21a5f6ba4197121dee6816b6cfb
kubernetes.audit,7786ddc8-d258-48ef-8bb2-321c7749d7a8:ResponseComplete,2026-08-06T03:15:29.754616Z,2026-08-06T03:15:29.759832Z,kubernetes-admin,eacp-k8s-eval/eacp-r02-cm014,operational_provenance,kubernetes-rbac-admission,create,201,kubernetes-audit://7786ddc8-d258-48ef-8bb2-321c7749d7a8,k8s://eacp-k8s-eval/configmaps/eacp-r02-cm014,190ce0f441b175f6b28283f92d080cdd9a3b638066315d30b6baafcf4b9231e2
kubernetes.audit,aa51f3ec-6d50-4fe4-bb0a-ed5b7d613c38:ResponseComplete,2026-08-06T03:15:29.799690Z,2026-08-06T03:15:29.801175Z,kubernetes-admin,eacp-k8s-eval/eacp-r02-cm014,operational_provenance,kubernetes-rbac-admission,get,200,kubernetes-audit://aa51f3ec-6d50-4fe4-bb0a-ed5b7d613c38,k8s://eacp-k8s-eval/configmaps/eacp-r02-cm014,846145d36d20dbc5ada3ba228aaef896ae6082d77173326d6c89a3d5e3682255
kubernetes.audit,3fa817c2-e5f2-4311-ab3f-d9cb73069a5b:ResponseComplete,2026-08-06T03:15:29.802132Z,2026-08-06T03:15:29.803538Z,kubernetes-admin,eacp-k8s-eval/eacp-demo,operational_provenance,kubernetes-rbac-admission,patch,200,kubernetes-audit://3fa817c2-e5f2-4311-ab3f-d9cb73069a5b,eacp-round-02,9383a2e13af49902a4d50b8fd5e46d960d79541d0fd83472e9e3aa13ecbad172
kubernetes.audit,0dcfe9ba-d332-4963-acde-8da3ab9ca62b:ResponseComplete,2026-08-06T03:15:29.840471Z,2026-08-06T03:15:29.842124Z,kubernetes-admin,eacp-k8s-eval/eacp-demo,operational_provenance,kubernetes-rbac-admission,get,200,kubernetes-audit://0dcfe9ba-d332-4963-acde-8da3ab9ca62b,eacp-round-02,dd61e38d4c3eceb5dacf3af2d8757dedb7d9489eebce91230e8fdf808929b449
kubernetes.audit,92666a0d-98e6-4d39-b8a6-f713bd01401a:ResponseComplete,2026-08-06T03:15:29.879219Z,2026-08-06T03:15:29.881665Z,kubernetes-admin,eacp-k8s-eval/eacp-r02-cm015,operational_provenance,kubernetes-rbac-admission,create,201,kubernetes-audit://92666a0d-98e6-4d39-b8a6-f713bd01401a,k8s://eacp-k8s-eval/configmaps/eacp-r02-cm015,9f559fa586fa54fbcac8b3f5ac5f970ee191b476c9cf1bfbdfd059c8179e13a6
kubernetes.audit,e65593c0-f319-49d6-bc17-3f707cdc8a99:ResponseComplete,2026-08-06T03:15:29.918732Z,2026-08-06T03:15:29.920141Z,kubernetes-admin,eacp-k8s-eval/eacp-r02-cm015,operational_provenance,kubernetes-rbac-admission,get,200,kubernetes-audit://e65593c0-f319-49d6-bc17-3f707cdc8a99,k8s://eacp-k8s-eval/configmaps/eacp-r02-cm015,467f750920e1fe335417ef5853f17afb1eec4dd00291be0004bc02011233e69e
kubernetes.audit,8fbfcc93-19c0-40a5-89e8-a973a78e6390:ResponseComplete,2026-08-06T03:15:29.921324Z,2026-08-06T03:15:29.923886Z,kubernetes-admin,eacp-k8s-eval/eacp-demo,operational_provenance,kubernetes-rbac-admission,patch,200,kubernetes-audit://8fbfcc93-19c0-40a5-89e8-a973a78e6390,eacp-round-02,43522313cf9bf25a062c0a6420f16075aa1fafe91cfa2105d504db55b8adbfa4
kubernetes.audit,7d2cd36b-eef7-4ef5-8ff2-6c3c27a7eb69:ResponseComplete,2026-08-06T03:15:29.961121Z,2026-08-06T03:15:29.962635Z,kubernetes-admin,eacp-k8s-eval/eacp-demo,operational_provenance,kubernetes-rbac-admission,get,200,kubernetes-audit://7d2cd36b-eef7-4ef5-8ff2-6c3c27a7eb69,eacp-round-02,183eb853f75f3bcafff2ca711304fef56f5a4c59cfaa922d8f0b65978dc80428
kubernetes.audit,2e4129c4-26bc-49e8-a25c-de6d0f44b01a:ResponseComplete,2026-08-06T03:15:29.997855Z,2026-08-06T03:15:30.000056Z,kubernetes-admin,eacp-k8s-eval/eacp-r02-cm016,operational_provenance,kubernetes-rbac-admission,create,201,kubernetes-audit://2e4129c4-26bc-49e8-a25c-de6d0f44b01a,k8s://eacp-k8s-eval/configmaps/eacp-r02-cm016,ea466541e0d49c91cbb85dd9e45ba4dda30bc06b43545ed008b1ce23ebe669cd
kubernetes.audit,3daf062c-cd37-499e-a15b-68c6d5fd00d9:ResponseComplete,2026-08-06T03:15:30.037277Z,2026-08-06T03:15:30.038846Z,kubernetes-admin,eacp-k8s-eval/eacp-r02-cm016,operational_provenance,kubernetes-rbac-admission,get,200,kubernetes-audit://3daf062c-cd37-499e-a15b-68c6d5fd00d9,k8s://eacp-k8s-eval/configmaps/eacp-r02-cm016,bba8dfcfff8b82a584c216adc8b7b024bcde9d5ceac3f9957cdb1a98012f75ae
kubernetes.audit,a527a142-a2fb-493d-ac22-4b08ec750b1e:ResponseComplete,2026-08-06T03:15:30.039959Z,2026-08-06T03:15:30.042344Z,kubernetes-admin,eacp-k8s-eval/eacp-demo,operational_provenance,kubernetes-rbac-admission,patch,200,kubernetes-audit://a527a142-a2fb-493d-ac22-4b08ec750b1e,eacp-round-02,fcb481f9c757434ee336a491ecc4d6c404b194e2bf4253f9608944bb2f5b5a6c
kubernetes.audit,7ccb8786-a631-44d1-9b05-6a5c2171264d:ResponseComplete,2026-08-06T03:15:30.079390Z,2026-08-06T03:15:30.080974Z,kubernetes-admin,eacp-k8s-eval/eacp-demo,operational_provenance,kubernetes-rbac-admission,get,200,kubernetes-audit://7ccb8786-a631-44d1-9b05-6a5c2171264d,eacp-round-02,a169501fa87f18f20d2122035e9bd7ed7f94dc0818b004b49e7feff6741f51af
kubernetes.audit,0a2997d1-27e9-4df4-b394-a4580b205cd4:ResponseComplete,2026-08-06T03:15:30.118624Z,2026-08-06T03:15:30.120184Z,kubernetes-admin,eacp-k8s-eval/eacp-r02-cm017,operational_provenance,kubernetes-rbac-admission,create,201,kubernetes-audit://0a2997d1-27e9-4df4-b394-a4580b205cd4,k8s://eacp-k8s-eval/configmaps/eacp-r02-cm017,28636f7dbf3f3e524f2aedcd3792d0afe592d04bbdcb6cc965d8b49382368f18
kubernetes.audit,d0f12078-e7c1-404c-8add-f8b20cd17bb8:ResponseComplete,2026-08-06T03:15:30.157974Z,2026-08-06T03:15:30.160283Z,kubernetes-admin,eacp-k8s-eval/eacp-r02-cm017,operational_provenance,kubernetes-rbac-admission,get,200,kubernetes-audit://d0f12078-e7c1-404c-8add-f8b20cd17bb8,k8s://eacp-k8s-eval/configmaps/eacp-r02-cm017,69e0cbde8fa44ced8d25b7aae2366ec00ac50d6379ffb9cbb08181c133119b32
kubernetes.audit,de18ab9a-0428-4150-a615-dd0fcd4ad9a6:ResponseComplete,2026-08-06T03:15:30.161318Z,2026-08-06T03:15:30.162678Z,kubernetes-admin,eacp-k8s-eval/eacp-demo,operational_provenance,kubernetes-rbac-admission,patch,200,kubernetes-audit://de18ab9a-0428-4150-a615-dd0fcd4ad9a6,eacp-round-02,07785b63f29fda16596911b6243b6f291a339bf6dd6c8ca1e8093aaff97a4b43
kubernetes.audit,3b94302f-7db6-462c-9f63-1db9d650f8b7:ResponseComplete,2026-08-06T03:15:30.198525Z,2026-08-06T03:15:30.199871Z,kubernetes-admin,eacp-k8s-eval/eacp-demo,operational_provenance,kubernetes-rbac-admission,get,200,kubernetes-audit://3b94302f-7db6-462c-9f63-1db9d650f8b7,eacp-round-02,380d56d3d9a639f13a4600422d7399dad7cdfa2d281a618d90bcf0a90f2df741
kubernetes.audit,f0fa8e41-0b17-49b4-a39d-9a7dff5b1b07:ResponseComplete,2026-08-06T03:15:30.235876Z,2026-08-06T03:15:30.238117Z,kubernetes-admin,eacp-k8s-eval/eacp-r02-cm018,operational_provenance,kubernetes-rbac-admission,create,201,kubernetes-audit://f0fa8e41-0b17-49b4-a39d-9a7dff5b1b07,k8s://eacp-k8s-eval/configmaps/eacp-r02-cm018,9e75b868be191f58f8cb1ace14dbc0fd712a89d0285204ed484ddef4b8d2a101
kubernetes.audit,f5f1312a-5dde-4313-95c1-ab88d180735d:ResponseComplete,2026-08-06T03:15:30.277749Z,2026-08-06T03:15:30.279312Z,kubernetes-admin,eacp-k8s-eval/eacp-r02-cm018,operational_provenance,kubernetes-rbac-admission,get,200,kubernetes-audit://f5f1312a-5dde-4313-95c1-ab88d180735d,k8s://eacp-k8s-eval/configmaps/eacp-r02-cm018,fef738ae9a1fcb88679a28c1f40136030cd115dd53fd783ae6c956c8d3290813
kubernetes.audit,0114ce8f-4ff5-4eb1-96d7-5013c124fa5c:ResponseComplete,2026-08-06T03:15:30.280442Z,2026-08-06T03:15:30.283518Z,kubernetes-admin,eacp-k8s-eval/eacp-demo,operational_provenance,kubernetes-rbac-admission,patch,200,kubernetes-audit://0114ce8f-4ff5-4eb1-96d7-5013c124fa5c,eacp-round-02,541a53b8176f2171ed3a2263482350ebb3b334282ce8760f9fc0d336464ed6f8
kubernetes.audit,aacbed8d-5ffb-4f13-8665-734ff772c73b:ResponseComplete,2026-08-06T03:15:30.326679Z,2026-08-06T03:15:30.327504Z,kubernetes-admin,eacp-k8s-eval/eacp-demo,operational_provenance,kubernetes-rbac-admission,get,200,kubernetes-audit://aacbed8d-5ffb-4f13-8665-734ff772c73b,eacp-round-02,07e6eb561a99240e442f5698bb393aa7c2d01adacf98c5d56916dd6ca60452ad
kubernetes.audit,9a027100-6698-477d-b389-f1a546ce8937:ResponseComplete,2026-08-06T03:15:30.390571Z,2026-08-06T03:15:30.391573Z,kubernetes-admin,eacp-k8s-eval/eacp-r02-cm019,operational_provenance,kubernetes-rbac-admission,create,201,kubernetes-audit://9a027100-6698-477d-b389-f1a546ce8937,k8s://eacp-k8s-eval/configmaps/eacp-r02-cm019,55d2b44f9f766b9124dfaa62aa50da6da08a65091e897fbb6b147ebc3475ce13
kubernetes.audit,793e6076-0114-47bf-8224-46f0295d7084:ResponseComplete,2026-08-06T03:15:30.427069Z,2026-08-06T03:15:30.428422Z,kubernetes-admin,eacp-k8s-eval/eacp-r02-cm019,operational_provenance,kubernetes-rbac-admission,get,200,kubernetes-audit://793e6076-0114-47bf-8224-46f0295d7084,k8s://eacp-k8s-eval/configmaps/eacp-r02-cm019,7df15ee228a1e5830a03e50d00ce935ba5aed534941304e21fafa8f183d80614
kubernetes.audit,a09c3a24-3e0e-4299-bf81-3ec39b509c89:ResponseComplete,2026-08-06T03:15:30.429488Z,2026-08-06T03:15:30.431427Z,kubernetes-admin,eacp-k8s-eval/eacp-demo,operational_provenance,kubernetes-rbac-admission,patch,200,kubernetes-audit://a09c3a24-3e0e-4299-bf81-3ec39b509c89,eacp-round-02,30010098b8bd642b63f70b7f3488f7a76b78eebbdced626eddb48842a35a924a
kubernetes.audit,28350b57-7fba-4645-a0f3-02fec8923ce0:ResponseComplete,2026-08-06T03:15:30.467580Z,2026-08-06T03:15:30.468409Z,kubernetes-admin,eacp-k8s-eval/eacp-demo,operational_provenance,kubernetes-rbac-admission,get,200,kubernetes-audit://28350b57-7fba-4645-a0f3-02fec8923ce0,eacp-round-02,6a14d7f84acca45b526edb27ad57a23cd49fb8f84b431503eb6d096a5807c2db
kubernetes.audit,01fb32fc-211b-4ed3-a2e5-ace7e448a2de:ResponseComplete,2026-08-06T03:15:30.503459Z,2026-08-06T03:15:30.505504Z,kubernetes-admin,eacp-k8s-eval/eacp-r02-cm020,operational_provenance,kubernetes-rbac-admission,create,201,kubernetes-audit://01fb32fc-211b-4ed3-a2e5-ace7e448a2de,k8s://eacp-k8s-eval/configmaps/eacp-r02-cm020,05a10933af230e7d8ad60931f7b346012e6a36b2e9e657dc51975b91c41b473a
kubernetes.audit,2eb1fda7-cb81-4fea-9b75-11655cf93958:ResponseComplete,2026-08-06T03:15:30.550301Z,2026-08-06T03:15:30.551097Z,kubernetes-admin,eacp-k8s-eval/eacp-r02-cm020,operational_provenance,kubernetes-rbac-admission,get,200,kubernetes-audit://2eb1fda7-cb81-4fea-9b75-11655cf93958,k8s://eacp-k8s-eval/configmaps/eacp-r02-cm020,a55881eae6681d220dba6bb0f4cd32716e22498a58054d19ea104d79eff2c1b7
kubernetes.audit,55a542a7-05d2-4b27-96fc-e28aaa3d9ea3:ResponseComplete,2026-08-06T03:15:30.552077Z,2026-08-06T03:15:30.553655Z,kubernetes-admin,eacp-k8s-eval/eacp-demo,operational_provenance,kubernetes-rbac-admission,patch,200,kubernetes-audit://55a542a7-05d2-4b27-96fc-e28aaa3d9ea3,eacp-round-02,143e6fe20ef7ed98510e952f5a495bec29062c375f730382ae9de0846cd830f1
kubernetes.audit,dbe3cc47-754c-4f3a-8ec3-7148fc9c473a:ResponseComplete,2026-08-06T03:15:30.592821Z,2026-08-06T03:15:30.594430Z,kubernetes-admin,eacp-k8s-eval/eacp-demo,operational_provenance,kubernetes-rbac-admission,get,200,kubernetes-audit://dbe3cc47-754c-4f3a-8ec3-7148fc9c473a,eacp-round-02,0a21cf4d80bc490aaa81a3415c1e9065f54c7cfcbea7202f5a8a00c84b0d90ab
kubernetes.audit,76d4025d-37ca-4b71-b60c-8ccfd443438f:ResponseComplete,2026-08-06T03:15:30.633663Z,2026-08-06T03:15:30.635257Z,kubernetes-admin,eacp-k8s-eval/configmaps,operational_provenance,kubernetes-rbac-admission,list,200,kubernetes-audit://76d4025d-37ca-4b71-b60c-8ccfd443438f,k8s://eacp-k8s-eval/configmaps/configmaps,1cbec900039982a2d847938196eb08197d169ecb98dc4233182b4bf0e533b220
kubernetes.audit,c6fe6bec-4b46-42b6-9a28-96dfa412cad1:ResponseComplete,2026-08-06T03:15:30.672367Z,2026-08-06T03:15:30.673769Z,kubernetes-admin,eacp-k8s-eval/configmaps,operational_provenance,kubernetes-rbac-admission,list,200,kubernetes-audit://c6fe6bec-4b46-42b6-9a28-96dfa412cad1,k8s://eacp-k8s-eval/configmaps/configmaps,1197a102e65c64a10f37873aa3435f8d947efb85642e6f7e97ccc947ce129e6d
kubernetes.audit,e962beb9-5ce6-462b-ad3b-ced3093c89fc:ResponseComplete,2026-08-06T03:15:30.711350Z,2026-08-06T03:15:30.713895Z,kubernetes-admin,eacp-k8s-eval/configmaps,operational_provenance,kubernetes-rbac-admission,list,200,kubernetes-audit://e962beb9-5ce6-462b-ad3b-ced3093c89fc,k8s://eacp-k8s-eval/configmaps/configmaps,1e43109361804654ea5ba5f801b2a8ea48537003aaf61eb53c6dc0287404478d
kubernetes.audit,4cffa876-a935-4dc3-b796-7472f6c85269:ResponseComplete,2026-08-06T03:15:30.752762Z,2026-08-06T03:15:30.755395Z,kubernetes-admin,eacp-k8s-eval/configmaps,operational_provenance,kubernetes-rbac-admission,list,200,kubernetes-audit://4cffa876-a935-4dc3-b796-7472f6c85269,k8s://eacp-k8s-eval/configmaps/configmaps,0229232c4f963cb328c7e0252977d07231c640e39cfa783c7c04756f9da68f43
kubernetes.audit,4e3cfd91-224e-48c0-8a7e-db1bf308c3ba:ResponseComplete,2026-08-06T03:15:30.797720Z,2026-08-06T03:15:30.800204Z,kubernetes-admin,eacp-k8s-eval/configmaps,operational_provenance,kubernetes-rbac-admission,list,200,kubernetes-audit://4e3cfd91-224e-48c0-8a7e-db1bf308c3ba,k8s://eacp-k8s-eval/configmaps/configmaps,1d444a3ce908500d7a9136654a56960757a41914d54fcec3e6b66ecf70d23b1a
kubernetes.audit,e42e8a23-874b-4e60-b8b8-4961db105785:ResponseComplete,2026-08-06T03:15:30.838992Z,2026-08-06T03:15:30.841311Z,kubernetes-admin,eacp-k8s-eval/configmaps,operational_provenance,kubernetes-rbac-admission,list,200,kubernetes-audit://e42e8a23-874b-4e60-b8b8-4961db105785,k8s://eacp-k8s-eval/configmaps/configmaps,e4c4dfb00c4058a270878892b21da5126bf6bc5bac8c3372764e47ed4ed68f2d
kubernetes.audit,a59781b5-841f-41ed-9938-a1e51e455e43:ResponseComplete,2026-08-06T03:15:30.883036Z,2026-08-06T03:15:30.885578Z,kubernetes-admin,eacp-k8s-eval/configmaps,operational_provenance,kubernetes-rbac-admission,list,200,kubernetes-audit://a59781b5-841f-41ed-9938-a1e51e455e43,k8s://eacp-k8s-eval/configmaps/configmaps,0903789c8356f9a5300fc6ffc1fa375172b38091e27e69d2b85ccae6add8e8e0
kubernetes.audit,86d9b1c3-618e-455a-9da4-bb430c9b8642:ResponseComplete,2026-08-06T03:15:30.926140Z,2026-08-06T03:15:30.928674Z,kubernetes-admin,eacp-k8s-eval/configmaps,operational_provenance,kubernetes-rbac-admission,list,200,kubernetes-audit://86d9b1c3-618e-455a-9da4-bb430c9b8642,k8s://eacp-k8s-eval/configmaps/configmaps,5a4c0bb0e5454edd10acf7fe5650bcc8f5a07ac6051a7ec6bc941329260f3b1c
kubernetes.audit,55b399d0-781b-409a-baef-cdbe5bd77c50:ResponseComplete,2026-08-06T03:15:30.966972Z,2026-08-06T03:15:30.969625Z,kubernetes-admin,eacp-k8s-eval/configmaps,operational_provenance,kubernetes-rbac-admission,list,200,kubernetes-audit://55b399d0-781b-409a-baef-cdbe5bd77c50,k8s://eacp-k8s-eval/configmaps/configmaps,160026e1264c22feaaf27a2269ccef7dc8c3197276806f76a512aea2a712bfa4
kubernetes.audit,8cabc708-638e-409b-89ec-f704f46fae88:ResponseComplete,2026-08-06T03:15:31.011453Z,2026-08-06T03:15:31.014251Z,kubernetes-admin,eacp-k8s-eval/configmaps,operational_provenance,kubernetes-rbac-admission,list,200,kubernetes-audit://8cabc708-638e-409b-89ec-f704f46fae88,k8s://eacp-k8s-eval/configmaps/configmaps,9187b47d20e0956d16c7342edae7508dc71ecb8b45c108a5ae23b66889661c42
kubernetes.audit,8f805109-e874-4e17-95c3-9ab2d404e81e:ResponseComplete,2026-08-06T03:15:31.057736Z,2026-08-06T03:15:31.059290Z,system:serviceaccount:eacp-k8s-eval:eacp-observer,eacp-k8s-eval/eacp-demo,operational_provenance,kubernetes-rbac-admission,get,200,kubernetes-audit://8f805109-e874-4e17-95c3-9ab2d404e81e,eacp-round-02,3d9e19e30644a87b4e118897f68cf73c4893cace12971fc3dd95feb841cbc0cc
kubernetes.audit,77496c01-de42-4c80-b1ce-5f49861aa57d:ResponseComplete,2026-08-06T03:15:31.060426Z,2026-08-06T03:15:31.060679Z,system:serviceaccount:eacp-k8s-eval:eacp-observer,eacp-k8s-eval/eacp-r02-cm001,operational_provenance,kubernetes-rbac-admission,patch,403:Forbidden,kubernetes-audit://77496c01-de42-4c80-b1ce-5f49861aa57d,k8s://eacp-k8s-eval/configmaps/eacp-r02-cm001,21d7334c215ab0c8241b965b7056634935331bf29b9aef3a48dba840a4fa5390
kubernetes.audit,24a09779-533f-4e3e-b211-95f364818fea:ResponseComplete,2026-08-06T03:15:31.099743Z,2026-08-06T03:15:31.102794Z,kubernetes-admin,eacp-k8s-eval/eacp-r02-cm001,operational_provenance,kubernetes-rbac-admission,delete,200:Success,kubernetes-audit://24a09779-533f-4e3e-b211-95f364818fea,k8s://eacp-k8s-eval/configmaps/eacp-r02-cm001,f0d7f43913e1760f8d5f22e6b9203cc5e1de41e18f2190d5117891d56a947d3e
kubernetes.audit,143302a1-06c5-4b9f-8e5c-e5a5a4735dee:ResponseComplete,2026-08-06T03:15:31.104261Z,2026-08-06T03:15:31.105759Z,kubernetes-admin,eacp-k8s-eval/eacp-r02-cm001,operational_provenance,kubernetes-rbac-admission,get,404:NotFound,kubernetes-audit://143302a1-06c5-4b9f-8e5c-e5a5a4735dee,k8s://eacp-k8s-eval/configmaps/eacp-r02-cm001,0cb8c597b64f5b21e655e3b76ef91ba1f95652b5372c04e37624be7cba75df22
kubernetes.audit,bfe38b50-74e9-45ea-b0ad-fed54b06b27f:ResponseComplete,2026-08-06T03:15:31.142765Z,2026-08-06T03:15:31.145748Z,kubernetes-admin,eacp-k8s-eval/eacp-r02-cm002,operational_provenance,kubernetes-rbac-admission,delete,200:Success,kubernetes-audit://bfe38b50-74e9-45ea-b0ad-fed54b06b27f,k8s://eacp-k8s-eval/configmaps/eacp-r02-cm002,9aff56ce158182ec72399d270b95ad109dc2b7f36ff6cf9ec11e4a409e76915f
kubernetes.audit,ed8fc40a-5f01-4d39-87f3-ad3f105212d1:ResponseComplete,2026-08-06T03:15:31.146854Z,2026-08-06T03:15:31.147529Z,kubernetes-admin,eacp-k8s-eval/eacp-r02-cm002,operational_provenance,kubernetes-rbac-admission,get,404:NotFound,kubernetes-audit://ed8fc40a-5f01-4d39-87f3-ad3f105212d1,k8s://eacp-k8s-eval/configmaps/eacp-r02-cm002,ae4e99b97a15c857d23e5aaee3e0896bf9ebe40ea46f9dd9568bdccbff01e83c
kubernetes.audit,3e979535-2d2d-4686-bd81-468dbf1b61b6:ResponseComplete,2026-08-06T03:15:31.186002Z,2026-08-06T03:15:31.190563Z,kubernetes-admin,eacp-k8s-eval/eacp-r02-cm003,operational_provenance,kubernetes-rbac-admission,delete,200:Success,kubernetes-audit://3e979535-2d2d-4686-bd81-468dbf1b61b6,k8s://eacp-k8s-eval/configmaps/eacp-r02-cm003,9d5413441d70971a25b7790c36d297b90ca831bd64ab445d76616d2fabab2b77
kubernetes.audit,d4ea813b-6ffd-48fd-ae5a-25581f28670e:ResponseComplete,2026-08-06T03:15:31.191473Z,2026-08-06T03:15:31.192000Z,kubernetes-admin,eacp-k8s-eval/eacp-r02-cm003,operational_provenance,kubernetes-rbac-admission,get,404:NotFound,kubernetes-audit://d4ea813b-6ffd-48fd-ae5a-25581f28670e,k8s://eacp-k8s-eval/configmaps/eacp-r02-cm003,52afe5125ff318450e0c2ee0a49dd1ef42453534eff9d01d55e54b7100a80898
kubernetes.audit,e1271242-6ab5-489b-b14d-5f22db77d41a:ResponseComplete,2026-08-06T03:15:31.228772Z,2026-08-06T03:15:31.230204Z,kubernetes-admin,eacp-k8s-eval/eacp-r02-cm004,operational_provenance,kubernetes-rbac-admission,delete,200:Success,kubernetes-audit://e1271242-6ab5-489b-b14d-5f22db77d41a,k8s://eacp-k8s-eval/configmaps/eacp-r02-cm004,f2777982ea8fd9e26d9818edad6131bff91040f56b0f54d05ca207ce0ba8768d
kubernetes.audit,47dc3b5c-702e-4071-a149-b489a6f06e68:ResponseComplete,2026-08-06T03:15:31.230949Z,2026-08-06T03:15:31.231427Z,kubernetes-admin,eacp-k8s-eval/eacp-r02-cm004,operational_provenance,kubernetes-rbac-admission,get,404:NotFound,kubernetes-audit://47dc3b5c-702e-4071-a149-b489a6f06e68,k8s://eacp-k8s-eval/configmaps/eacp-r02-cm004,3a64732ad5828c4ad6cc498430c1c28457ba3debda39bea76b74eacfc212181b
kubernetes.audit,a3867271-293d-4a36-a4b1-d56ec8823532:ResponseComplete,2026-08-06T03:15:31.268856Z,2026-08-06T03:15:31.271091Z,kubernetes-admin,eacp-k8s-eval/eacp-demo,operational_provenance,kubernetes-rbac-admission,get,200,kubernetes-audit://a3867271-293d-4a36-a4b1-d56ec8823532,eacp-round-02,a6dfc8687e141c4f28be9b0722cf2c74487c769704c82e5ff00ee39429430d93
kubernetes.audit,2e39a221-f8a9-4248-bc4a-6f950934a0dc:ResponseComplete,2026-08-06T03:15:31.273453Z,2026-08-06T03:15:31.276163Z,kubernetes-admin,eacp-k8s-eval/eacp-demo,operational_provenance,kubernetes-rbac-admission,patch,200,kubernetes-audit://2e39a221-f8a9-4248-bc4a-6f950934a0dc,eacp-round-03,20cee140de26e7e91ebf51d3bb2af55b46e06cb1002a5dd54e2c35e8e13170d7
kubernetes.audit,70f511d5-8be6-4cb6-bcf1-9195af5f00c4:ResponseComplete,2026-08-06T03:15:31.276590Z,2026-08-06T03:15:31.278469Z,system:serviceaccount:kube-system:deployment-controller,eacp-k8s-eval/eacp-demo,operational_provenance,kubernetes-rbac-admission,update,200,kubernetes-audit://70f511d5-8be6-4cb6-bcf1-9195af5f00c4,eacp-round-03,61d52bd3bf6ca1e09d233e2c14ecf4111b9d399afdca231277f3e71c047277a8
kubernetes.audit,d653e4a1-f1f5-437c-b971-a901dfd22600:ResponseComplete,2026-08-06T03:15:31.279436Z,2026-08-06T03:15:31.280405Z,system:serviceaccount:kube-system:deployment-controller,eacp-k8s-eval/eacp-demo,operational_provenance,kubernetes-rbac-admission,update,409:Conflict,kubernetes-audit://d653e4a1-f1f5-437c-b971-a901dfd22600,eacp-round-03,90ea521046cf3091191db57a3da645e06be846d5cebdbcd8ff5e72f148077f8e
kubernetes.audit,c795b3dc-f7a3-4218-8626-b4633047cd88:ResponseComplete,2026-08-06T03:15:31.280871Z,2026-08-06T03:15:31.282946Z,system:serviceaccount:kube-system:deployment-controller,eacp-k8s-eval/eacp-demo,operational_provenance,kubernetes-rbac-admission,update,200,kubernetes-audit://c795b3dc-f7a3-4218-8626-b4633047cd88,k8s://eacp-k8s-eval/deployments/eacp-demo,eb16cd1fa44bed0dcd2000b2ea4bd35e4bd7207bd6cbe464febc0bebe563ce7d
kubernetes.audit,379a09be-48d8-496e-b348-8e389f4ebb3a:ResponseComplete,2026-08-06T03:15:31.310366Z,2026-08-06T03:15:31.311779Z,kubernetes-admin,eacp-k8s-eval/eacp-r03-cm001,operational_provenance,kubernetes-rbac-admission,create,201,kubernetes-audit://379a09be-48d8-496e-b348-8e389f4ebb3a,k8s://eacp-k8s-eval/configmaps/eacp-r03-cm001,7349ce99a93305e7c9a185790595bbe38973a4682bbb27f06a57bc1f2fbe5bfa
kubernetes.audit,06e89c3a-aca2-4866-a1d2-a9435257bc41:ResponseComplete,2026-08-06T03:15:31.344373Z,2026-08-06T03:15:31.345143Z,kubernetes-admin,eacp-k8s-eval/eacp-r03-cm001,operational_provenance,kubernetes-rbac-admission,get,200,kubernetes-audit://06e89c3a-aca2-4866-a1d2-a9435257bc41,k8s://eacp-k8s-eval/configmaps/eacp-r03-cm001,711ac693b991277f45b120f6ad4122e709285cc12c72b687ea7e6d13c250460a
kubernetes.audit,b3401c97-7b4c-4d52-9451-ecbb8882b640:ResponseComplete,2026-08-06T03:15:31.346057Z,2026-08-06T03:15:31.347369Z,kubernetes-admin,eacp-k8s-eval/eacp-demo,operational_provenance,kubernetes-rbac-admission,patch,200,kubernetes-audit://b3401c97-7b4c-4d52-9451-ecbb8882b640,eacp-round-03,046d39d12dc0c4da9589a45e47195a976472f9d751ec620f8114115e1804bbcd
kubernetes.audit,ed99dd6d-a6f8-4977-9055-211bb18b04e2:ResponseComplete,2026-08-06T03:15:31.383828Z,2026-08-06T03:15:31.385449Z,kubernetes-admin,eacp-k8s-eval/eacp-demo,operational_provenance,kubernetes-rbac-admission,get,200,kubernetes-audit://ed99dd6d-a6f8-4977-9055-211bb18b04e2,eacp-round-03,dac72e7fc9a7b23c7e7280adec74f83f453990dd63d52f5dbfb8a9ea2204892f
kubernetes.audit,f5b62eff-2aae-48e1-a4da-9f78654ca4e2:ResponseComplete,2026-08-06T03:15:31.421695Z,2026-08-06T03:15:31.425100Z,kubernetes-admin,eacp-k8s-eval/eacp-r03-cm002,operational_provenance,kubernetes-rbac-admission,create,201,kubernetes-audit://f5b62eff-2aae-48e1-a4da-9f78654ca4e2,k8s://eacp-k8s-eval/configmaps/eacp-r03-cm002,faabd26fa5980cb96dd729e13ff25ebe3ed3f246482728a553117b81a88dcbf6
kubernetes.audit,402742a2-d130-4aab-8695-27638c13ef7e:ResponseComplete,2026-08-06T03:15:31.461739Z,2026-08-06T03:15:31.463367Z,kubernetes-admin,eacp-k8s-eval/eacp-r03-cm002,operational_provenance,kubernetes-rbac-admission,get,200,kubernetes-audit://402742a2-d130-4aab-8695-27638c13ef7e,k8s://eacp-k8s-eval/configmaps/eacp-r03-cm002,b176108162ce9852197f9a281c833b9e88492c5f7318110e5fb005d8b0fcfe4f
kubernetes.audit,8efc9d83-78bb-473a-8171-4ebaf8032e84:ResponseComplete,2026-08-06T03:15:31.466266Z,2026-08-06T03:15:31.468447Z,kubernetes-admin,eacp-k8s-eval/eacp-demo,operational_provenance,kubernetes-rbac-admission,patch,200,kubernetes-audit://8efc9d83-78bb-473a-8171-4ebaf8032e84,eacp-round-03,59acf6eb9568737d06a9f38b0d89fc21e0997a6dbe80635f5303ae3e4dabea85
kubernetes.audit,033d9f2e-d31d-4759-bbca-902c58aba775:ResponseComplete,2026-08-06T03:15:31.541031Z,2026-08-06T03:15:31.542682Z,kubernetes-admin,eacp-k8s-eval/eacp-demo,operational_provenance,kubernetes-rbac-admission,get,200,kubernetes-audit://033d9f2e-d31d-4759-bbca-902c58aba775,eacp-round-03,3722dee0569ecc51f41431f21e1751caa597f1547c2b704b90072d091f387c4f
kubernetes.audit,87df26dd-b781-4cfe-a630-2525c1de4cb6:ResponseComplete,2026-08-06T03:15:31.579175Z,2026-08-06T03:15:31.581774Z,kubernetes-admin,eacp-k8s-eval/eacp-r03-cm003,operational_provenance,kubernetes-rbac-admission,create,201,kubernetes-audit://87df26dd-b781-4cfe-a630-2525c1de4cb6,k8s://eacp-k8s-eval/configmaps/eacp-r03-cm003,9acf286213af3ed005810520b9808932bde41a9ab6cfba2e679c28d5b8f3ee2c
kubernetes.audit,641edcdf-f534-4956-bac2-b71a7215032e:ResponseComplete,2026-08-06T03:15:31.619280Z,2026-08-06T03:15:31.620970Z,kubernetes-admin,eacp-k8s-eval/eacp-r03-cm003,operational_provenance,kubernetes-rbac-admission,get,200,kubernetes-audit://641edcdf-f534-4956-bac2-b71a7215032e,k8s://eacp-k8s-eval/configmaps/eacp-r03-cm003,45e2b42b21a3f1eb6c5aa0820b2d55bb2faeb763c4f8c64cb66af3a3cc5dd3d4
kubernetes.audit,9d43a01f-b9e6-40bd-b24f-e4605afdcae6:ResponseComplete,2026-08-06T03:15:31.622100Z,2026-08-06T03:15:31.624073Z,kubernetes-admin,eacp-k8s-eval/eacp-demo,operational_provenance,kubernetes-rbac-admission,patch,200,kubernetes-audit://9d43a01f-b9e6-40bd-b24f-e4605afdcae6,eacp-round-03,29bdd9713292091d65fad181b5d990b599e428f79536c300ccd8b3b01b1121e1
kubernetes.audit,7b673102-6f5d-40a0-b312-a83d3f6b3b25:ResponseComplete,2026-08-06T03:15:31.658402Z,2026-08-06T03:15:31.659267Z,kubernetes-admin,eacp-k8s-eval/eacp-demo,operational_provenance,kubernetes-rbac-admission,get,200,kubernetes-audit://7b673102-6f5d-40a0-b312-a83d3f6b3b25,eacp-round-03,91d66c09134707243ba7145a3d2dd1d10b0638ba13ef2ac15d58a8cf3e93bc26
kubernetes.audit,bf4a951e-f898-4ed5-b4f1-4e961b8039b5:ResponseComplete,2026-08-06T03:15:31.692083Z,2026-08-06T03:15:31.694145Z,kubernetes-admin,eacp-k8s-eval/eacp-r03-cm004,operational_provenance,kubernetes-rbac-admission,create,201,kubernetes-audit://bf4a951e-f898-4ed5-b4f1-4e961b8039b5,k8s://eacp-k8s-eval/configmaps/eacp-r03-cm004,19059995d774f22902877b8cc36c10e871de2da66c0bc1c81a6f4f4a10bc30c9
kubernetes.audit,a8a2b5c2-0b7c-4435-95b2-e7024eeafde0:ResponseComplete,2026-08-06T03:15:31.733853Z,2026-08-06T03:15:31.735760Z,kubernetes-admin,eacp-k8s-eval/eacp-r03-cm004,operational_provenance,kubernetes-rbac-admission,get,200,kubernetes-audit://a8a2b5c2-0b7c-4435-95b2-e7024eeafde0,k8s://eacp-k8s-eval/configmaps/eacp-r03-cm004,b67342728ddfd13ad3094e95d3829256f8aa7ead8570294b436b7f1badbd2b0b
kubernetes.audit,f39e9b8b-f54e-4e57-9db5-213d7b634df5:ResponseComplete,2026-08-06T03:15:31.737034Z,2026-08-06T03:15:31.738539Z,kubernetes-admin,eacp-k8s-eval/eacp-demo,operational_provenance,kubernetes-rbac-admission,patch,200,kubernetes-audit://f39e9b8b-f54e-4e57-9db5-213d7b634df5,eacp-round-03,b06786c9fde015c4759ff471920b7a7f5c16b9cc58d9d4f5499f5be876b3020f
kubernetes.audit,9a8b200b-e34a-4a36-9e7b-ed43fa273890:ResponseComplete,2026-08-06T03:15:31.776169Z,2026-08-06T03:15:31.777062Z,kubernetes-admin,eacp-k8s-eval/eacp-demo,operational_provenance,kubernetes-rbac-admission,get,200,kubernetes-audit://9a8b200b-e34a-4a36-9e7b-ed43fa273890,eacp-round-03,1f843fa39eb70f36b45d8d2cb9939d38ead7517f5ae8d29de4af6f34e99002ca
kubernetes.audit,2e46970b-ced3-4ed3-8c33-c060bab616d6:ResponseComplete,2026-08-06T03:15:31.814535Z,2026-08-06T03:15:31.816751Z,kubernetes-admin,eacp-k8s-eval/eacp-r03-cm005,operational_provenance,kubernetes-rbac-admission,create,201,kubernetes-audit://2e46970b-ced3-4ed3-8c33-c060bab616d6,k8s://eacp-k8s-eval/configmaps/eacp-r03-cm005,695d5ca7b7ce25e52a53b9ebfdf83fff47dcc776cf0db9bb1838e73a9abdcaac
kubernetes.audit,601e83c6-c619-48ff-a666-f235b7740952:ResponseComplete,2026-08-06T03:15:31.853805Z,2026-08-06T03:15:31.855228Z,kubernetes-admin,eacp-k8s-eval/eacp-r03-cm005,operational_provenance,kubernetes-rbac-admission,get,200,kubernetes-audit://601e83c6-c619-48ff-a666-f235b7740952,k8s://eacp-k8s-eval/configmaps/eacp-r03-cm005,14ba6f931aa2cae8f323879e59486ceb1c4245a52748885f985b783d5615af01
kubernetes.audit,754cb029-937b-4faf-a29e-47cea9dfccb8:ResponseComplete,2026-08-06T03:15:31.856373Z,2026-08-06T03:15:31.858849Z,kubernetes-admin,eacp-k8s-eval/eacp-demo,operational_provenance,kubernetes-rbac-admission,patch,200,kubernetes-audit://754cb029-937b-4faf-a29e-47cea9dfccb8,eacp-round-03,4f792f7ee0b11da43bc579ed6c54737b1dac2133d4dbe3c443d57e8c24fa81b0
kubernetes.audit,ab756f59-d86b-40a3-a9a2-eacc962d0e13:ResponseComplete,2026-08-06T03:15:31.897100Z,2026-08-06T03:15:31.898705Z,kubernetes-admin,eacp-k8s-eval/eacp-demo,operational_provenance,kubernetes-rbac-admission,get,200,kubernetes-audit://ab756f59-d86b-40a3-a9a2-eacc962d0e13,eacp-round-03,6a4bd31acff687615cbaea05705b69ef553e94843e98cff9c56342b34bea345f
kubernetes.audit,83f27074-10f7-49e9-b81d-3eebf812321c:ResponseComplete,2026-08-06T03:15:31.936139Z,2026-08-06T03:15:31.939490Z,kubernetes-admin,eacp-k8s-eval/eacp-r03-cm006,operational_provenance,kubernetes-rbac-admission,create,201,kubernetes-audit://83f27074-10f7-49e9-b81d-3eebf812321c,k8s://eacp-k8s-eval/configmaps/eacp-r03-cm006,ade8b3a5ff12ecf40100634868336a36fb539623ec5d53d60e776660ff8e0e07
kubernetes.audit,40d27c90-daab-44cf-aa73-294fabccea96:ResponseComplete,2026-08-06T03:15:31.977344Z,2026-08-06T03:15:31.979153Z,kubernetes-admin,eacp-k8s-eval/eacp-r03-cm006,operational_provenance,kubernetes-rbac-admission,get,200,kubernetes-audit://40d27c90-daab-44cf-aa73-294fabccea96,k8s://eacp-k8s-eval/configmaps/eacp-r03-cm006,d57ffdd2e946a06c47cea128880ff8107ad320c62f85461e499165ac6becf65a
kubernetes.audit,d783bff3-a64b-4ea7-a921-b304d1c26a73:ResponseComplete,2026-08-06T03:15:31.980788Z,2026-08-06T03:15:31.982455Z,kubernetes-admin,eacp-k8s-eval/eacp-demo,operational_provenance,kubernetes-rbac-admission,patch,200,kubernetes-audit://d783bff3-a64b-4ea7-a921-b304d1c26a73,eacp-round-03,21cf8c706b5da8f768a0adff0c118db15f6c042d183092d93b0d8cda3c657be0
kubernetes.audit,cd6d945c-09af-4afa-9ea6-c7e7c7fec63d:ResponseComplete,2026-08-06T03:15:32.018867Z,2026-08-06T03:15:32.020558Z,kubernetes-admin,eacp-k8s-eval/eacp-demo,operational_provenance,kubernetes-rbac-admission,get,200,kubernetes-audit://cd6d945c-09af-4afa-9ea6-c7e7c7fec63d,eacp-round-03,6f0be880e747cb84ae82151eceb4b1143744e853d212951fa198f9d622317f6f
kubernetes.audit,88c920e4-97f7-4978-a142-1473a160b172:ResponseComplete,2026-08-06T03:15:32.057721Z,2026-08-06T03:15:32.060359Z,kubernetes-admin,eacp-k8s-eval/eacp-r03-cm007,operational_provenance,kubernetes-rbac-admission,create,201,kubernetes-audit://88c920e4-97f7-4978-a142-1473a160b172,k8s://eacp-k8s-eval/configmaps/eacp-r03-cm007,2d3fe955ba810c55de0b2b4f6253ca9c0850a7f8d680fc05f363131cc2a1b7d1
kubernetes.audit,7c79585e-2f58-4301-b3b1-6a219936747a:ResponseComplete,2026-08-06T03:15:32.097153Z,2026-08-06T03:15:32.098810Z,kubernetes-admin,eacp-k8s-eval/eacp-r03-cm007,operational_provenance,kubernetes-rbac-admission,get,200,kubernetes-audit://7c79585e-2f58-4301-b3b1-6a219936747a,k8s://eacp-k8s-eval/configmaps/eacp-r03-cm007,f08368048153cc0f6706d09ed40e0002f9f8ac3b1224c05ed57f3a3d6ac0c980
kubernetes.audit,4d49849d-d641-42e9-8bd7-1de42da3b25c:ResponseComplete,2026-08-06T03:15:32.099605Z,2026-08-06T03:15:32.100818Z,kubernetes-admin,eacp-k8s-eval/eacp-demo,operational_provenance,kubernetes-rbac-admission,patch,200,kubernetes-audit://4d49849d-d641-42e9-8bd7-1de42da3b25c,eacp-round-03,b07efd6beaa75b6e26f685ae3cf6d2d1cfd0e0e7b8fb3be7ded76be84c667d5e
kubernetes.audit,b914e10c-58d0-4108-8d56-8b0a0328c13e:ResponseComplete,2026-08-06T03:15:32.136011Z,2026-08-06T03:15:32.137355Z,kubernetes-admin,eacp-k8s-eval/eacp-demo,operational_provenance,kubernetes-rbac-admission,get,200,kubernetes-audit://b914e10c-58d0-4108-8d56-8b0a0328c13e,eacp-round-03,cf82895b79c34f605142af432f09af0d18d05babbe49c08f7325424ef94f3e3c
kubernetes.audit,8e5e381e-4b76-4bc6-94a9-5312e82770bc:ResponseComplete,2026-08-06T03:15:32.171813Z,2026-08-06T03:15:32.174568Z,kubernetes-admin,eacp-k8s-eval/eacp-r03-cm008,operational_provenance,kubernetes-rbac-admission,create,201,kubernetes-audit://8e5e381e-4b76-4bc6-94a9-5312e82770bc,k8s://eacp-k8s-eval/configmaps/eacp-r03-cm008,ab8d98b4ab5a30e5c8b31604d6fcff533ed843f80a862e3af1fa530b47e4c2f9
kubernetes.audit,6e13a955-6a61-4ef5-a1d9-eabf5dc4d296:ResponseComplete,2026-08-06T03:15:32.209437Z,2026-08-06T03:15:32.210193Z,kubernetes-admin,eacp-k8s-eval/eacp-r03-cm008,operational_provenance,kubernetes-rbac-admission,get,200,kubernetes-audit://6e13a955-6a61-4ef5-a1d9-eabf5dc4d296,k8s://eacp-k8s-eval/configmaps/eacp-r03-cm008,6b3ab8940046cdc791a6f0e9d9a54d1128f35fcb6b0fb20d8c0cd24d07b5b0a8
kubernetes.audit,6f5a31bf-ae06-421b-91af-478e665ad53c:ResponseComplete,2026-08-06T03:15:32.210923Z,2026-08-06T03:15:32.212152Z,kubernetes-admin,eacp-k8s-eval/eacp-demo,operational_provenance,kubernetes-rbac-admission,patch,200,kubernetes-audit://6f5a31bf-ae06-421b-91af-478e665ad53c,eacp-round-03,52b2240712ff98df2a652441b662916ffe96fe81e7682a653dd99fa90653816e
kubernetes.audit,3e629865-efb5-4ec3-9eaf-b87d2ec9c8ea:ResponseComplete,2026-08-06T03:15:32.247763Z,2026-08-06T03:15:32.249445Z,kubernetes-admin,eacp-k8s-eval/eacp-demo,operational_provenance,kubernetes-rbac-admission,get,200,kubernetes-audit://3e629865-efb5-4ec3-9eaf-b87d2ec9c8ea,eacp-round-03,e7924b482a0a95aa5a00ec54a9a7fdd67708491e21909b407eff5dd24e32225f
kubernetes.audit,9c57c3dd-c74e-4b29-af49-6a4dc691ac4b:ResponseComplete,2026-08-06T03:15:32.284508Z,2026-08-06T03:15:32.286916Z,kubernetes-admin,eacp-k8s-eval/eacp-r03-cm009,operational_provenance,kubernetes-rbac-admission,create,201,kubernetes-audit://9c57c3dd-c74e-4b29-af49-6a4dc691ac4b,k8s://eacp-k8s-eval/configmaps/eacp-r03-cm009,62e18d7c0bdf339f8af65728a651999c73cade7b3850887c2c805c27454e4a69
kubernetes.audit,e736080c-5d40-4df8-9fa2-fdd4ad72f47f:ResponseComplete,2026-08-06T03:15:32.323286Z,2026-08-06T03:15:32.325316Z,kubernetes-admin,eacp-k8s-eval/eacp-r03-cm009,operational_provenance,kubernetes-rbac-admission,get,200,kubernetes-audit://e736080c-5d40-4df8-9fa2-fdd4ad72f47f,k8s://eacp-k8s-eval/configmaps/eacp-r03-cm009,c346dc3ecf9ff13e2fb58ed466a5e22dc4a7b8b8314fc025f4987eeab03bdcab
kubernetes.audit,4a448fff-657f-495f-85c7-6bc0632baeaf:ResponseComplete,2026-08-06T03:15:32.326778Z,2026-08-06T03:15:32.330195Z,kubernetes-admin,eacp-k8s-eval/eacp-demo,operational_provenance,kubernetes-rbac-admission,patch,200,kubernetes-audit://4a448fff-657f-495f-85c7-6bc0632baeaf,eacp-round-03,0d2305224651c2a6806829924b46cf4138e8494592f0fc56c9c74d818ac04087
kubernetes.audit,34c43974-290b-4b82-8df9-3e2518be2aa7:ResponseComplete,2026-08-06T03:15:32.367999Z,2026-08-06T03:15:32.369768Z,kubernetes-admin,eacp-k8s-eval/eacp-demo,operational_provenance,kubernetes-rbac-admission,get,200,kubernetes-audit://34c43974-290b-4b82-8df9-3e2518be2aa7,eacp-round-03,dc6699f8d6a425e8b85e5022d1ea6fc6b06b7cd1455c10be05d4ff0d776d7a32
kubernetes.audit,3af642b0-dd34-4060-853e-ecbf8a9f44c4:ResponseComplete,2026-08-06T03:15:32.403600Z,2026-08-06T03:15:32.404814Z,kubernetes-admin,eacp-k8s-eval/eacp-r03-cm010,operational_provenance,kubernetes-rbac-admission,create,201,kubernetes-audit://3af642b0-dd34-4060-853e-ecbf8a9f44c4,k8s://eacp-k8s-eval/configmaps/eacp-r03-cm010,bba3da8b58a0df5297332cdfa2858ad58032ec676942c5d82c3c98453d2a7d02
kubernetes.audit,f33c7f82-4f07-44f0-868c-fdfb2dce927c:ResponseComplete,2026-08-06T03:15:32.440500Z,2026-08-06T03:15:32.442345Z,kubernetes-admin,eacp-k8s-eval/eacp-r03-cm010,operational_provenance,kubernetes-rbac-admission,get,200,kubernetes-audit://f33c7f82-4f07-44f0-868c-fdfb2dce927c,k8s://eacp-k8s-eval/configmaps/eacp-r03-cm010,e49468df2a52ca58939e53baf801864e615e9f4bd8bdf48756421628b15277f9
kubernetes.audit,def967b9-5849-41e6-928a-66719d93fbff:ResponseComplete,2026-08-06T03:15:32.443733Z,2026-08-06T03:15:32.446535Z,kubernetes-admin,eacp-k8s-eval/eacp-demo,operational_provenance,kubernetes-rbac-admission,patch,200,kubernetes-audit://def967b9-5849-41e6-928a-66719d93fbff,eacp-round-03,de7938fec636ac3928f74a0445c6fce74e35c79bfbf71144118ac3f94f97b58a
kubernetes.audit,63148df7-0093-46e8-b0d5-05ddba49a2af:ResponseComplete,2026-08-06T03:15:32.485479Z,2026-08-06T03:15:32.487725Z,kubernetes-admin,eacp-k8s-eval/eacp-demo,operational_provenance,kubernetes-rbac-admission,get,200,kubernetes-audit://63148df7-0093-46e8-b0d5-05ddba49a2af,eacp-round-03,cd04522c5536d728aca00ea50c68fade20dd00eeac957c206c4d76a431ba735e
kubernetes.audit,e337b6d3-d8ff-488b-9005-5b00b854872d:ResponseComplete,2026-08-06T03:15:32.529899Z,2026-08-06T03:15:32.532518Z,kubernetes-admin,eacp-k8s-eval/eacp-r03-cm011,operational_provenance,kubernetes-rbac-admission,create,201,kubernetes-audit://e337b6d3-d8ff-488b-9005-5b00b854872d,k8s://eacp-k8s-eval/configmaps/eacp-r03-cm011,073de63e8ea327f1bd83b6a20ecc644d3c33821563d9e6050d46942e2e6241ee
kubernetes.audit,34e32642-64ca-4b94-9843-ef30de1c36b0:ResponseComplete,2026-08-06T03:15:32.568642Z,2026-08-06T03:15:32.569510Z,kubernetes-admin,eacp-k8s-eval/eacp-r03-cm011,operational_provenance,kubernetes-rbac-admission,get,200,kubernetes-audit://34e32642-64ca-4b94-9843-ef30de1c36b0,k8s://eacp-k8s-eval/configmaps/eacp-r03-cm011,0383f4f87ceee72126071a2b002a405b1400a4398f26d3f6a42bd14d45006acd
kubernetes.audit,05e377f4-055e-4ad6-b1fb-7852defc2869:ResponseComplete,2026-08-06T03:15:32.570341Z,2026-08-06T03:15:32.571483Z,kubernetes-admin,eacp-k8s-eval/eacp-demo,operational_provenance,kubernetes-rbac-admission,patch,200,kubernetes-audit://05e377f4-055e-4ad6-b1fb-7852defc2869,eacp-round-03,481d04bd94af7d7c4785e6af2e82a8e091815aaa64bdbae6b934a1419e08bcfb
kubernetes.audit,21d3755a-7ba2-4a84-bb67-fe1f8455c70a:ResponseComplete,2026-08-06T03:15:32.606061Z,2026-08-06T03:15:32.606800Z,kubernetes-admin,eacp-k8s-eval/eacp-demo,operational_provenance,kubernetes-rbac-admission,get,200,kubernetes-audit://21d3755a-7ba2-4a84-bb67-fe1f8455c70a,eacp-round-03,e504573a2fbbc486d40f2437be6850e0478c106ba946a1f8596f3162ba83c1a6
kubernetes.audit,bc3661d1-f943-45c7-aa2b-16f021590462:ResponseComplete,2026-08-06T03:15:32.637186Z,2026-08-06T03:15:32.638567Z,kubernetes-admin,eacp-k8s-eval/eacp-r03-cm012,operational_provenance,kubernetes-rbac-admission,create,201,kubernetes-audit://bc3661d1-f943-45c7-aa2b-16f021590462,k8s://eacp-k8s-eval/configmaps/eacp-r03-cm012,3cc2ca4376a27879cd01c119b6b6d24e5e653aeb4c7cf5e2ac89759f7544e25f
kubernetes.audit,541961a6-e5bd-4b49-80c0-5aea2079a2e4:ResponseComplete,2026-08-06T03:15:32.672736Z,2026-08-06T03:15:32.673560Z,kubernetes-admin,eacp-k8s-eval/eacp-r03-cm012,operational_provenance,kubernetes-rbac-admission,get,200,kubernetes-audit://541961a6-e5bd-4b49-80c0-5aea2079a2e4,k8s://eacp-k8s-eval/configmaps/eacp-r03-cm012,8701ef9848dbd381c66540373d087c67dbfd9f859acc576d195350759fb3a57f
kubernetes.audit,dbe2f607-0e58-4c52-915a-8776f8a5a415:ResponseComplete,2026-08-06T03:15:32.674467Z,2026-08-06T03:15:32.676432Z,kubernetes-admin,eacp-k8s-eval/eacp-demo,operational_provenance,kubernetes-rbac-admission,patch,200,kubernetes-audit://dbe2f607-0e58-4c52-915a-8776f8a5a415,eacp-round-03,9a7a8cb1ffae34303bc1102db9ef52dc0f40e81d8b92c5e0a2525e17eceef83e
kubernetes.audit,6e8d36a7-7887-46c7-b250-452b8b0236dc:ResponseComplete,2026-08-06T03:15:32.708524Z,2026-08-06T03:15:32.709331Z,kubernetes-admin,eacp-k8s-eval/eacp-demo,operational_provenance,kubernetes-rbac-admission,get,200,kubernetes-audit://6e8d36a7-7887-46c7-b250-452b8b0236dc,eacp-round-03,aacb6ebc2dadce8b9c805cb5419c869d16bc32b58b2b874e0ed68c788ac62e77
kubernetes.audit,95d71d6d-2930-468a-bd4e-e779ce1d4a1b:ResponseComplete,2026-08-06T03:15:32.744994Z,2026-08-06T03:15:32.747361Z,kubernetes-admin,eacp-k8s-eval/eacp-r03-cm013,operational_provenance,kubernetes-rbac-admission,create,201,kubernetes-audit://95d71d6d-2930-468a-bd4e-e779ce1d4a1b,k8s://eacp-k8s-eval/configmaps/eacp-r03-cm013,b9eefd4e76be00efb3f1c1887968b5e1ed323b81630962b6e503da7aed984a88
kubernetes.audit,6d2cbc86-8bfe-4157-922c-00e00c383bda:ResponseComplete,2026-08-06T03:15:32.780896Z,2026-08-06T03:15:32.782145Z,kubernetes-admin,eacp-k8s-eval/eacp-r03-cm013,operational_provenance,kubernetes-rbac-admission,get,200,kubernetes-audit://6d2cbc86-8bfe-4157-922c-00e00c383bda,k8s://eacp-k8s-eval/configmaps/eacp-r03-cm013,84a99b4ff63284141ae9c3f9a963c57e56b4bb6f15d690ddd4db84c8f41f7ca2
kubernetes.audit,c6eb67f9-4cbc-4123-8a62-331d6408eb53:ResponseComplete,2026-08-06T03:15:32.783149Z,2026-08-06T03:15:32.784664Z,kubernetes-admin,eacp-k8s-eval/eacp-demo,operational_provenance,kubernetes-rbac-admission,patch,200,kubernetes-audit://c6eb67f9-4cbc-4123-8a62-331d6408eb53,eacp-round-03,471f6f68419f0f187750cffbf729617d96cf627c2abf9ee445a7f730dbdfe775
kubernetes.audit,40b65973-8c20-4db0-91ee-fd0cb4d3a2cf:ResponseComplete,2026-08-06T03:15:32.821545Z,2026-08-06T03:15:32.822926Z,kubernetes-admin,eacp-k8s-eval/eacp-demo,operational_provenance,kubernetes-rbac-admission,get,200,kubernetes-audit://40b65973-8c20-4db0-91ee-fd0cb4d3a2cf,eacp-round-03,8ddc2bf00725af2575abbf016e35d2158bcd23075192bf89a828edb110fe1f6f
kubernetes.audit,2d0c56a2-dd81-4cc5-add7-65ce9675ddc0:ResponseComplete,2026-08-06T03:15:32.858579Z,2026-08-06T03:15:32.861103Z,kubernetes-admin,eacp-k8s-eval/eacp-r03-cm014,operational_provenance,kubernetes-rbac-admission,create,201,kubernetes-audit://2d0c56a2-dd81-4cc5-add7-65ce9675ddc0,k8s://eacp-k8s-eval/configmaps/eacp-r03-cm014,8bd32a73e85238d94c08cbc863d8ecd75fc051e7dc38c360b6bddb6d3c6f8ac2
kubernetes.audit,9abd7800-2ac7-48de-be7e-cc529df5d7e6:ResponseComplete,2026-08-06T03:15:32.905307Z,2026-08-06T03:15:32.907116Z,kubernetes-admin,eacp-k8s-eval/eacp-r03-cm014,operational_provenance,kubernetes-rbac-admission,get,200,kubernetes-audit://9abd7800-2ac7-48de-be7e-cc529df5d7e6,k8s://eacp-k8s-eval/configmaps/eacp-r03-cm014,6d193abe3a3c3466e014595fa6901fb8cfed1a3da2b01628917b66966a90dd2d
kubernetes.audit,e29051c2-2a07-4f7f-9f69-21c5c53d5df7:ResponseComplete,2026-08-06T03:15:32.908290Z,2026-08-06T03:15:32.910974Z,kubernetes-admin,eacp-k8s-eval/eacp-demo,operational_provenance,kubernetes-rbac-admission,patch,200,kubernetes-audit://e29051c2-2a07-4f7f-9f69-21c5c53d5df7,eacp-round-03,841b2d7bc7eed1bb464b2df7aec3c2adfeaa22fe6ca54434fb84c5b9e6ff4e26
kubernetes.audit,ee4bb578-f6c7-4b51-b2f0-9e9b25f1cb0b:ResponseComplete,2026-08-06T03:15:32.948738Z,2026-08-06T03:15:32.950276Z,kubernetes-admin,eacp-k8s-eval/eacp-demo,operational_provenance,kubernetes-rbac-admission,get,200,kubernetes-audit://ee4bb578-f6c7-4b51-b2f0-9e9b25f1cb0b,eacp-round-03,c7256a7d47451a81f3423631f6aed5d9f751a5187c6b1e6d86d5e0317e7ec877
kubernetes.audit,6bd44ccb-f730-4b82-ae0a-2b1ced685d9d:ResponseComplete,2026-08-06T03:15:32.986334Z,2026-08-06T03:15:32.989885Z,kubernetes-admin,eacp-k8s-eval/eacp-r03-cm015,operational_provenance,kubernetes-rbac-admission,create,201,kubernetes-audit://6bd44ccb-f730-4b82-ae0a-2b1ced685d9d,k8s://eacp-k8s-eval/configmaps/eacp-r03-cm015,1f92b813ccd99189ee62e49d6bf37bef36f5d0f831b2eefe0246656d9833671d
kubernetes.audit,c2c70fd7-a8d2-4f4e-b1b9-24a956f56777:ResponseComplete,2026-08-06T03:15:33.026949Z,2026-08-06T03:15:33.028388Z,kubernetes-admin,eacp-k8s-eval/eacp-r03-cm015,operational_provenance,kubernetes-rbac-admission,get,200,kubernetes-audit://c2c70fd7-a8d2-4f4e-b1b9-24a956f56777,k8s://eacp-k8s-eval/configmaps/eacp-r03-cm015,23e9c5c9f4c915519d1fbbceb7515a26f387836d37afd3a8e9d231c483e930ff
kubernetes.audit,de6e9f6f-1c07-4106-bebd-af92c0b4204f:ResponseComplete,2026-08-06T03:15:33.029647Z,2026-08-06T03:15:33.032016Z,kubernetes-admin,eacp-k8s-eval/eacp-demo,operational_provenance,kubernetes-rbac-admission,patch,200,kubernetes-audit://de6e9f6f-1c07-4106-bebd-af92c0b4204f,eacp-round-03,7bb24d1fe0ea47d54c5f2c176dbe3f9afac7e3a665fd3c7829d0a2b01d65a727
kubernetes.audit,de21f83b-657c-4808-aa41-7dc2a0af75ee:ResponseComplete,2026-08-06T03:15:33.067340Z,2026-08-06T03:15:33.068985Z,kubernetes-admin,eacp-k8s-eval/eacp-demo,operational_provenance,kubernetes-rbac-admission,get,200,kubernetes-audit://de21f83b-657c-4808-aa41-7dc2a0af75ee,eacp-round-03,1f95321d08cfabc896d1a78aeb674b3362fc58f93efed5ad78755c02f7ab5310
kubernetes.audit,10766077-a076-4f97-a74d-c5bd0e2e014d:ResponseComplete,2026-08-06T03:15:33.104929Z,2026-08-06T03:15:33.107162Z,kubernetes-admin,eacp-k8s-eval/eacp-r03-cm016,operational_provenance,kubernetes-rbac-admission,create,201,kubernetes-audit://10766077-a076-4f97-a74d-c5bd0e2e014d,k8s://eacp-k8s-eval/configmaps/eacp-r03-cm016,12f059f63e4f89afc24118d97febfe21ff7fec9b7a8e7f8819ca6159c4eda92c
kubernetes.audit,f88f23d4-2caa-4799-92aa-855dbdd89b88:ResponseComplete,2026-08-06T03:15:33.143953Z,2026-08-06T03:15:33.145364Z,kubernetes-admin,eacp-k8s-eval/eacp-r03-cm016,operational_provenance,kubernetes-rbac-admission,get,200,kubernetes-audit://f88f23d4-2caa-4799-92aa-855dbdd89b88,k8s://eacp-k8s-eval/configmaps/eacp-r03-cm016,47b8c638843054d0f49edf7dbc51f714fec9bbbd755e2f71b7ddc228597f1060
kubernetes.audit,31d987cc-a20d-452b-a4b2-f08a3a8c273f:ResponseComplete,2026-08-06T03:15:33.146558Z,2026-08-06T03:15:33.148727Z,kubernetes-admin,eacp-k8s-eval/eacp-demo,operational_provenance,kubernetes-rbac-admission,patch,200,kubernetes-audit://31d987cc-a20d-452b-a4b2-f08a3a8c273f,eacp-round-03,af06173813303778ce28b92b1f5218b4ce5609ca032844b2204d2d497783008a
kubernetes.audit,c4a5667b-45c4-4234-a66b-1754bc188a34:ResponseComplete,2026-08-06T03:15:33.186009Z,2026-08-06T03:15:33.188332Z,kubernetes-admin,eacp-k8s-eval/eacp-demo,operational_provenance,kubernetes-rbac-admission,get,200,kubernetes-audit://c4a5667b-45c4-4234-a66b-1754bc188a34,eacp-round-03,b1b21a3f828abd7176b079e6d1ce342d04865336304e45c30ec7a92ef38290b6
kubernetes.audit,035d8ede-1fed-4fa1-a7fb-a559127462fc:ResponseComplete,2026-08-06T03:15:33.225336Z,2026-08-06T03:15:33.228427Z,kubernetes-admin,eacp-k8s-eval/eacp-r03-cm017,operational_provenance,kubernetes-rbac-admission,create,201,kubernetes-audit://035d8ede-1fed-4fa1-a7fb-a559127462fc,k8s://eacp-k8s-eval/configmaps/eacp-r03-cm017,e53ec4e75c2f183053c7e6786b79bc9c50f5e6f30241d6cec229413920ff0982
kubernetes.audit,3a6ab74a-be43-4d7d-b1ce-f6270b7f6ca8:ResponseComplete,2026-08-06T03:15:33.264360Z,2026-08-06T03:15:33.265246Z,kubernetes-admin,eacp-k8s-eval/eacp-r03-cm017,operational_provenance,kubernetes-rbac-admission,get,200,kubernetes-audit://3a6ab74a-be43-4d7d-b1ce-f6270b7f6ca8,k8s://eacp-k8s-eval/configmaps/eacp-r03-cm017,1225894f2d8db92c86415ce3aaa108049770868dc7a06ab80a187dcfb9a633f1
kubernetes.audit,7f2109ac-7306-4b37-9183-99bfc8f39069:ResponseComplete,2026-08-06T03:15:33.266093Z,2026-08-06T03:15:33.267722Z,kubernetes-admin,eacp-k8s-eval/eacp-demo,operational_provenance,kubernetes-rbac-admission,patch,200,kubernetes-audit://7f2109ac-7306-4b37-9183-99bfc8f39069,eacp-round-03,6d3dd825fd553ebb961416a775e3ff770e49ce550739a058986b9bc9289dd8be
kubernetes.audit,dff2e785-82a9-4bde-9637-a994776d8cad:ResponseComplete,2026-08-06T03:15:33.304617Z,2026-08-06T03:15:33.306163Z,kubernetes-admin,eacp-k8s-eval/eacp-demo,operational_provenance,kubernetes-rbac-admission,get,200,kubernetes-audit://dff2e785-82a9-4bde-9637-a994776d8cad,eacp-round-03,62cb10c42412c47de4977026575a80b3704ae3fe6d73954b734ea72bd11d55a3
kubernetes.audit,aeb462e2-1a1a-467c-9056-5f0fc33a6048:ResponseComplete,2026-08-06T03:15:33.341428Z,2026-08-06T03:15:33.344123Z,kubernetes-admin,eacp-k8s-eval/eacp-r03-cm018,operational_provenance,kubernetes-rbac-admission,create,201,kubernetes-audit://aeb462e2-1a1a-467c-9056-5f0fc33a6048,k8s://eacp-k8s-eval/configmaps/eacp-r03-cm018,5e0add6fd95e794b290a3957929670ae63d1bbacaa489d3830503714ca260ce3
kubernetes.audit,00d5c16d-b79b-4c63-9912-da351f8d38be:ResponseComplete,2026-08-06T03:15:33.379435Z,2026-08-06T03:15:33.381583Z,kubernetes-admin,eacp-k8s-eval/eacp-r03-cm018,operational_provenance,kubernetes-rbac-admission,get,200,kubernetes-audit://00d5c16d-b79b-4c63-9912-da351f8d38be,k8s://eacp-k8s-eval/configmaps/eacp-r03-cm018,7351136d7c0d78b21534b7ed1de1fce64f920372c8aa6d02a81e1dbd93b3a6ae
kubernetes.audit,e6298106-430e-4d1c-a66a-9ef64d7a0765:ResponseComplete,2026-08-06T03:15:33.383429Z,2026-08-06T03:15:33.384775Z,kubernetes-admin,eacp-k8s-eval/eacp-demo,operational_provenance,kubernetes-rbac-admission,patch,200,kubernetes-audit://e6298106-430e-4d1c-a66a-9ef64d7a0765,eacp-round-03,07256ced5ada0485df2e683120a0024664915dc9c5e51606e9e26f55e4ab8f4e
kubernetes.audit,bb72e0c9-1046-4bd4-8db7-2ec06dad9f29:ResponseComplete,2026-08-06T03:15:33.420178Z,2026-08-06T03:15:33.421723Z,kubernetes-admin,eacp-k8s-eval/eacp-demo,operational_provenance,kubernetes-rbac-admission,get,200,kubernetes-audit://bb72e0c9-1046-4bd4-8db7-2ec06dad9f29,eacp-round-03,0fd726ca87647d6025460145e788d4dd32938ab29d36fa55839747b7eb02d221
kubernetes.audit,486bc911-1f9d-4f4a-a8d5-2700208b9f21:ResponseComplete,2026-08-06T03:15:33.457362Z,2026-08-06T03:15:33.460531Z,kubernetes-admin,eacp-k8s-eval/eacp-r03-cm019,operational_provenance,kubernetes-rbac-admission,create,201,kubernetes-audit://486bc911-1f9d-4f4a-a8d5-2700208b9f21,k8s://eacp-k8s-eval/configmaps/eacp-r03-cm019,78199147444c9568e14e79dfc2592136484eccce4008f71a6bba36905b2e9b67
kubernetes.audit,a8a2b4c6-107b-438c-9aa5-7a54d4ece0ef:ResponseComplete,2026-08-06T03:15:33.500756Z,2026-08-06T03:15:33.502043Z,kubernetes-admin,eacp-k8s-eval/eacp-r03-cm019,operational_provenance,kubernetes-rbac-admission,get,200,kubernetes-audit://a8a2b4c6-107b-438c-9aa5-7a54d4ece0ef,k8s://eacp-k8s-eval/configmaps/eacp-r03-cm019,392731ad8d93b553beb24d8db3903ce05ded038c6b87c73cade999d814d1f305
kubernetes.audit,7986e2d6-ccc4-4ab7-b674-a60a22e478c5:ResponseComplete,2026-08-06T03:15:33.503160Z,2026-08-06T03:15:33.504569Z,kubernetes-admin,eacp-k8s-eval/eacp-demo,operational_provenance,kubernetes-rbac-admission,patch,200,kubernetes-audit://7986e2d6-ccc4-4ab7-b674-a60a22e478c5,eacp-round-03,8158b4cd28c7505dbb963e7ab62678efe82de56af3378047de279dd3c4bc735f
kubernetes.audit,fcf35205-1a18-4bb2-a2f6-06dd4288acdb:ResponseComplete,2026-08-06T03:15:33.548728Z,2026-08-06T03:15:33.550457Z,kubernetes-admin,eacp-k8s-eval/eacp-demo,operational_provenance,kubernetes-rbac-admission,get,200,kubernetes-audit://fcf35205-1a18-4bb2-a2f6-06dd4288acdb,eacp-round-03,7a55fa10b530fa666e6c2545dd9b90fea7200c111c88e2200d5ee3be17e0e8ae
kubernetes.audit,19f7a396-b7b6-4f1a-b953-c91d2966877a:ResponseComplete,2026-08-06T03:15:33.605219Z,2026-08-06T03:15:33.608282Z,kubernetes-admin,eacp-k8s-eval/eacp-r03-cm020,operational_provenance,kubernetes-rbac-admission,create,201,kubernetes-audit://19f7a396-b7b6-4f1a-b953-c91d2966877a,k8s://eacp-k8s-eval/configmaps/eacp-r03-cm020,9be0249031ae08cf7bb2c5ee257d12d052da284d6492091bf8d915eedc817257
kubernetes.audit,c76e5e81-94a6-4674-9216-b2a395599b72:ResponseComplete,2026-08-06T03:15:33.656958Z,2026-08-06T03:15:33.658789Z,kubernetes-admin,eacp-k8s-eval/eacp-r03-cm020,operational_provenance,kubernetes-rbac-admission,get,200,kubernetes-audit://c76e5e81-94a6-4674-9216-b2a395599b72,k8s://eacp-k8s-eval/configmaps/eacp-r03-cm020,2e6697a07c0fb3c3c6429805b3818fa9c56bcc76603f054d0efe499a1b978197
kubernetes.audit,82bd9a8a-fab6-4a89-b57e-a0c876052d07:ResponseComplete,2026-08-06T03:15:33.661172Z,2026-08-06T03:15:33.663221Z,kubernetes-admin,eacp-k8s-eval/eacp-demo,operational_provenance,kubernetes-rbac-admission,patch,200,kubernetes-audit://82bd9a8a-fab6-4a89-b57e-a0c876052d07,eacp-round-03,3e0878bac7933ee5d4fd85e39bd0d70e8f09510b36469f9af728844158f66450
kubernetes.audit,4b9d0931-0c83-442d-b157-dde3a478a7d0:ResponseComplete,2026-08-06T03:15:33.695167Z,2026-08-06T03:15:33.696083Z,kubernetes-admin,eacp-k8s-eval/eacp-demo,operational_provenance,kubernetes-rbac-admission,get,200,kubernetes-audit://4b9d0931-0c83-442d-b157-dde3a478a7d0,eacp-round-03,570959e921b524ed2f4bb1dbc95c1d92c843edf7a36074600fc856de6c6acb85
kubernetes.audit,34f4a06b-723b-4d19-bf7c-2e7357ccd560:ResponseComplete,2026-08-06T03:15:33.732960Z,2026-08-06T03:15:33.734311Z,kubernetes-admin,eacp-k8s-eval/configmaps,operational_provenance,kubernetes-rbac-admission,list,200,kubernetes-audit://34f4a06b-723b-4d19-bf7c-2e7357ccd560,k8s://eacp-k8s-eval/configmaps/configmaps,6c2a365d597563fc0f370f625f27e1a0fb4402c81b3f21795c1d4926debfca6a
kubernetes.audit,d328b67a-f2c0-457e-a975-d37038637f83:ResponseComplete,2026-08-06T03:15:33.774511Z,2026-08-06T03:15:33.775742Z,kubernetes-admin,eacp-k8s-eval/configmaps,operational_provenance,kubernetes-rbac-admission,list,200,kubernetes-audit://d328b67a-f2c0-457e-a975-d37038637f83,k8s://eacp-k8s-eval/configmaps/configmaps,cac4029e8b1aba2d55099e5b4f103b0e61c861f2b4bbabedbfb1f0182cc216e2
kubernetes.audit,81e4567c-6106-44de-9343-9ffe3e9470f2:ResponseComplete,2026-08-06T03:15:33.815743Z,2026-08-06T03:15:33.817041Z,kubernetes-admin,eacp-k8s-eval/configmaps,operational_provenance,kubernetes-rbac-admission,list,200,kubernetes-audit://81e4567c-6106-44de-9343-9ffe3e9470f2,k8s://eacp-k8s-eval/configmaps/configmaps,092768e538396fd318f8df50440a7f45cb0e67a96649b361d139c1bf54397e17
kubernetes.audit,360c3ceb-96c7-4e34-b40a-fb24f3b8a3f0:ResponseComplete,2026-08-06T03:15:33.859005Z,2026-08-06T03:15:33.862009Z,kubernetes-admin,eacp-k8s-eval/configmaps,operational_provenance,kubernetes-rbac-admission,list,200,kubernetes-audit://360c3ceb-96c7-4e34-b40a-fb24f3b8a3f0,k8s://eacp-k8s-eval/configmaps/configmaps,750041f70c4c3116db11243d4189188ed992a83abefc2a018e63587406e22ed2
kubernetes.audit,fd3a00d5-2872-4f7e-a841-3772b4cbdd39:ResponseComplete,2026-08-06T03:15:33.902433Z,2026-08-06T03:15:33.904899Z,kubernetes-admin,eacp-k8s-eval/configmaps,operational_provenance,kubernetes-rbac-admission,list,200,kubernetes-audit://fd3a00d5-2872-4f7e-a841-3772b4cbdd39,k8s://eacp-k8s-eval/configmaps/configmaps,25d2b2d04e9a01003203a9c9def08e52a75a5218b57ffc57f25a17793bfde8e3
kubernetes.audit,ec8d6650-4bd7-45b8-91b4-c21f3d364076:ResponseComplete,2026-08-06T03:15:33.948071Z,2026-08-06T03:15:33.950327Z,kubernetes-admin,eacp-k8s-eval/configmaps,operational_provenance,kubernetes-rbac-admission,list,200,kubernetes-audit://ec8d6650-4bd7-45b8-91b4-c21f3d364076,k8s://eacp-k8s-eval/configmaps/configmaps,027170ce5665b13272bdf971ddc9d1311fd814d4b25321937585a45e3e5da767
kubernetes.audit,dea6810b-4fea-41f6-b00a-3e2a0053c554:ResponseComplete,2026-08-06T03:15:33.990140Z,2026-08-06T03:15:33.992820Z,kubernetes-admin,eacp-k8s-eval/configmaps,operational_provenance,kubernetes-rbac-admission,list,200,kubernetes-audit://dea6810b-4fea-41f6-b00a-3e2a0053c554,k8s://eacp-k8s-eval/configmaps/configmaps,bd3e34cafe872a1102c9c0467ef7fd1f977b7ed99f9de87564358b60988cb1b6
kubernetes.audit,c0659faa-ff02-41a1-84dc-b7c6b21636f2:ResponseComplete,2026-08-06T03:15:34.034009Z,2026-08-06T03:15:34.036909Z,kubernetes-admin,eacp-k8s-eval/configmaps,operational_provenance,kubernetes-rbac-admission,list,200,kubernetes-audit://c0659faa-ff02-41a1-84dc-b7c6b21636f2,k8s://eacp-k8s-eval/configmaps/configmaps,f6a4fdc275875895d7ad144d70a196c314ba5210efe1d1fe97169d6cf0fdb74e
kubernetes.audit,338ab8f0-3280-460c-a185-2142f88cbf90:ResponseComplete,2026-08-06T03:15:34.078763Z,2026-08-06T03:15:34.081344Z,kubernetes-admin,eacp-k8s-eval/configmaps,operational_provenance,kubernetes-rbac-admission,list,200,kubernetes-audit://338ab8f0-3280-460c-a185-2142f88cbf90,k8s://eacp-k8s-eval/configmaps/configmaps,89f99920b56e8b72656f2680fa27ac5a6d42634b5ed7c8dfd9c0391b4c0ca715
kubernetes.audit,1d4ce3fd-418c-4950-8173-9d42ead00694:ResponseComplete,2026-08-06T03:15:34.122478Z,2026-08-06T03:15:34.125172Z,kubernetes-admin,eacp-k8s-eval/configmaps,operational_provenance,kubernetes-rbac-admission,list,200,kubernetes-audit://1d4ce3fd-418c-4950-8173-9d42ead00694,k8s://eacp-k8s-eval/configmaps/configmaps,4f377a1c0af7576647b4f09b991523bf28585399f290d2b4a49d72e899b5025a
kubernetes.audit,6e1e46b6-7f28-4a43-b73f-63d78a694017:ResponseComplete,2026-08-06T03:15:34.164667Z,2026-08-06T03:15:34.165358Z,system:serviceaccount:eacp-k8s-eval:eacp-observer,eacp-k8s-eval/eacp-demo,operational_provenance,kubernetes-rbac-admission,get,403:Forbidden,kubernetes-audit://6e1e46b6-7f28-4a43-b73f-63d78a694017,k8s://eacp-k8s-eval/deployments/eacp-demo,9c2c9e9c0b2bd1fe89dde4dc7012e3e5befc6232ce13f0159d0f22f285ab21dd
kubernetes.audit,c39ae103-f941-4adf-b0cf-5a0c2c403c2a:ResponseComplete,2026-08-06T03:15:34.204309Z,2026-08-06T03:15:34.207425Z,kubernetes-admin,eacp-k8s-eval/eacp-r03-cm001,operational_provenance,kubernetes-rbac-admission,delete,200:Success,kubernetes-audit://c39ae103-f941-4adf-b0cf-5a0c2c403c2a,k8s://eacp-k8s-eval/configmaps/eacp-r03-cm001,3e04ed4c5da77880a5b33210ce96a44080833f5bde9ad1eb8009fc25391ed1e3
kubernetes.audit,b9408706-20dc-465e-9455-66144c512d6f:ResponseComplete,2026-08-06T03:15:34.208265Z,2026-08-06T03:15:34.208948Z,kubernetes-admin,eacp-k8s-eval/eacp-r03-cm001,operational_provenance,kubernetes-rbac-admission,get,404:NotFound,kubernetes-audit://b9408706-20dc-465e-9455-66144c512d6f,k8s://eacp-k8s-eval/configmaps/eacp-r03-cm001,3942c8a24347beccf87d757a2c33afa044d0b68810c6d698659faebbc1ffe1fb
kubernetes.audit,112c3453-4e2e-47aa-9007-300be054206d:ResponseComplete,2026-08-06T03:15:34.245042Z,2026-08-06T03:15:34.247113Z,kubernetes-admin,eacp-k8s-eval/eacp-r03-cm002,operational_provenance,kubernetes-rbac-admission,delete,200:Success,kubernetes-audit://112c3453-4e2e-47aa-9007-300be054206d,k8s://eacp-k8s-eval/configmaps/eacp-r03-cm002,ee8332655f43537fa65afbd2767add50344b2b860dbb74c79ae94668af44b5d8
kubernetes.audit,c1bed0c4-d568-4b2f-b6a5-a25aeda03aae:ResponseComplete,2026-08-06T03:15:34.247918Z,2026-08-06T03:15:34.248373Z,kubernetes-admin,eacp-k8s-eval/eacp-r03-cm002,operational_provenance,kubernetes-rbac-admission,get,404:NotFound,kubernetes-audit://c1bed0c4-d568-4b2f-b6a5-a25aeda03aae,k8s://eacp-k8s-eval/configmaps/eacp-r03-cm002,1af61d9412a71866530a48ad76c2efae8ba5fe1df6782369d6ab58b8bab5271f
kubernetes.audit,bebee2b6-0c27-44ec-bf4c-c3fada5ad6b8:ResponseComplete,2026-08-06T03:15:34.287400Z,2026-08-06T03:15:34.290194Z,kubernetes-admin,eacp-k8s-eval/eacp-r03-cm003,operational_provenance,kubernetes-rbac-admission,delete,200:Success,kubernetes-audit://bebee2b6-0c27-44ec-bf4c-c3fada5ad6b8,k8s://eacp-k8s-eval/configmaps/eacp-r03-cm003,db339cc34c70cd38b173784b7a27055b346a60a88dd2c8fca3f8e846ff4726cf
kubernetes.audit,5236b320-140f-493d-a193-dccb3f9b8478:ResponseComplete,2026-08-06T03:15:34.291825Z,2026-08-06T03:15:34.292468Z,kubernetes-admin,eacp-k8s-eval/eacp-r03-cm003,operational_provenance,kubernetes-rbac-admission,get,404:NotFound,kubernetes-audit://5236b320-140f-493d-a193-dccb3f9b8478,k8s://eacp-k8s-eval/configmaps/eacp-r03-cm003,29032cbafa2d2fef389c14095171183c526ee3e6ce360129d8f904c7a1468dd2
kubernetes.audit,bd3765ff-8a98-4234-9745-47238de3eb5e:ResponseComplete,2026-08-06T03:15:34.327335Z,2026-08-06T03:15:34.330082Z,kubernetes-admin,eacp-k8s-eval/eacp-r03-cm004,operational_provenance,kubernetes-rbac-admission,delete,200:Success,kubernetes-audit://bd3765ff-8a98-4234-9745-47238de3eb5e,k8s://eacp-k8s-eval/configmaps/eacp-r03-cm004,58a7ea6154cacc1570371b2a5e3b08bc3f78b3f2293c67c895af278a1fea4c32
kubernetes.audit,ba2af61f-ebf0-482e-949f-99c0a9998364:ResponseComplete,2026-08-06T03:15:34.331189Z,2026-08-06T03:15:34.332569Z,kubernetes-admin,eacp-k8s-eval/eacp-r03-cm004,operational_provenance,kubernetes-rbac-admission,get,404:NotFound,kubernetes-audit://ba2af61f-ebf0-482e-949f-99c0a9998364,k8s://eacp-k8s-eval/configmaps/eacp-r03-cm004,4215e65a9b03097fb0b65e4b23639fbfad4c9d843ac3e1b1896147f9bd6ce340
kubernetes.audit,889f3bbd-53af-46c4-a606-f6243620f7db:ResponseComplete,2026-08-06T03:15:34.376482Z,2026-08-06T03:15:34.378836Z,kubernetes-admin,eacp-k8s-eval/pods,operational_provenance,kubernetes-rbac-admission,list,200,kubernetes-audit://889f3bbd-53af-46c4-a606-f6243620f7db,k8s://eacp-k8s-eval/pods/pods,737665ba999d493a3d9244a7453bec14cd7e1ecdd1bdcbe1f051b753d6bfcf79
kubernetes.audit,9dccec6a-fb35-4200-855f-fb82b06bcfcb:ResponseComplete,2026-08-06T03:15:34.380455Z,2026-08-06T03:15:34.382433Z,kubernetes-admin,eacp-k8s-eval/replicationcontrollers,operational_provenance,kubernetes-rbac-admission,list,200,kubernetes-audit://9dccec6a-fb35-4200-855f-fb82b06bcfcb,k8s://eacp-k8s-eval/replicationcontrollers/replicationcontrollers,51900621bc3d43c5129fe7c6fa87f07c9c49e5306c6247b40409e69e1f1e39c3
kubernetes.audit,edb60b18-86e9-421e-9cf3-f0bdd6929ee7:ResponseComplete,2026-08-06T03:15:34.383930Z,2026-08-06T03:15:34.384836Z,kubernetes-admin,eacp-k8s-eval/services,operational_provenance,kubernetes-rbac-admission,list,200,kubernetes-audit://edb60b18-86e9-421e-9cf3-f0bdd6929ee7,k8s://eacp-k8s-eval/services/services,e618afafd863a28f940ab3b8b69be7c7bf4e31aec9a41876442a5c244338a336
kubernetes.audit,aafd5d77-8a30-47d9-9d0a-bb34bf94583b:ResponseComplete,2026-08-06T03:15:34.385437Z,2026-08-06T03:15:34.386158Z,kubernetes-admin,eacp-k8s-eval/daemonsets,operational_provenance,kubernetes-rbac-admission,list,200,kubernetes-audit://aafd5d77-8a30-47d9-9d0a-bb34bf94583b,k8s://eacp-k8s-eval/daemonsets/daemonsets,58bcc7d7593d921407bdf3456de904a9a9ad2f6e724dadb26c30bb5dce2f3eef
kubernetes.audit,ddd8e881-e91d-466e-8bfa-aa5b5426f6cb:ResponseComplete,2026-08-06T03:15:34.386782Z,2026-08-06T03:15:34.387609Z,kubernetes-admin,eacp-k8s-eval/deployments,operational_provenance,kubernetes-rbac-admission,list,200,kubernetes-audit://ddd8e881-e91d-466e-8bfa-aa5b5426f6cb,k8s://eacp-k8s-eval/deployments/deployments,03d64f0aece1ced0844ee106104f5b8697b530124ae41da89596e7b759598b54
kubernetes.audit,96052d91-6e3c-4515-bc52-aac83a940d5f:ResponseComplete,2026-08-06T03:15:34.388393Z,2026-08-06T03:15:34.389160Z,kubernetes-admin,eacp-k8s-eval/replicasets,operational_provenance,kubernetes-rbac-admission,list,200,kubernetes-audit://96052d91-6e3c-4515-bc52-aac83a940d5f,k8s://eacp-k8s-eval/replicasets/replicasets,2e8ff2e653b0f1e345ddcc47c79a906601d301fd94504e832e1c5a60b2205fcf
kubernetes.audit,27eee8ec-50b1-4751-87dc-8314d4819e42:ResponseComplete,2026-08-06T03:15:34.389787Z,2026-08-06T03:15:34.390367Z,kubernetes-admin,eacp-k8s-eval/statefulsets,operational_provenance,kubernetes-rbac-admission,list,200,kubernetes-audit://27eee8ec-50b1-4751-87dc-8314d4819e42,k8s://eacp-k8s-eval/statefulsets/statefulsets,12af5122e3c4ccfd2de51992f9931be667d99beb10610f8bbc5ebc8090c01daf
kubernetes.audit,2277aa93-12ab-4ad3-bdb6-8867b2324319:ResponseComplete,2026-08-06T03:15:34.390839Z,2026-08-06T03:15:34.391381Z,kubernetes-admin,eacp-k8s-eval/horizontalpodautoscalers,operational_provenance,kubernetes-rbac-admission,list,200,kubernetes-audit://2277aa93-12ab-4ad3-bdb6-8867b2324319,k8s://eacp-k8s-eval/horizontalpodautoscalers/horizontalpodautoscalers,0d46bb619fa930936593c5fcdf025e0f13c4a6c860919b4f361f168c896276f1
kubernetes.audit,cb852799-070b-4453-bd12-f037c6383130:ResponseComplete,2026-08-06T03:15:34.392056Z,2026-08-06T03:15:34.392592Z,kubernetes-admin,eacp-k8s-eval/cronjobs,operational_provenance,kubernetes-rbac-admission,list,200,kubernetes-audit://cb852799-070b-4453-bd12-f037c6383130,k8s://eacp-k8s-eval/cronjobs/cronjobs,102769f4a5695fc21c457a9214855f6a9d12854992527f0754d26bbff84af32b
kubernetes.audit,4fc689c6-f0a8-4dc9-9406-ec79dcd442b2:ResponseComplete,2026-08-06T03:15:34.393046Z,2026-08-06T03:15:34.393648Z,kubernetes-admin,eacp-k8s-eval/jobs,operational_provenance,kubernetes-rbac-admission,list,200,kubernetes-audit://4fc689c6-f0a8-4dc9-9406-ec79dcd442b2,k8s://eacp-k8s-eval/jobs/jobs,d3c990350d45fbb01a09cebcd42919a115e55f1244c92dff1558a5e4490ce3ba
kubernetes.audit,e6409265-03fb-4e0c-b0a4-1cadd7a99935:ResponseComplete,2026-08-06T03:15:34.394167Z,2026-08-06T03:15:34.395088Z,kubernetes-admin,eacp-k8s-eval/configmaps,operational_provenance,kubernetes-rbac-admission,list,200,kubernetes-audit://e6409265-03fb-4e0c-b0a4-1cadd7a99935,k8s://eacp-k8s-eval/configmaps/configmaps,7cbeb58b5e7505e85c10baa52d2602eb8d3887ce116a673b780ab00e9e97e852
kubernetes.audit,bfe9728f-d385-4c91-9f97-42831ca4dc17:ResponseComplete,2026-08-06T03:15:34.397864Z,2026-08-06T03:15:34.398606Z,kubernetes-admin,eacp-k8s-eval/serviceaccounts,operational_provenance,kubernetes-rbac-admission,list,200,kubernetes-audit://bfe9728f-d385-4c91-9f97-42831ca4dc17,k8s://eacp-k8s-eval/serviceaccounts/serviceaccounts,89d9a1b052fb3a8ddc85e51957a8cbe43a324b7ed885817ae31f8684e9d8b215
kubernetes.audit,42ff2e0e-62c5-4e37-baa8-c94f6d5f59bb:ResponseComplete,2026-08-06T03:15:34.399327Z,2026-08-06T03:15:34.399925Z,kubernetes-admin,eacp-k8s-eval/roles,operational_provenance,kubernetes-rbac-admission,list,200,kubernetes-audit://42ff2e0e-62c5-4e37-baa8-c94f6d5f59bb,k8s://eacp-k8s-eval/roles/roles,75e401201c26a73154173cc6395e9ac43f27b11b3e7ce19762edb3bbd656ad20
kubernetes.audit,ace70370-e727-423b-9fed-92defcfe86c7:ResponseComplete,2026-08-06T03:15:34.400459Z,2026-08-06T03:15:34.400995Z,kubernetes-admin,eacp-k8s-eval/rolebindings,operational_provenance,kubernetes-rbac-admission,list,200,kubernetes-audit://ace70370-e727-423b-9fed-92defcfe86c7,k8s://eacp-k8s-eval/rolebindings/rolebindings,c1f750ef20fa2a55ec00f716ec4b6a06f9a104273734e85a97b200a58f6a74ff
kubernetes.audit,17d07dcb-6fb4-43d4-83a6-8ea03f95bca0:ResponseComplete,2026-08-06T03:15:34.437350Z,2026-08-06T03:15:34.438553Z,kubernetes-admin,eacp-k8s-eval/events,operational_provenance,kubernetes-rbac-admission,list,200,kubernetes-audit://17d07dcb-6fb4-43d4-83a6-8ea03f95bca0,k8s://eacp-k8s-eval/events/events,a0113acb9ec3c454acbe633f8a6f6735bd0aa373e4591654e2cb5f133b7cf48b
